X,M,Y
-0.8408554807862985,0.7131666224974333,1.1127846364688756
1.3843593434785844,0.7226173680862742,0.633123413603496
-1.2554918626276665,-1.151398698640424,-0.3306574193327936
0.07014276642732681,-0.786267853563785,0.7382845977674275
1.7114408727023733,0.38112552788605414,0.3129246195661076
-0.6029079814546668,-2.2004622620880347,-1.4650001438198004
-0.47216638516694515,0.052048744067367425,-0.10444284996658781
-0.6353713125242828,0.25169371764920967,-0.12513235364040198
-0.2857736348661536,0.4385603247371005,-0.05293404232694504
0.13810822480392254,0.29557399352074337,2.4808137500413094
1.2276303438534604,-0.24514865974046418,-0.33883187374577667
-0.801779454652824,1.4782105192393913,0.956556245025529
-1.08039260002739,0.5575237904474577,1.7535671579862286
-0.15753435610688235,-0.43316504720829474,1.4527045298041759
-1.0717600398779163,-2.0118733654457963,-3.4825990009985266
-0.13898614054984557,0.8904885359899923,2.508076403936613
-0.5973130947129255,-0.34027915722925306,-1.4465989140966693
-2.183966760091585,-1.7119501428516728,-1.3080074947224947
0.2408172559366951,-0.050368355162548034,0.9919895268390597
-0.2593554067342505,0.18226124882695383,1.285683573031176
0.9005119453332515,0.12441903919598707,-0.516250265754551
0.9418693938677442,-0.9450943549868026,-1.7354149893373685
1.4679619034197025,0.7443802110917458,0.35588206442363596
0.706761089557912,0.32454002968238044,-0.322277635602002
0.8190089302621518,-0.5738643020787365,-1.037381392636393
-0.2934818487024517,1.6981256914427687,1.2423427847822146
1.4185890724859473,2.158410648080322,2.7164120329965384
1.4987738274064861,1.5087123902354393,0.8239911159487727
-0.6570820944856638,1.3289876863640995,0.5710384720242925
-0.8527954400020002,0.00719171871287938,0.3597196224580179
0.31591503836146695,0.7715008698668461,-0.04178038513167359
1.1096941676588559,1.7568362095654204,0.6999421798138437
2.2154605716780496,3.3618184084128346,6.173740343172499
1.2171036389573404,-0.11443660271519596,-0.3795606507714324
1.4792217866382742,1.978075927051264,1.9307219263529665
0.9515738324178583,1.038953428567981,-0.2605977481988435
-1.0095326459625655,-1.326165765058742,-0.587773185678948
-2.0004727386379537,-2.1745571566410984,-3.1770206730725725
-1.7621858724520585,-2.129890774301338,-0.7969155034621997
-0.14260812595506012,-0.17224698553143308,-1.471015818106269
1.5500603694831296,1.1422583039715963,-0.47677978273664134
-0.8024231817147718,-0.45374868982036487,-1.7426419350362472
-0.07457891988267132,0.09982167548365756,-0.2245262466475909
1.895667954722463,1.939396166994587,3.873212102120089
-0.4565689409204313,-0.1898329803959723,1.6867187899070295
0.5622233626430195,0.5075826776130374,0.222416787645295
-0.8870085115114271,-1.8725295838983487,-1.2554452405322756
-0.4602445761951784,-0.3102663721342765,-0.7559075177659925
-0.7243284860674709,0.06615282560640712,1.4272225742650284
-0.06921115583411094,-0.8801930887729094,-0.3890240632146989
1.463248562948678,1.1856580132995054,1.966942955330405
0.1877260974331355,0.20429704369698787,-0.4093020546352302
1.022022861330839,1.5925149225082653,1.6691246506976354
-0.5918348329510382,-0.5567100552895337,-0.9781895085126153
-0.11220065503613667,-0.28554541867753275,-1.675166278799207
-0.9249530858656833,0.2747108529504537,-1.226059575838299
0.7533047982955167,0.1651156124007529,-0.41446225469314946
-0.11260907020304896,-0.5308689004697202,-1.569229218846696
-0.06409092821979634,-2.649203493770444,-2.8157238729827494
0.23327529354576232,1.1923472079683513,0.5210750018710124
-1.1365828031484921,-1.3784807517389912,-0.14412077831740366
0.8548304231284563,2.299969921726759,2.9418907856160947
-0.5783704189618544,1.6974682201211582,2.2103053618734245
0.49636153903015234,1.942249350241793,2.2280025117673987
-0.7600579306117883,-2.2449305508164064,-3.450093475199982
-0.34138627039942937,0.8153899639916687,1.4682361872977114
-2.102329120477801,0.6530674415644331,0.2136617875951649
-0.3017022813688955,-1.1989834379630913,-2.617012471034836
-1.2723834421812037,-0.2399320638851523,1.066398861308101
-0.27966610980922907,-1.2649815260138078,-0.8531069242029095
-0.204097320819576,-1.4804700453801383,-0.6930144572366724
-0.22561418551735526,-1.0553789094810953,-0.7400313304977384
0.34702845202209903,-1.8624345259064123,-2.077705470688649
0.032367842597923274,1.0151863820718419,2.3017002180947017
0.41353128967179836,1.9174596700456081,3.004299829906656
-0.15534847662537868,-0.06967308176501466,0.1981174302156686
0.9734853924830474,0.939553794559442,0.7701592614315554
0.12109014277347835,-1.7399727529771254,-0.6279992797116598
0.18917369147745505,0.5481056264082647,0.02951490492838138
-0.5628850698259593,-1.1488772576798851,-0.7316466357622633
0.4984161650013313,0.5168050061752248,-0.4085725189503181
-1.7423024933630922,-2.256115203154045,-2.343015546242753
0.9755290972036871,-0.38726932047995744,-0.6141340454906032
-0.024082872736437083,-0.18916242705199393,-0.8644786324789071
0.6756844753140838,1.9630825787932031,1.6807133824763123
-0.7103096050533906,0.36455194279273817,0.2632179352922812
2.3872326463773925,2.542772046753182,2.052112319333395
-0.4734320121964634,0.5742370689991623,-0.6026738006911385
-0.07577255666677035,-0.4827780595570562,1.0071803937779729
-0.5218400564782831,-1.4572774154746457,-3.7447724054736637
0.926047134562351,0.8592396069331034,0.2769304779957664
-1.062411171614214,-1.0667610948932864,-0.7587999222124631
0.5570338662979593,0.12923658902578,-1.1205688150174182
0.9007305849121714,1.8383165234141003,2.507226444317377
0.989945683688183,-1.0700668117539927,-1.948226974384461
0.38360808757967807,-0.03945197649974164,2.092689700313154
-0.34658381369871805,-1.6156085475173185,-2.2283998040985704
-0.5401892500044193,-1.0654589777503487,-2.183515211733311
-0.1825555932667527,1.180857022167824,0.5590106822975429
-0.05929964999375658,-0.7446943913762044,0.3650080309905911
-1.995386967823838,-2.67960258088379,-2.336822663348186
1.1353112811709796,0.2776211817420099,0.7442129606929226
0.6757945657538259,1.2173864049167942,3.378217180034993
0.2084832631072733,-0.2976432357057466,2.002640782368415
-0.05784564208505434,-1.5114348501914736,-2.162573042526521
0.8938114141025937,1.9254917631234072,0.44835210698968364
-0.22886538077557095,0.5548886799216108,0.6996833175831885
-1.9656526496405424,-2.094259018225385,-4.422724074653333
-0.7535104458235683,1.3686721557178254,1.0059458319474959
1.2801516244401268,2.3568918764532416,2.430645362849488
-0.9529049597421625,-1.3702877835299363,-1.847207407815489
1.622379393009377,5.22592485306361,4.363130326610192
2.600142020122439,3.7733636895866365,4.443303624898768
0.13964850512195484,0.1912377752202444,-0.5083747967949964
-1.3507196731274846,-1.2324720908850497,-1.6942006070691662
0.7989310179479042,1.3317996579678444,0.23698628761120477
-1.554995840445265,-1.3109834783391254,-1.037128667505827
0.4637200567939945,-0.648641611998956,0.22291214126441472
0.05242956457319264,-0.6362696955881629,-0.3920081833029414
-0.20203180072054866,-0.37564281808876737,0.35840591104218505
1.1708564220070037,0.6056680421362268,0.48224034175912633
0.8848448555720362,1.0466738021359965,0.0923754577510939
-1.3178886038771727,1.361931369854108,1.2123627449849044
-1.6432509356050722,-1.633542018841522,-3.8797774159873497
1.0592503872461996,1.1686449106836783,0.9458164552637232
0.29008358138874385,-0.7907190327916815,-2.5784632910960976
-0.40003349889393613,-0.6213287069940727,0.2710205819463397
1.2430957780646816,-0.431740072114122,-1.683287823576809
-1.3664105180053774,-0.5442771508251854,1.8392350268629998
-1.4414133018132393,-1.214608078071589,-0.6538399173995345
1.3485490550277814,-0.8157434346717378,-0.7386927277284986
-1.9785283396939293,-2.567559272035601,-4.456554207942004
-1.2409505840470552,-2.8103876804019583,-3.1604656820622115
-0.10403912781006823,0.058166022462128694,-0.014295941744963445
0.7329729586434406,1.828431740876219,3.9617839265980175
0.45567962325983064,2.8717716690896657,2.545581870841838
0.2880795475429534,-2.099393786750762,-2.0714010377731085
-1.0736909106762709,-0.5936478791865336,0.46231787354463894
0.6487425394637047,0.35810861236823566,0.7547787549874218
0.29916227855054073,-0.4356561380039247,-1.5029898500674745
-0.7959949930363266,-1.5196006775451647,-1.925895452326849
-0.02935339715993393,-0.5130659019279218,-0.9412098564388449
2.180235701198325,2.3777299268636263,1.581781293106288
0.95741846863436,1.9432622388102971,2.871752774918574
-0.30504863488493716,-0.29757904472619257,-1.3921884560352351
-0.4184033388888725,-0.6362496102338313,0.4447466051144444
0.09995404900364403,-0.8134279130446733,-2.342047164586829
-0.22980961816177617,-0.1802277915394986,-0.32936663331201765
-1.4152148761828038,-1.3258705195092533,0.20967513841129004
-0.39259886230943886,-0.7829778091821953,-0.2628379665681341
0.9460885499495953,0.8053254700883089,-0.9885004131018783
0.751770872113376,1.144185130218495,1.8653391576945473
-0.5173768484890594,-0.5253572643909559,0.6415802106820039
0.8083359783945524,2.516867685767397,2.781913758056241
-0.6145352233323538,-1.8279192572999239,-2.603224802716158
1.238258928269582,2.224031786078037,1.2854612016082712
-0.33809514247052436,-0.1664833017155862,1.2682547743094312
1.1963663630901926,2.6559520158119954,3.903160867102685
-0.44331837862452217,-2.042639418457424,-1.7064361380917379
0.1861148972502951,0.49403902920074205,0.27164061886715
-2.621344812652587,-3.00218589031949,-4.129902535176091
2.2462546198522046,1.111949452264339,2.197115963673892
0.09343168107581165,0.7640330627900108,0.1660438199627654
1.6272800933659493,1.6960940748111664,-1.1649397633297423
-0.5109175491651134,-0.788145772706383,-0.9436666128805069
-0.6593808376623985,0.4245786066163607,-0.004804328592090679
-0.040190160237947616,0.3551053601385351,0.23997062705613553
-0.11869400176937724,0.06556448701160221,-0.431206004512978
-0.019656864537149113,0.6386921763831295,-0.20201548588972773
-0.48567848557913196,-0.4955287917494206,-0.7550428931102915
-1.4401475242738035,-0.4719997121832036,-0.2456860050162816
0.14376887773925986,0.5993389752714448,-0.18528407312947592
-1.2345866542669688,-1.3932228268584346,-0.5530726058754587
-1.7525012099284227,-0.28969461500776084,-0.1944197708710219
-0.03549628705070537,0.6402967631652778,-1.1004771783226663
0.3320349086018436,0.7059934114824133,0.6602728788349
1.5722882563282323,2.7190436108533884,3.080667276302784
-1.0694705723933255,-1.9100608045061314,-1.9887646359843623
0.9162865236147203,0.533090832258134,1.019290621520463
-0.5949928962834595,-1.1169643033268835,-1.2249618917822391
2.1816466752786114,0.4890747868028942,-0.08461190931585083
-0.6837732862979624,-1.4272554607724208,-0.30211601973753455
0.7500592138014706,1.6625080451922054,1.7765726146685894
0.9743826338551065,1.7218640425135774,1.8014647340157472
-1.264473475661284,-2.2066098195701223,0.19481053404136528
-0.27742142358456756,-0.6839044937837369,-0.48768803631746044
-0.18939869476407123,-0.7955251603668415,-1.8891430858426386
-0.38402494606450316,0.8585286979004298,1.3699783473606495
0.7405880231765501,1.2659077341773186,0.9581627208195997
-1.1683383911211822,0.19171684944113965,0.45595600027242295
0.6675386981349344,0.3737355438642668,0.34480776470715546
0.36623694964900294,0.9888747399319304,0.877862689935541
-0.5149429938906279,0.20660948421820036,0.5961733737305206
0.4505682399369507,-0.2436151391704302,0.46506014281430885
-0.18772037978640577,-0.6040953638138833,-0.5262901495685579
1.3390693748472018,1.4616042826930815,2.0926289704420036
0.8162191842779407,-0.3397589665963474,-1.7325517582447199
0.08220176414744439,1.0185924533300794,0.1558426735389944
-0.6508627214280995,-2.929820954908708,-3.356587106079297
0.7264090176412256,3.010804970197326,5.3470279066849615
-0.11367817725555387,0.9373436697277028,-0.5941180453543923
-0.2951008265405891,-0.4340205888513604,-1.0631510387950833
0.9891684691358014,1.494177723121858,1.036586869840741
-0.7751318058914849,-0.6454137414926493,0.6917034493843823
0.27589826661685746,1.1574412289913683,-0.41148892273449067
0.4107816478368116,-0.49447349096516136,-0.3024051342534324
0.6111831638785152,-1.2587292417475893,-2.6842671806273435
0.9365707198914466,1.7259864465760257,0.7472003893592369
-0.367541703398849,0.2543938647712572,-1.2110182074379883
0.740376758597461,1.352461568208095,1.4312379880043993
1.2185330550574935,0.6590916048288702,0.29118332174448514
0.6291344341345253,1.7612777746592976,1.020424863145157
0.5277463129828859,1.1537558471767935,0.9507475951284434
-0.4722553045382945,0.7337059783094821,1.7310886317075376
0.823715156168399,2.013397329537129,1.654567298750587
-0.427788245368348,1.0611561395291427,0.6919117843950562
-0.14264392735005393,-1.0183907738148004,-3.2684384760075207
1.4187830490975313,1.9074289610660433,1.6267667362669127
0.4871339012886015,0.07100309480590794,0.5699828457548397
0.6034414510745264,-0.26207821246195473,0.5959400194285054
0.2108328788371141,0.6303822950953855,0.9310227264956119
-0.033299205842641975,0.3823728563029183,1.6342375726176834
2.025196989305055,1.3136652052900863,-0.3511704889615763
-0.37078674970442527,0.3329921814486758,1.568209252094017
-1.5782344495676204,-1.475167743807081,-1.2217804190924804
-0.12157195240321797,-0.44035517534780055,-0.15364311373406725
-1.7966768164354117,0.1718094212024952,0.21495760952024995
-0.47559154308071633,-0.1088864949459612,-1.400482669858598
-0.8841023211789955,-1.785768546333034,-2.5388558004239767
-3.498058983901198,-4.636991296943632,-4.711045630187443
-0.3819833688977207,-3.07513032471115,-3.9514937091764635
0.9776881250064047,2.6100918869147645,3.216102243761917
-0.5580409458196901,-1.7987481923466415,-4.0339622934599095
-0.6264551466054367,0.2692473909534714,1.971768045856402
-0.5304512253743183,-1.3229685841489318,-2.3503954346553373
1.897621586876471,1.3039055526248897,2.2466863228106906
1.3955406776193164,0.9754241046299907,1.90784506732688
-0.7460258735475219,-2.034881443828514,-1.3068212611155618
-0.3055730759423466,-0.6700974974287381,-0.20729956326428783
1.169678168616666,2.048932797086435,3.0928043434446915
0.30438717747442906,1.4823953143590736,-0.3006576978650486
-0.11749825009213472,1.9471437350479766,2.761941733058392
-0.06008553119226285,-0.8588439574863367,0.7201423958922815
1.4709389470407315,0.4499259407802172,-1.5659880041591139
-1.4781476069656725,-3.0100334508555777,-3.640467104481292
-0.6836129460137078,-1.1434734225068532,-1.0461531700745796
0.46054059912912587,1.0123722305486078,0.13554340312005786
-0.18150192513270128,0.4567190654812453,0.7495594381785831
-1.1588163079869007,1.0162100527690066,0.38445622731191287
0.4090189175879917,0.7320503094179921,1.3796532860629864
-0.2582070558953314,0.600771836096702,1.138258556303454
-0.26689943924533505,0.8783565861302065,0.602125677064681
0.16415595637767694,-0.20819644847159374,2.5616262820786644
-0.3934589473703925,-0.035478788197783495,0.4667113003023775
-1.8437372461670558,-0.15214968292081577,2.36984418712236
-1.5422882667314264,-0.08219571814262538,0.6570300702247496
-0.5862403595312504,0.9548435959683128,3.601814270901129
-0.8521389093398625,-1.2179613336192876,-1.299582226098829
0.7783245552920959,1.2668556526258477,1.6310686250470043
-0.03031707438141508,0.035206200120273215,0.408478135488879
-1.4556575819273612,0.15484115750832372,1.1652519294283732
0.09378492306421567,0.37176394601211027,2.707638164175907
0.9823492222571012,0.26683015196558035,0.11811345960708164
-0.5967101618036086,-1.6124455168843073,0.0916814278834659
0.07480485064853204,-0.5058442996579062,0.0038939507479076596
2.1974294308225555,1.942053036358359,2.4480062150640522
0.7950232122038182,-0.4502324181502092,-0.06781247000093504
-0.5389422121212404,-0.7566735680876913,-0.12963844277838077
-1.6012831782189292,-1.608204090000861,-0.0409448619768511
-0.7313735661772872,-0.7253734682113653,1.3545963173249957
-0.3557407909461773,-0.34307581008823373,-0.40898463935964663
-0.9854143181580515,-0.26643244647292774,1.2100822288782167
-0.7311706433707164,0.5474071817126014,0.42789713486257697
1.4653240833851469,1.5196445081684697,-0.052825103929704076
1.8586153177075564,1.2774691944824315,-1.6795711624438714
0.003497027379861484,-0.29210449347012135,0.36288975368794674
-1.3437752448970133,-1.9444391612847016,-2.0800862662261683
0.15129403342727385,-0.8540350348802694,-2.3016314735002714
0.290009125124407,0.4881867687557767,0.6690154341792793
-0.12247832766325314,1.1817761312980566,0.9883214638469126
0.12515438813148771,2.9192372215380584,2.425639136954855
-0.772434113964163,0.6645342047498134,0.5271474459534278
-1.012966122717546,-2.4644570472581906,-3.5421222858172134
0.9669196008759354,0.955443131125812,0.2360141048129366
-0.42332730031002735,-1.433893149959862,-2.2366649418799023
-0.8315994547728984,-0.32539689526838167,-0.1928942106366295
1.3999572669763978,0.4336567888297085,-1.3958125808305044
0.017013959487364127,0.009106746868498536,-0.3379196731617633
1.8474969533897552,0.7470955168618478,0.41719934012119325
-0.6863393849524053,-0.6650964296060021,-1.4386893090913557
-0.21872403437698687,0.7433880492064379,1.2211051175101733
0.6825929062691498,0.3805331860796773,-0.013717951569184705
0.524130024539433,2.0602528565265947,-0.30166311796001555
0.08054997844932167,-1.9249666755184414,-2.187166332326255
0.05378554240186696,0.22683881995449817,1.3954245417106894
-0.7372589881191558,-1.7253034175803097,-1.7095427350802777
0.9664380613765303,0.4678285866385281,1.9421514537871793
0.9843068513274613,0.30715754460709843,-0.36672070577522664
0.18729094086854067,0.8468441698501308,0.5084471989551352
0.2729857533247175,1.0061081789417303,0.13491712860685945
1.2101460938081485,2.351592579667031,1.1941619692971062
0.18865716350023218,-2.044925809968705,-1.9067474612310715
1.96249867171125,0.9852550830239297,-0.6415404327933805
0.13871193922853223,0.4503801467178611,0.4346247603404302
-1.578627354372192,-0.8109377472681691,-1.3773229696032097
-0.7970212711605688,-0.2750408365884168,0.4991425817674995
1.2243538823335032,1.7670877384119412,2.7137871657972763
-0.3653335600031499,-0.5266077457568951,0.5354949360474673
-0.162590280253847,0.45447425675145803,0.7651142281593686
0.5604791793777462,0.8302584107088677,3.115528437019967
-0.8607256292097115,-0.1678531732452042,-0.8481729054054229
1.238634491819294,1.4521042087747145,3.0116160675852823
0.7674357491588103,0.9101184997326279,0.28241347751621426
-1.0874091058541488,-0.4564894429611558,0.7811646059055256
0.06750377267277838,-0.20891463826260168,-0.8627896912588245
1.6051405650204347,0.972632698267784,0.6232717305328788
1.2322294300138974,0.8394643456757418,1.3803695309563322
-0.3791137947111194,-0.275202757121168,0.6458520337985005
-1.3498665837393835,0.10052625357645462,1.3571012085293848
0.36491809963744026,0.2785971000731982,-0.6540918757677445
-0.3635949245998329,-0.1746506007470624,-0.4061848955258619
1.3746533246060304,2.376094198629378,1.6118401752856495
0.29189573726271156,0.3324490471383265,-1.8987633726665436
0.7105917102721881,2.2801218524391955,1.6015887885275655
-0.9377609195421742,-1.2357428684967229,-0.3202622678007222
-1.1140631274281565,-0.4031822428402265,2.311825004048968
0.6343719552019335,0.9444417261181397,2.4661026981546454
-0.23119290207069798,-0.6222644869890245,-0.03454330872724842
-1.3681942035458536,-0.04965677108359201,-1.5913948344135136
-0.7549074462006897,-2.9155165341777147,-2.333107911079119
-1.1255966485424258,-1.6224800389630074,-3.050259546722352
-0.21935924727074632,0.03456074867511774,0.019842943863544134
-0.13430795169576284,-0.7066460672991253,-1.4946079462926152
-0.8180206110391889,-0.25767778421671883,0.3438188283150956
0.47233415666735823,0.568335586549366,1.570018955372403
-0.8692561299721021,0.022076967462349106,-0.34154918653452626
-1.332288341469386,0.512296996164284,0.4618733663760074
0.07056286970449081,-0.6370477352305893,-3.239286476054155
0.46409318636156677,0.8277085987052788,1.5426000475978427
0.28915849923548864,0.1191847766899937,1.2288580307523542
-2.8849410829094375,-3.8800137406783017,-3.6586520867460757
-2.3346917752387593,-2.9190611250204452,-3.5894752599642685
-1.7308910466767837,0.660115968903537,-0.5542574269133052
0.8250095863818747,-1.4057577706434947,-0.3191243889233373
-1.0450395511171104,-2.4337432549488325,-2.939122240393026
-0.8771933739182972,-1.472797586019645,-0.7012345499416985
-0.4003898421515985,-0.49026546105548774,-1.0726451406074369
-1.268188972229523,-0.7681870152161632,-0.47804144742119187
0.13858639059961592,0.16474505768725675,2.9064389855829127
1.1835716043281874,2.5242588638899726,0.8921229430135658
-2.1105550729874647,-2.3747543723358473,-2.919416419288379
0.2606761095368602,-0.5496526901248182,-1.3572446011630348
0.9455668256936701,1.7421643335441863,2.196168318952408
-0.6199606197857439,-0.7893481099768488,-2.719305216835448
-0.009100739490368989,0.23822297111607801,1.7014039346066812
0.5202254227495503,-0.23694929767061268,0.6021076740318438
1.8062587078907837,0.4832370353197244,0.08036862557197433
-1.9125198979201468,-2.279140928468445,-2.0984777221414768
0.19928207507225099,-0.03495380330634157,0.7511323841962706
0.27648495303824383,-0.28530098291485984,-1.2032625226864977
-0.836276427358327,-0.2855955403669834,0.20021792762057056
2.029597414884532,0.5919114945657009,1.8308061451928679
0.4291059865612162,0.8062904335441237,1.122755337250632
1.0639478660659776,2.341537560817133,3.122406164787399
-0.6058230530870987,-0.4729618761847081,0.018236983467342704
1.0743730457830656,0.6842293376074793,0.8626742533757256
-0.71234763989585,-2.945721902329425,-1.5452513058794783
-0.17886013290048922,0.19631363742280247,-1.1578340629481032
0.49976003903352767,0.715135155742208,1.27286011116748
-0.19957114057466716,-0.8817106603536456,0.01984628694867252
0.08989480452792589,-0.7118301502653106,0.7737990336113163
1.004910058295766,0.6879820374254737,1.4678420779227164
-1.8729416725919392,-2.8766139465808216,-3.233930200488425
0.5247845364017539,0.362793187142202,-0.19123683416740922
-0.5146273370968826,-2.093408621958594,-0.74588758975069
1.2109325695922226,1.9065248784769193,1.1281896384478547
-0.5127953770998405,-1.2968786898418883,-1.5124530489633383
1.0906256520852908,0.006030850157764167,-0.4977064038730915
0.4918448957368312,0.35621442331653125,-0.1265198451770438
-0.2426289716873082,-0.5896843843345313,0.32776081126530465
2.1160472476042327,2.6870084347042535,2.569964244916956
1.1886395727892842,0.24415932760409087,1.356559829425164
0.8952611906891443,2.0372732168104775,1.4757712999497978
0.8685406370691723,0.16909294243401485,-0.524160569564753
1.6561779651732695,0.23265335469121617,0.5286429127951515
1.445635992253715,2.475063242748644,2.6388690527490763
0.744600427107758,1.1438869964465117,0.22281274470094914
-0.690190218011296,-0.8346501094663823,-0.727911497545979
-0.7914117612370601,0.6615804763737407,-1.2447901371350545
-0.2620811906477369,0.8200166143734013,-0.05757613990814581
-0.40791710781396967,-0.825767514797027,-1.3505927024136248
0.20131105563936402,0.18678717033301315,1.5207832004252464
-0.7319474829678609,0.147723682481938,-0.9122460766596036
0.7291357168522048,0.5898636503064949,0.1677682107299538
0.3266486044337375,0.07280751738702917,0.560515822707589
-2.70787788745313,-0.732836276851661,-1.2807174273640047
-0.5921389104290756,0.4112124878125648,1.0929248909237788
0.5045436971572494,0.4936024929770117,1.0243287834624015
-1.522697081137446,-2.153048961246011,-2.305121315269996
-0.35887519761887965,0.4684397249810639,0.03726973053867505
-0.47012644693961947,1.2521979472808185,2.0839626991976603
0.46932238861063086,-1.1747014708262933,-0.028857809109777754
-1.4753401294402764,-2.5543912949370684,-1.2338566563274267
-0.9159547143037774,1.1089463888593258,2.944855373595101
0.4579750572816502,-0.4015740732421418,-1.226248918074396
-0.7125024603127512,-0.5384747499446737,-1.570568322542063
-0.3784383285681024,-0.6820969985329179,-0.42053833200703084
2.0068609330800995,2.90194763180024,1.8846332961670207
-0.5501683536524544,-0.45945147539618647,-0.2413308995884467
-1.9807861661627177,-2.0775701460122256,-2.2156853957171037
1.0345981307154983,-1.1887522806421287,-2.8802322180061197
-0.8448397163079232,-1.135979874697393,0.8139826853191483
-1.0169491169750242,-2.207013808676112,-2.709506188728144
0.6747558288956933,0.9612680331558081,1.3945478831706615
-0.03322677600971242,-0.4015329321318371,-1.7619309152710247
2.245491408159266,2.4950729150741697,1.7899601871817254
-0.45414694249690235,0.3871773092840082,1.45471262003365
0.19487458347693992,0.5243379596988577,0.9689444392723578
0.03149807307911735,0.10301676511469188,-0.8801023637690211
-1.7893309891810354,-3.3512260990488243,-2.896787005011384
-0.0704909153342678,-0.07545678287656744,-0.25656570990088934
1.8041417550316317,2.335385448762845,4.405438433255796
0.4446371247289372,-0.49996799596134117,-2.7912357590853096
-1.190940100081807,-2.056698133406682,-2.021353697371501
0.2482291028023218,0.918124180957848,-0.5813858693333125
-0.11897816018932965,-0.36952361799030037,0.1732491733297194
0.686988980175581,0.5010007811314807,-0.4535831425426854
-1.4077777917779788,-3.5754615778310743,-3.539246704933869
0.5753220407842192,3.4703695129141243,4.333195705690564
0.6377015303598335,1.3584903024618524,1.5230707060107884
-0.9481236861264773,-1.3420364413545474,-1.4925686913314211
-1.5155319715981048,-2.2914508907440796,-2.114977962127973
0.26653818849583333,0.3497432871329388,1.9101256651766136
0.2915322603874479,0.32230632105393886,-1.3049004820303938
1.7089224384453365,2.509141054079364,3.894609601557146
0.47670184760962947,-1.4400022209740575,0.0783738001304386
1.3075518037926646,1.8096130674447064,2.575765024783168
1.806012685783985,3.4018810295048763,3.447456226097613
1.035385990062138,2.4709372050975604,3.7828816782663495
0.5165182971914518,1.9168193226763726,2.478475014625427
-0.3941035209334975,-1.7702291943247208,-0.8472010326278493
-1.5102402298110846,-1.891992156130982,-0.9667744236030447
0.005989836510007499,0.4562447157515551,-0.0012857287718247568
0.8550069912061168,0.7623412934444831,0.29447244260202193
0.7298514525550115,0.7465547323516541,0.5334537356323064
0.34875887269817124,-2.2080442932834012,-3.030830055418934
1.361367469871025,2.7713877802529634,5.143302148170823
-0.2886621289486922,0.788383812238479,0.2630683434672546
1.888403663816531,2.769785597005679,3.209404075565784
-0.0173757697067307,1.3259731851130956,0.07682959573274006
0.5410829123244176,0.6009038229224705,0.8129760636808173
-0.5400411124466118,-0.028345617256687272,-0.45905973705566866
-0.0808493963616866,-0.24843602264785103,0.6656507609580353
-0.02963395783196924,0.7499916501053929,0.6996675158802863
-0.1452504839541318,-0.8796514841306153,-1.7661784102569271
-0.0108625955320833,0.576177822092362,0.6979632546070024
-1.3787187646137122,-0.8629976626681833,-2.885599279195983
0.6715356765826069,0.40326289956904177,0.6803676065298355
-1.1542054532105546,-1.6742983200047963,-0.10002804973599266
0.4225977860243881,-0.14452831067686206,-0.9668770934813977
-0.38698972614694077,-0.36417749209905964,1.3205256578439504
-1.2405259848862393,-0.8983406173698874,-1.07255347580964
0.45696214500833704,0.15625662080393937,-1.603036535883058
-1.410793353497695,-1.3107363496951532,0.1796585366154415
1.9339075276118893,-0.2275269214636948,-0.43692072556690026
0.5695606534059547,1.3198847947002688,2.4076513736370337
0.932779751815376,-0.1775366834031118,0.8498814015548333
-1.545347336942358,-0.7056313501836742,-1.0939785783453597
0.6016183863472727,0.045003070969469094,-0.01858318028751925
-0.9507661557501907,-0.9441491750900337,-1.4006995243432567
1.3603659375568065,2.3308314593982327,2.538125143950838
-0.26652358999178016,0.6362355447744021,-0.36758543946163513
-3.034945770520051,-4.344397400993402,-4.594122552091428
-0.23881991425966462,-2.086548578305581,-3.129504076479655
-0.27218671856422794,-0.350389495115485,-1.5335919080152531
1.1903968032761794,2.4525364994765844,2.065893321828901
0.05119609260362825,-1.5936023966137716,-0.6037361169496419
0.3310480339503426,2.5509256716011914,4.0599104249147935
0.5316190973535182,-0.06778343379007123,-0.93203046726394
0.6140314687953329,0.2547970186856922,0.5914848457139971
0.07671588955812761,0.9124262524934835,0.9306822918267182
-0.2608792564282194,-0.8615230140384084,-0.4166939210531683
-0.9218704062694144,-0.8263344025706255,-1.8100232656795119
0.11760615941984054,0.816938351294855,1.222346541921161
-2.1384102186566203,-1.8158515936588926,-2.282008979699893
-0.3194195953843639,0.6410061801710014,0.13360094873884798
-0.7406944129704311,-1.1122947193032138,-1.8547460818819577
-0.9257914272400322,0.02288294838274485,-0.07457341321125265
0.7579337888991081,2.0826524823114174,3.44757520961807
0.35956026346241754,-0.45397995213423237,1.843086777426409
-0.8292356751148717,-0.9183561109037361,-1.4241549245673637
-0.4457521220096054,-0.8076184948541878,-1.7102841740923906
-0.6709120468453936,-0.8190650819506335,-0.8203977420871609
-0.8009169023363634,-2.218953550442884,-1.7908142403129834
1.6109466994027923,0.49707811940308155,0.7988201205112402
0.01851833423051171,-0.6570032910153394,-2.078885967886732
-1.0833993411096625,-0.6895207789123485,-1.4107547127336866
1.2894497568155436,0.709917836145297,0.9933334638002884
-0.14391273567603508,0.022686260970132238,-1.6754136829811537
-2.288008837761236,-2.4238164403405436,-1.4122842876346156
-0.08471681846418423,-1.4382127341547588,-1.2866963862236906
0.1990598265367329,2.2428443635181043,2.7264652684438064
1.2298258303962497,0.8495575459266472,0.8118919918830696
0.004552530570769768,0.7296813985402232,2.361437973798045
-1.2946076367868575,-0.0016596154471326674,0.3403889248083026
-0.3971613797065716,0.9101206380306215,0.9388464043369881
1.7394819880705414,1.0359152693334766,0.04805594835913152
1.0230209548892386,2.085599519916098,3.100277479969734
-0.5275672523016249,0.8011105199325049,0.6895220191734226
0.8459961794513553,-0.10027412303670424,-0.07266594059904831
0.8215493976311681,2.9038470389144053,2.669864618643544
-1.3357693867781462,-1.9935455480717021,-1.040324140790067
1.0431180440568786,1.8155114231429463,0.9143878735735333
-1.1229909196730419,-3.239674233675915,-2.9531836598359327
0.6909232930668404,0.14520218598848345,0.4924565734670182
0.3686055719045353,-0.10363936854143829,-0.4752335663120067
0.6485133616679014,0.3429590539180718,3.8552812963454257
-0.4398303143993358,-0.16744877924170676,0.3823469731153042
-0.8664208547756808,-1.3043646902478205,-0.06440438020922135
0.8653006026364535,1.578684008720769,2.20330662507203
-0.5098152029423678,-0.9496481380986239,-1.1212189017178273
-0.7587763236290699,0.7321854476454186,0.18495375766544542
3.4018720316696807,2.92441085671404,2.6222093923548586
-0.4504159899518692,0.19834040871455544,1.1552779262161492
1.7291981467503186,-0.1927796810634934,-0.6104463981750698
-0.7184882908888389,0.10754136019778049,-2.5482582703066803
0.533619595916276,0.7762956671812256,0.6948194040765483
-0.07018693171073512,0.6312175543905238,0.7099667517158486
-1.550563511852147,-0.6626928926904492,-0.5848824528905215
0.2734275234401731,0.18373786663917396,2.852847159769178
1.8852349774653132,1.7779662323101326,3.3072706201221496
0.8431989966801492,1.6805505149378788,3.2486443278925234
0.33453391983441966,0.8108378543140584,0.4885397419512794
0.020385466215247408,1.447517513986257,0.48301194258696234
-1.0072915382415666,-2.6387880162332573,-1.9183788195295275
0.41269395708160433,1.2023401937584013,0.8842218527441926
-0.7670323387486341,-2.2189403826438414,-1.799730601727144
0.924991877966737,0.4229692964696339,2.4300147304175983
0.3091494475046254,1.052093439883331,1.3066573800478216
1.9668453631161935,1.21112486248093,1.1862581718287957
-0.9375378001779946,0.5942951282352646,-0.43042742495779995
0.42047397594085995,0.7701087482788241,0.6564048211511253
-0.5392022371085264,-1.3225085610807663,-2.0311377119014677
0.8685938784756578,-0.48729247464660064,-0.16162945588164807
1.1501575193628535,2.406048917414508,3.151566352540638
0.017695999951933904,-0.1349619569545526,1.3234767441337385
-0.927844334899094,-0.9316330515528509,-1.4563957940013919
-0.5057319445379316,-1.547035006146833,-2.512732008345272
1.2257331789964803,0.4304120781510632,1.9851742797660865
1.2103777290378581,1.3072551958641747,1.423212544075888
-1.698273700795406,-1.9186373235830367,-3.045866462128294
0.09469637019406171,0.03627750427189458,-0.6871157415261134
0.7621393400224135,1.239827273348,0.8429923067248857
2.3672035885613756,1.576336028393663,1.8629347577696787
-0.0437028197028803,0.7698541045408112,0.9304098529577718
0.06709804498003212,-1.3264057931059892,-2.322578084735915
0.15529692071402457,1.4535450224831963,2.4484285872752762
-0.5328728859535129,-1.540966440385827,-0.5343710533728219
-1.828973543966865,-1.9403750292160449,-1.9253012050209366
0.6005546264798154,-0.4874384579945954,-0.02623197721494902
0.08534008333419577,1.432886406247644,2.0364688795759727
-0.39657356130550886,-1.2454359282916092,-1.928291143171268
-1.6174143136254848,-2.337211984809085,-1.5993948271119889
-0.02290525359023374,0.5160597525245875,0.8606011983359704
0.4062810246078506,-1.061513257908299,-0.4439697238165281
0.5090458697423182,2.489935897145628,3.7317035619665533
1.5866710769106105,-0.09286471770991755,1.7424721927587132
1.046311775523512,2.9067520149501114,2.83949093367529
-1.0479383075758437,-0.9654226515991444,-3.186555389599725
-0.790600527327352,-2.4188014445394366,-2.237813392583327
0.4672981912867955,0.7784864125610033,0.48544444565568007
0.5538268612302732,-0.14931722442630868,1.6380863660972533
-0.68097840546594135,-1.6321099314210366,-1.7739346767281976
-2.7949596029788286,-3.140238737927886,-2.0906210837711385
-1.084586125934463,-0.3560717698745567,-1.2180682062374375
-0.6570977988621775,-1.816451437852928,-0.8388456009418503
-0.9692907479341832,-0.7427602552424903,-0.21846040633493113
0.41276320197254784,0.975912683865344,0.2832561523162618
-0.9154102857534465,-1.6443123209427677,-1.558682746607875
-0.44831599920953147,-1.402026153002487,-2.1826061552316283
-0.7985020115553588,-1.2143007599264313,0.18511503396134432
-1.017287856058954,-0.21655318499062948,-0.9749196559609722
1.0149889224187456,0.7244629592596077,0.7349073156090689
-0.6515076853809219,0.10241928030733272,0.23886505352464105
0.038215849495749625,2.1900267506039146,3.4002252850172776
0.18407866685822843,0.7094106761452192,-0.009239928503495531
0.45172258634418283,0.03283556369845314,0.2950838544624758
0.3078800647701845,0.8350361474541805,0.258761686368982
0.28485823302382424,1.5065348200406217,0.307202999768984
0.6645510394520817,1.0400341784402842,1.7696716587365457
-0.33097478809795206,-1.6271304331206422,-0.7504120229748212
1.4915981333649615,0.8627216692686718,0.7616310013041512
0.17209020985931445,-0.2922076044081164,-0.7174661307210541
0.19116028280901032,-1.0550983937338279,-1.4909486418347164
-0.2796150080915133,-0.8817484346236598,0.34848436163570506
0.7750195620346451,0.37783964482993604,0.049880384317262716
-0.3358452906988096,-7.533396500974399e-4,-1.1347620824235676
-0.010529493462250935,0.42733101176217175,0.5196276203835843
-0.13913500298478879,0.23828618782343272,0.40098123287114257
-0.053465947340308136,0.25684450567474726,-0.022501833181600983
1.3294961651692379,1.490959845579256,0.07025325636918067
0.9897693795760266,1.5237266922565897,1.2069964484365943
1.6645657872146202,1.0502357723027451,2.2827724847948936
-2.1198836484931323,-2.837267066501506,-2.1214684821265735
0.14148081692839334,-0.6922279845106678,0.06332433251391234
-0.17780620272287428,-1.6821732566096843,-1.8947035679427335
0.29788392983044815,0.30964713882561445,1.5166698516046973
1.1394333480514327,2.254796432397071,4.822349219816805
0.12673753252273665,-0.04841754455442526,-0.3342525537722881
-0.485950257043574,-0.917077151241039,-2.180294524820374
-1.003831690864938,-0.4650589235616256,0.11280098005931549
1.7842031984627404,1.1768792236191392,0.905193857752213
-0.8671445586095585,-0.8568892277230157,1.1924512449158038
-0.9705747848629506,-0.42435033955404067,-0.37149821904100117
-1.2028747828403876,-1.698479455472295,-0.935795881102176
-0.36731349648171985,0.39233558952158865,-0.9431432290013045
0.01377361484154251,-0.023526414916073383,1.2805301906819309
1.3200887098622018,-0.21104855160165648,-2.4940753269448317
0.48927367397148697,2.0357571365266187,1.5224683548674807
-1.2023802675739892,-2.2280559330401646,0.7712138409421545
-0.8735571674673721,-2.834158258383209,-2.2832850815783807
0.11195403542157047,1.7925462129347849,1.140749286410221
1.5142313799774456,1.8064436662171457,2.765645815097024
0.37655983745264465,-0.41950696603660564,0.05790425445057473
1.297281441690766,1.7117210033409442,0.9696639119403575
2.56235656186114,3.104771959223134,3.1322932771586065
-1.0020246553487067,0.8036669481246776,1.3721677372733165
0.8006673282514568,0.2673624283831151,-1.6620360546929065
-1.035988168634563,0.6226505422943767,0.6431652019556597
1.3658774887000467,1.8651792697501781,-0.05193080037487996
-0.22922105428366016,0.8641011802849798,0.936506394583059
-0.2678130939206054,1.9356060875033472,1.9556593137039016
0.3736910368154174,0.9963776324173823,0.8257477720392823
0.9805355531748372,0.9453090560177895,0.9448475245517326
2.2812914197663163,3.5534400086347713,3.831919461396061
0.5323249661952227,-1.023372293178809,-0.7918328470634776
0.49883078885605303,0.8195032275419696,-1.357812194901365
0.1541005003338661,0.47441499367690465,1.6142744258298223
0.08277325209086449,0.9334366603718383,1.2331515176165555
-1.5859772889978205,-2.9089869246953426,-2.4751951359106883
-1.5295554252721741,-1.9694789381947162,-2.6879321036813497
1.7241555082111821,0.5946932735743022,-0.3378681762190223
0.20456930164275694,0.44134322433106254,1.683304952435818
1.2378090102766441,0.5252268317653521,1.2847302614500604
0.24296373216892583,0.8307101144631518,1.139399039871175
1.013543653416363,1.6904083364717648,0.30700297457077763
1.2824896504923025,2.1291646442816075,1.4911798091140847
0.2892091626283082,1.5113176588439694,3.5048965156935736
-2.4036859548939757,-2.457539603668666,-3.5819886020146603
2.2685936883251703,3.764645017433078,5.450554315205954
-0.6110400290050407,-0.11863486519221156,-0.1061059739475432
-0.4634798238199957,-1.2424321792099484,-1.794362438854342
-1.481711446957385,-1.4903513455410875,0.012467830662506563
-0.3041409548662459,-0.2810285015265012,-1.3057481985221011
0.31326518200486214,0.2514560757455068,-0.1275682822198126
-0.265018541995397,-1.4085942114638463,-0.6334713425898303
-1.3603384688514062,-1.956134161110018,-1.312091737364904
0.3944051506311034,1.629512734988995,1.4376926926063984
0.5387157662704908,0.9178753441400285,0.7657910506606548
2.1372919652852946,1.910566425742665,4.518558751222582
0.20729821973490328,1.2676766933427577,1.4263150857059932
-1.2766392792351593,-1.3861742975944682,-1.1786582240885575
-0.5156694473895771,-1.4707093133643812,-0.631547291278912
-0.07889564389357828,1.3393387992628578,2.719123257914649
0.6383484739634908,0.8057816075773797,0.586136112555775
0.8129250280722534,-0.23251851704729887,-0.6249786653541407
-0.8931847810246394,-1.1349831350159874,-1.54490824471358
-0.40159557605465396,-0.5944083758046623,-2.4806114709727725
0.8241279498503361,2.7618760589484497,3.9543565225544697
-1.304010707441978,-0.9296328845118195,-0.8443233442903206
0.8732661457043596,1.6323746447189098,2.255124268782059
0.6897052679996377,-0.32481356691144725,-0.05641625443796261
-0.8533944947608425,-0.5162804835991746,-0.4314145710313322
0.6541664690125045,-0.11682904042853803,-0.34072914817560457
1.4000088064126084,2.012598676789575,2.1179269096172266
1.0024322885671406,0.8005959549337216,1.4939420764618758
-3.0421103237137093,-6.252131739663019,-5.045391636963796
-0.24227412671582366,1.668424528873466,0.4470092366855001
1.8518098938743124,2.2007834852077863,5.1954634593524895
-1.676781597331069,-2.340548833362253,-2.077794197291934
-0.6280176392911644,-1.6160980446011117,-1.434309043844375
0.25333362124563796,-0.7918955513923306,1.9830720537444195
-0.025188785808205157,0.3318702098002184,0.357314420152386
-0.18662069201280249,-2.131827613011258,-1.3611455839556776
-0.23337973352399605,-0.936694434119494,-2.432388182865724
2.7242070482879255,2.320776548357304,1.5143790047893801
-2.7925930102361836,-3.486254052917401,-2.4316436645907116
1.6514171340087742,1.5445421834582227,1.6517828385994011
2.6095467149863083,1.1315180669734102,2.8716058871587897
-0.6032468797239533,-0.6500868596473623,-1.8866312622442554
0.4104312032942201,-0.9012683460892295,-0.4183268806074871
0.5518675925403995,-1.8210625363187924,-1.174526729576916
-2.1221467182943057,-0.7359346114209249,-0.7403929583552143
-0.11389939737857493,-0.5763565276197249,-0.1377053563371387
-0.2736714669704588,0.7900190694414306,0.7162274832757589
0.20837705369724094,-0.4624027051805416,-0.3315009450895161
2.364867966387171,1.8449151012470937,3.446214105926967
1.6055654175158764,1.9654996167957255,1.507047122840691
1.6538888415793167,2.5759578291486886,3.1143297045591787
2.2142716243912015,1.6611518223882449,1.5305227571360935
-0.4411199113908094,0.6638947333215818,0.16497414897770807
0.563341173499211,-1.2162018663095555,-0.8901950646568668
1.180089436902666,-2.4638126164000953,-3.336561642376334
-0.9337733255349898,-1.994096903579714,-3.5977014277913746
-0.022007094002777207,0.09928365111341148,-1.522460576109545
-0.23324656237315886,-1.5566024426896437,-0.7573067042161723
-1.2241461178005353,-1.8653212864860216,-3.4331570689784408
0.5643141433932679,-0.0350788078515899,0.3879878168027288
0.7181216191185958,-0.6115823444054654,-1.1378591970447793
-0.7719933377235829,1.3818140686173974,0.40036014033312517
0.4342333325097707,0.7498006853699962,-0.5561855432242654
0.29616123402491623,0.0875900992219581,-0.16770686727148432
-0.9716477060758063,-0.8735610900479993,0.3749153693353886
-0.640902191893378,1.100349130175296,1.1832083673473939
0.9229220980206434,-0.43661041818740376,0.21979948454268183
-1.086292574072677,-0.4283193159548897,-0.3097378796701508
0.4600906455886451,0.7507704980935547,0.33095254720179024
-0.21814795802693696,0.3884129891511683,1.373995367436756
1.3230110657514054,2.1430295917531024,1.7191026357221335
0.28530276394132154,1.0776939507889252,1.2749922907342754
-0.8944713662264347,-1.70626468039988,-3.0382858799967005
-0.017760113182724534,0.8419353242452245,-0.15669170575488056
0.4223029721910891,-0.12718457234849584,-2.195563333437537
0.12337071132481181,-0.4316203825224719,-1.2015982617771854
-1.6584772297735362,-1.5375158104390094,-0.9087491780444469
-0.12786524625684273,-0.42644269693966064,-1.0722920122400914
-0.8905803071973563,-1.2009150210369794,-2.5745303622949867
0.8969854201698785,2.5636104603391923,1.5999880941797078
1.3509293665720914,1.9333760187465976,2.542178479287486
-1.0320529450626357,-1.654488467113445,-3.643046780763612
0.5136546643725513,0.17347397234792938,0.11031086997132096
0.33970943477586013,-0.9154078916370582,-1.923894317929666
-0.26410786387676927,-2.8675222580580733,-2.315353673310873
0.4451025154805247,1.8870435455261343,3.0919087353007595
1.3680193322703538,1.6910986866596198,2.19408094168572
-0.82151197751351,-1.49701367845703,-1.9279638425462817
0.191318638488201,0.572298893430269,1.8738439620804916
1.4468181155409467,0.72950642067976,3.0991168298145166
-1.0034287706974827,-1.5067290456593572,-2.3409436043894436
0.6153732168022386,1.0538306676531366,0.013858968801707228
0.24458566199139578,1.653437122335671,1.3137076826875183
-0.7053527344415714,2.0319741190407488,2.478402032759451
-1.5612190303245552,0.12883397946511943,1.0391270489008249
-0.7577140980838596,-1.5145237530577167,-2.184536717418724
1.5420985101659224,0.0725886428469622,0.24645969471828472
-0.06466989904148114,1.1441902501591117,0.812498644406497
-0.9665788418222356,-1.8081125573594075,-1.2648302989682694
0.37586701496798747,-1.1060313617045954,-0.8035680989942796
-2.020810170432418,-0.9223307774556029,-2.36761488305533
0.2447925961141639,1.7335478180150146,1.6399900510614878
0.024357434618823857,-0.171141258055693,-0.4061527097071733
-0.9374108395414654,-2.259706341768744,-2.4231877960812818
0.009875066550223653,-0.9328907947232674,-2.0532057962452503
-1.2189417559531284,-2.16318131874167,-1.199140142826452
0.6906271105581134,1.0200000763788308,0.8648589086340004
0.4610080720685634,0.08351994200980428,-0.4749843822291583
0.5658644909705939,0.3081213596439404,0.40733741864085654
-0.04236388121166382,-0.3507806949600669,-1.5743904506516526
0.4944921158227034,1.1122924930341087,0.805804185580367
-0.7731818920097301,-0.6345366568943729,-1.541669724809535
1.5808632570370973,3.0597056332155264,2.227505457794595
-1.8251635806615274,-2.4598633684212095,-2.2605850445702163
0.32687519143892874,1.9271639548585628,2.5539792030019033
-0.280689345655051,-0.8009414038182792,-1.0531939294773056
0.8980971737900174,-0.16054096191947664,0.7158103516117781
-0.6415268103201505,-1.4318000264604933,-2.722668864300564
0.14120076538572784,-0.3674105504805955,-0.18864914771346095
-1.6545119305700862,-3.6529707672526537,-2.395882204327887
-1.9847284995526129,-3.7351839248974885,-4.431345205107364
-0.5143258630465107,-1.5281268915289776,-2.1936340751604306
-1.963281412070868,-1.1756514184106974,-1.726975834274846
0.30316908152349903,1.1547947937248908,1.5613167852005212
0.6137637239715854,0.09045108505684529,-1.2986818136385967
0.7486775577683102,1.7042823534359952,1.8508183144996853
-0.02573748651101234,0.5706392468643313,1.1542567471119898
0.7169482647190648,0.6458135851263966,0.31618276380556615
1.0791183585726103,0.6196051031628895,1.5592656932508153
-0.12360282054749733,1.181679042857441,1.4102274704346927
0.7296384227742438,1.6661494914292878,2.6395553032581436
0.2099455636291759,-0.4853850623016248,-0.8109768370163432
0.9873134028284558,0.12661144896936427,0.30950362652136054
-1.516439193206959,0.2544239828935948,0.5731142493174011
-0.01835978476964636,-0.9295012409541609,-0.7490591587286891
-0.5893782774950277,-0.3298519948890695,-1.7909819207793174
0.20625589131345448,-0.2689341657462284,0.5526124168854619
0.4521425639038365,-0.19370055960246452,0.39090299246506127
0.6660526223452661,-0.21153075635503227,-1.2562462978617575
-0.5269770880586918,-1.159386166770712,0.11569508456835242
0.025128410266886513,0.5403024487854177,-1.3507530529923626
0.5519954663334065,-0.21096324138594702,-0.5732956296300267
0.41500484059334475,0.816789853832685,-0.9631455375142219
0.35402664174151527,-0.24783262034968984,-0.29347178670847746
-0.7645999604513174,-0.8250917142240898,1.3543077430062986
-0.5090991700472325,-2.105611886175173,-2.430598222979891
-1.7974375427724132,-0.7671658813567275,0.015515991055820022
-0.2999655915266661,0.366646382579671,1.706099396261296
-0.4502200448502526,0.07869764533321955,-0.8183681751641186
0.92635562212536,-0.99616065545902,-1.8696076765522252
-1.4013414444283956,-1.206744344496365,-0.9680345962276373
1.266077770472706,0.20407259104822906,-0.4156997263178174
-0.23756597293308615,-0.0415730460196343,-0.10894637383809132
-0.9143035944636758,-1.2022382755989138,-1.2214589512392524
1.4433643263401554,1.4885816279145943,-0.09566964651349008
-0.013701582830725471,-0.4564374331217683,-0.5476054065040744
-0.5303973497967431,-3.499110789784158,-5.072379346212065
0.809799746877535,0.19487503262067485,2.145421112342327
-0.3352266694508929,-0.7380632122104797,-0.5726968029725619
-1.4391453516803134,-2.732639195625293,-2.990979949243901
1.8612932681250325,3.5100138953516797,2.6973733009340624
0.05318576097265685,-0.34219734320476847,1.032821346632775
0.04836371894484823,-0.4080949339603007,-0.30816794010879045
-1.296305892323391,-1.1559657043889993,-0.34578775588186117
-1.0720001137308222,-1.310996600118914,-1.8891753985002258
-0.020532250431767096,1.3390109318215635,1.5144328282418913
-0.7084907882769159,0.2369744956092037,-2.5795845820262224
1.0239477921103528,0.7230509357325989,0.32254742180103774
1.0823540795377244,0.21325750082278272,1.6434069207495883
0.5547681256816452,2.2834850511491416,0.8416445327893758
1.5867799611693507,2.4343841346517605,1.9106663549393272
0.2588609456479399,-0.7125106129694851,-0.19341918922304213
1.2651924760247357,1.0812845573651368,-0.4747206853532575
1.1552432200890852,0.8929959690234778,-0.25803731471107005
1.6734298576685538,2.5973306407803234,2.321668471939227
0.629657208434704,1.5736861866011846,2.094219517055759
-1.1744450796905328,-1.3762788787625209,-0.7766899140350858
0.7989219753172994,1.101199656658128,1.6885893071382982
1.2099617836449235,0.5679675590245402,3.0007992993392754
-0.5448536988466909,-1.0139867417559747,-0.74174978044107
1.1828370377875748,2.4176718606590586,3.2617044512326028
-0.5561691196066252,0.6131320169512893,1.8546082067524583
0.7100424741888238,0.4699298477246947,-0.017343557570595414
2.074379205155297,2.6624637474539323,5.606855526146757
-0.08267673685965665,0.6402835017293984,0.5862298625253385
-1.1914410199601952,-0.9947921144689176,-0.9575316579032528
-2.6047961091742504,-4.096229079699141,-5.903015579913672
0.4178912188521682,-0.9685673356187121,-0.27634494371880225
0.13196927956816196,1.6475801987232788,2.605784346139358
0.4980074963663642,0.6068982302153062,-1.4153881788188376
0.2170523605489811,0.7323008636540679,-0.10363733773324157
0.05370813863421499,0.9157518928971382,2.8189414355421976
-0.06357811083749126,2.378833055787036,3.07332488249564
-0.7322682002782991,0.17046996679672244,0.7519373401545612
1.5000586002350107,1.9167680998599421,1.6892701730545012
-0.30283085935708476,-0.8090637558533773,-0.5793359933947138
0.8536252048732896,0.23515703428719592,0.3870881983159337
-0.40174875650798225,-0.33969008308847126,-0.716490348752716
-0.7135859132681851,-3.66979744970429,-3.6809806394467324
-2.1314101565976054,-3.261874529664258,-1.537827162377087
0.5452946250069856,2.190366056150087,3.4120869605914366
0.21744146163364594,-0.24062131171959336,-1.2310153765072855
0.15519409375317655,0.689539108837111,0.5364610896074968
1.2495368049536195,2.5848891172160418,2.3152760805535424
0.49688561829858807,1.49259899788897,-0.2178667519087869
-0.3090767527393364,0.11665063965739891,0.8009033115919706
-0.5492283577196823,-0.9643834456438436,0.7391143214338438
0.3575518542308174,-1.350967472198801,-1.3147169359583126
1.0833901863065933,0.5971504858962613,1.4697239846969508
0.8411404748976251,-0.182312469510037,0.9195897226917021
-0.26447992407125087,0.8916937961702979,2.4300240436406293
-0.844749344638228,-1.8129392468918244,-1.223013077252121
-0.42371373000211937,0.6725780994743136,1.7943078001810517
0.26759643398750027,-0.21746796944634794,0.87797648925513
0.313787614799058,-1.7671770714598067,-0.6223268787568059
0.9684232229169415,1.0806879974472765,1.2031854273811629
-0.520841791512757,-0.9488257638625872,-0.06730941692990833
-0.00574429687870971,0.9853322121292022,2.0736765247372126
0.9528907489545257,1.7465836585870325,1.15173847720864
0.7157880024732036,0.3495143995457045,1.4289074427593835
-0.5214794118811856,-1.3890917310446218,-2.5849638210198504
-0.3472529387124123,-0.25839100084227684,0.8724280845534181
-1.1936159279325365,-1.4751342996311751,-1.069846554994443
0.512965866823076,1.7816481609824444,0.45637827268593445
0.04013687786229006,0.7574694168688649,0.556445513654297
0.6947342548106348,-1.3058101422477115,-0.7357715192586887
0.8402517033675251,1.1268461415375801,0.9088161200558367
-0.6550403661602782,-2.5618220749485974,-1.961958647324694
0.7627256346001555,0.21466998245656532,0.4842564880870441
1.1974678740014373,-0.6791808547348013,-1.2897210211486994
-2.178007432662295,-3.3762614150275416,-2.6715018719462598
-0.1491097394421575,0.4592893681167464,-0.4888377109844622
0.2450356406793057,-0.966275295264226,-2.556194035404487
-0.21099771154402755,-0.2326471430738538,0.4136404323851032
0.3065781901515703,1.1309879666443208,3.0321494045493367
0.21676952788838263,1.3615970457206776,0.6682232413631239
-0.6667213928941466,-0.43427891745722313,-0.7359242566355598
-0.9637463942728615,0.33434840722059733,0.27454214541532157
-1.2925099460087095,-0.13682382340231358,1.8036973371900311
0.6900559432264298,-1.0376141891654767,-0.43067874063753675
2.1973152177279807,2.6554393446081255,2.594425739810926
-0.09926509935739565,1.5870507577588795,2.9123506330010187
-0.5730250621237584,1.0655274752743784,3.5497397116207208
-0.876832408049352,-1.1333242938193953,-0.49202970399696466
1.107525961229865,2.9412025120398884,3.47530182699149
-0.9133941201756303,-1.4541757496799002,-2.153422513515904
1.2256126445517175,1.9450474320480784,1.7266665704301083
-1.1532241350858559,-0.31239902780936224,0.39440233531129265
-0.8020892644438085,0.03563955537469199,1.0745105935478187
-1.3012467276107016,-2.444462275711555,-5.094933867982217
-0.5441864938798118,-1.958112353661036,-1.2548704620732072
0.8624956879049875,0.3949871355322888,0.5381581418759718
0.7722528311504406,1.276596702719437,1.592127226379182
-0.9945219160077936,-2.326710287921613,-2.8701406181292013
0.3403371261804632,0.8954844841627022,3.2531546316537012
-0.4366415068312278,-1.934005406651837,-3.3220651390130342
0.1950523461265907,-1.2010713160527366,-2.8792468928542267
-0.08121795598964518,-1.4315745715488648,-1.431980247783985
1.4042550445102382,1.1710328104010581,2.868187954163944
0.6614181759920872,-1.4687567860808703,-0.4284633964624396
0.5299033485738157,0.4675629556349456,1.4413059410387012
1.6619893276998887,2.322245653370568,3.3577661029559036
-0.362518124383968,-1.3797081842962764,-2.6945226298922504
-1.4411371708217238,-2.7675064151167197,-3.6355486106558272
1.6385781997360798,0.1203360818757353,-1.2157375003741964
-1.9233654056437057,-2.626522872267861,-0.2411845193143347
0.3097523218288375,1.1749534744577543,1.4785062934714395
0.8287951387327467,0.5099858767078711,1.449383997716676
-1.4619868114573016,-3.0828818329193264,-1.7934729353465177
-0.10345852413240532,-0.17268543536796177,-1.9503120873023496
1.1319492290326059,-0.7323488262685409,-1.6973522096810418
-0.605596671918997,-0.8386755408219688,0.16170514238113398
-0.45398427572976946,-0.011049794900726218,-2.3287031483220026
-0.09761202255010999,-0.9511109496621303,-1.3194120359014496
-0.33707372127442076,-0.3230699753929517,0.07613975964117603
0.25019407082390865,0.5554195506742243,-0.20352726973763702
0.7250965002431868,1.2609269267807122,1.1581922141122412
-1.6839391924638407,-0.5157462507833797,-0.14563988732893057
-0.7573406981580143,1.052154666871636,0.12594566373207272
0.024224151816414678,1.2886349283800078,1.7402231174439036
-1.9311259936487843,-0.8267457017155246,-1.3936814557811283
0.33146234083114356,1.5054089667201853,0.3442786336103918
-0.37604470980137994,0.8540997220375788,1.652537170088685
0.7359222504976487,1.5460172731314612,1.0146682323491374
-0.8332662690701294,-0.39002630238556235,0.44299427373067457
-0.4801246394799726,-0.9949160506352868,-1.1866223245899652
-2.406617995333659,-3.2039825788247884,-3.945873871425673
0.4128930789185786,1.6204840685647377,1.6181943733964024
-1.1743993170410414,-0.7129716856940695,-0.2737250264779621
0.14073276275172858,-0.5708509709770626,-0.9960537555126612
-0.9623332012699063,-2.7561608970301004,-4.845246890162403
-0.5041854334386725,-0.7125186611553236,-0.7734226382932686
0.5012772677378488,2.6409435208919554,3.383728430319249
1.0300179946045982,0.5913434793810228,0.05320889299455023
-0.7782200085522883,-0.8701054588376387,-0.21062260712963765
0.6054016029768395,-1.0040816755762982,-1.292651480267195
-1.1992010695460849,1.2869309737089414,-0.4117293027614717
-1.5587553720289222,-2.648998700362917,-2.4062191435387996
0.32534523553761635,-0.039678842876333165,-0.8502334237414402
0.5428515690508631,0.09833781115588053,0.8981045353454777
0.3044239909677875,1.2030659285953376,2.608738163198332
-0.6837510735254146,-0.04282277807000556,-0.8539281468308955
0.1007007723117834,-1.1022129453004759,-2.545126908094862
0.8542860544368445,3.036318108374273,3.9953636198575264
-0.38136698222186277,-1.1830796606950522,-1.4543508844803716
-0.5751944010332657,-1.771886429242059,-0.39800311841795843
-0.915962477293952,-1.7050067431760094,-1.1854879158024838
-0.7027351387256886,-0.938171376870073,-0.8577458142917322
0.3312871929386256,-0.7098739959999867,-0.47144952396581924
1.5253743754699354,1.4354880874509874,1.9543179865355542
-0.7291469450896935,0.5955819624075072,1.8740259967647597
2.2357632396401232,1.6972451573102632,1.5379274693571576
0.47386275851247633,1.4347222878482047,0.5011949892104296
1.6140322759885428,1.3472624918618332,0.08249501954514882
0.22515140090695307,-0.2031596527912196,0.22236158919027788
-0.7722730105545227,0.37885886946324054,0.28966952669175183
0.20379016205892028,0.6022005484798814,0.935197443363013
1.0974219721904768,1.6273309154802882,-0.09267785401859574
-0.268394986115123,-1.7951790190147623,-2.2214746952089004
-1.4533882678572836,0.1778840543629523,-0.4842352143788021
0.23807958456047765,2.2871588754315906,2.1771188657541525
0.6430597076288149,0.6149041870682113,1.219503125854799
-0.7084300581898794,-1.1285629172559104,-0.47075891779113255
-0.6130426794881899,0.41537308724450683,-0.8436867733059848
0.13832954526832017,-0.1860073619936621,-1.3358459745102857
0.6712751748000471,0.9767316993446202,0.8870544514487714
0.5604902905688184,0.17410286696752236,1.555836295944479
1.300914344760912,1.8711529169650851,2.7642536684712993
-1.9295576059373833,-1.5172211865348642,-3.202775956563609
-2.2806828746086323,-2.5647994361550612,-1.6086589696677966
-1.2366465165705731,-0.139686296561921,-0.7057607568683719
0.2044157252610255,-1.3605931522293744,-0.2823854531469878
0.8921312279032214,0.508479198203502,0.1062486130267698
0.5466458753188634,-1.7964551303093308,-2.703473270849011
-2.125499379064052,-1.80040936835575,-1.7291582153523117
0.2662522407407954,-0.48297238406322723,0.1494101699060117
-0.11653439635404717,-2.1409197656613106,-2.7441178318585333
-0.5442772126945525,-0.1848564178386491,1.225081138662713
-0.3017272689547616,-0.6193575550267174,-0.8654707497643774
-0.042183728153636774,0.6599870318610052,-0.47694690370901116
0.6859703106045499,-0.1096736383535829,-0.3774744767298146
-1.1069152693407542,0.14923765843236403,0.91939058742397906
2.1744637367121085,3.6957440943467033,3.651369382794156
-0.3122772252072138,-3.1508622398356865,-2.893694693347422
0.3933526434375705,-1.7985989729476795,-1.2698891089832847
-0.3943691879243327,-0.024397873913320545,0.048631456997805245
1.8395464570108548,1.3127667471175446,0.28705479796876054
-2.0294484206948726,-2.56511463249673,-2.7902352441713916
-1.557903193924843,-1.4077378677591341,-1.4057336475395767
1.515593815839741,1.7432897335048427,2.9891549694027497
-1.0100748519179927,-0.6447532844366841,-0.47977260882575545
1.0897216039148845,2.7512609291575782,3.2878818864584565
-1.4550545804460453,-0.9807074789318604,-2.058618414651287
1.2445628948999183,1.646242492246469,1.6852495410237383
-0.43194706613794,-1.246797791188857,-2.4152162451680645
0.006869276009751854,-0.5068830903804212,-1.3929742711344548
0.12455104876840078,-0.013693570311827497,-1.1268808641381067
-0.40962862998908744,0.7598408418314431,1.5513036377320986
0.5634136429152037,1.442173877361774,1.8032602626881122
1.606958114726172,3.5531877508577505,3.726548383403603
-1.0019516732176186,-1.3606350019278284,-0.15802905750172114
0.5093258975433728,0.3512819971578193,-0.007839478212722961
0.35371673473948545,0.20849827941793117,-0.9765910977011961
0.1968612254839971,0.4177478030722606,-0.021650947146910127
1.024085291210917,1.8482992903954059,2.726417607787597
-0.9539753468158736,-1.0069010230861932,-0.29170326854996786
0.46929952399445823,-1.6326551981816289,-1.0051792385222615
-0.08415999882222178,-1.0159449653499186,-0.2678975568142219
-1.1304368612425924,-1.2344286618744822,-1.8983199409278835
-0.23048748922106466,0.3146514241491518,0.2877589260927654
-0.033262088236435255,-2.3745467560085367,-3.5943125877931426
-1.0030353476014138,-1.136228566072165,0.6381010472892026
0.0715423627104256,2.7132729177678776,5.009350573393478
1.5874211912777199,-0.08495039548192218,-0.7882817752732253
0.4277519302937479,2.07097201695852,2.029536635639591
0.3082485940719137,1.4585836717958656,0.8462221599415494
0.12165626226972236,-0.8738730911498694,-1.1302377444974043
-1.3170240384973677,-0.4445781818970136,-1.1157178963097725
-0.9096480546691262,-0.8387510709120675,-1.1988136387460435
-0.5478509285085055,-0.9236299900627962,-0.19020403643850836
-0.7861648753944945,-1.8909110540111913,-2.983240692842622
0.36185980791565076,-0.2746417351576572,-0.6076357984571946
-0.3193709030985484,0.16174453730783078,-1.9652486759682106
0.4533302512615664,-0.10152215111707746,0.6616417352439024
0.18737344247151852,0.17023186159281842,0.10679317014809148
0.8134706371843639,0.2491583659587624,0.5175308132912637
-1.149198291184527,-0.11784877874077049,-0.4827582198665625
-1.0023346350136253,-1.3051720749129618,-2.0893186310640957
1.2703415364200592,3.5393801336608695,3.2343618812304777
0.22526627833245091,0.3411574601931724,1.7919172825700194
-1.4288808108717377,-1.8677954249441107,-1.652601317076858
-0.6365830880577819,-0.9602905972509063,-0.24659068216699842
0.024270472033237532,-1.0558695701639116,-0.023621867623184967
1.639986707741769,0.7752355960132884,0.10282969331924496
2.5371150598206818,3.1784064558984872,4.703376346644983
0.030887258617730704,-0.47972198271038674,-1.8166884321889802
0.16289617992392855,0.8362922661317405,1.4572530876807415
-0.6968074459117426,-1.192028976859345,-1.3082668705453742
1.8624848667618281,1.8465502826360203,2.4422377336723633
0.3947839506866116,-1.1844333172566566,-2.6790638496777097
-0.8312396371831595,-1.7363731572585102,-3.1326956014485425
-1.5767178250462757,-3.2397839895073464,-2.333472709415206
0.510324080345008,1.472498966622688,1.2260183330150982
-1.4463721641021188,-1.4553290969163664,-0.48602867069329314
-1.1493737394228691,-1.161230234762217,-0.736630727247997
-1.452195854404415,-1.891501056397074,-1.1580648380830043
-0.4164989078642815,0.08553838703124611,0.8235527240421299
1.7292613352948876,2.3845613071806553,2.5540491664273586
-0.5368686672643601,-1.2638324819098623,-3.3160500560043698
1.0725307362950183,1.2754290439968492,-0.8143820528752337
-0.42842385977942593,-2.1887707055033148,0.8029535289828238
1.0081221243564138,2.664143952746088,3.2574542933437707
-1.0514052622166283,-1.7211026715692035,-0.6681146379740859
0.41647233329831435,-1.2245894529017929,-2.0118965510484057
0.7954465893081408,1.7234267933613854,3.3690867655462755
1.4683495168676908,0.38604616177116235,0.18273191130169314
0.15662095913755641,0.6436446507839577,-0.8947948351791786
-0.006058787073518425,-0.04767380224099807,-0.027275423488912275
0.5178980643941071,0.6381108105164026,0.40281478009157884
-0.8120612604481184,-0.21817222280629123,-0.0695436996477479
0.5181378187053736,1.1254631905138073,0.9323835385411947
-0.5376547861863922,-0.5071517060010025,-1.2906288977216247
0.7098586340737456,1.4713735743740797,0.7731698201936001
2.1391790033550095,1.3968660823365568,1.9911851522558863
0.7059825233291729,0.9169914130070925,1.2182612831936623
2.4028356214526467,1.4928413403424492,3.169556003188911
-0.45917186229812834,-0.10480761860189602,-0.9526802037025751
-0.2766064083551459,0.01375902706079124,-1.0689008636601933
-0.9119570395009927,-1.024617227782817,-1.161238411727624
-0.25316409876025375,0.7869733687569498,1.150656523053867
-1.3449506835115557,-0.5120818511168661,-1.9737371242866126
-0.7576483657115322,-0.46243028630429317,-1.1943470493807538
-0.05959747022785193,1.0114755100575392,0.008595101702671082
0.09257405559474209,-1.780912928722079,-0.8953716135077499
-0.4094010838378203,-1.969369077836868,-2.997447673380039
0.06400143996639329,-0.3561285797558762,0.8806209076746392
-0.8103627021425003,0.21056996474421819,-0.7956609358897663
-0.08615953808705924,0.3799071282468465,0.7536863442536197
0.26396332700199426,1.1646422452206229,1.0361647415744637
-1.307831848462064,-3.9089920464517767,-3.805545070200769
1.0861860952455844,1.2792434714087566,0.4706571919350432
1.0251684471335352,2.2210452321233447,1.1354897108246644
-0.6081795737689043,-3.417808027860888,-4.084500025042684
0.08729447512453031,0.15802645356509654,2.3559799896488314
1.475828982730172,0.8480227916634621,0.5957532620091439
2.3413366507703013,3.0557100704759113,2.3610208730416113
-2.0080202211370968,-3.2191009188963413,-3.1036444940080794
-0.6232115499104566,-0.7176987646830855,-1.7390579574939535
0.4549405208307174,-0.061871064892361105,0.4586983077409324
-0.3917929343844224,-1.3645959080627366,-0.22811698298061933
0.011643538337940188,-0.18180869458583646,0.9701585834746743
-0.22323923045391708,0.7163917572629637,1.9659760997926203
-1.1881977115776925,-0.4619923526003762,-0.8160755428050326
-0.11298232582460323,-0.1256431294120668,-0.43479459221340666
-0.5682076543254588,0.29444267768016996,2.3079259880716356
-2.675884273499027,-1.7320133006575156,-2.6191986521691177
-0.1931323779504722,1.4144225194785245,2.482894560504002
0.6878320088706359,1.7571837562262846,0.9828712810576817
1.6041009725521946,1.986093985631918,1.3048347374583127
1.206515412085599,0.9533378349677828,2.248425094448489
0.7408384645123401,0.8811277225928484,1.034824820483763
0.24123127017765567,-0.7576804963484547,-2.5940660834158904
1.0527728532726135,0.38969360009004783,1.5733529428648145
1.792342749652957,1.9142024598366763,2.193719209954927
1.381249689817014,0.5609605087161992,-0.3725132740884526
0.6547845726116912,0.47178299711090066,0.21799208711057055
1.8957389878740434,0.8832298093095894,-1.9721395942518847
0.2604488598577175,-0.8459618279204526,-0.5837848684767113
-1.1271386496664775,-2.2403312452269386,-3.5116249499288643
-1.10539397038747,-2.6752341492238823,-4.296075120607844
-0.6207682823988344,-0.06732616744059272,0.1021079488314322
-1.529789145110194,-1.6817847668140602,-0.9107856140977229
1.0889793770252723,1.4074305445456483,2.099999224801006
-0.15291996915876932,-0.28073285252796626,0.013215442208470929
0.26186346156017,-1.3987224730857426,0.2702542611227907
0.8161795050811235,-1.6072012099705524,-1.9379084269661622
-2.2658789631100937,-2.7369021778479325,-3.7617222159878336
-1.0405127062448214,-0.13480170418139759,1.0503376085166727
-0.9421652797053515,-1.6945250624845838,-0.7554180642322714
1.1129343599202866,0.6916828398077344,-0.4698949438828781
0.6230656514442188,1.1747770875740415,0.8444322789963168
2.0115363158229216,1.8272697543034777,0.9589159357916941
-1.852254527366662,-2.546186958335653,-3.34382693772969
0.17886938750587686,1.7377749032963763,0.4873108730818667
-0.3353494497346938,-0.42859566729385506,0.17930785370926755
0.17493318209531955,1.708344005535889,0.8738865678746237
-0.30195750942359983,0.6289155560542192,0.7454421203806982
0.40090147900553985,1.0543714429401205,1.8127839489955058
-0.20154013699785195,-1.1604917041433462,-0.14994719358933328
-0.65037434610981,0.42668855275559847,0.8959411999892515
-0.03151801581389753,-0.33286658760322385,-1.4560559262157002
1.2533884685068768,1.799420668852648,1.2696560143921967
0.9035049083826664,0.5805511577339751,0.9392695196001298
-0.6828178027344484,0.7450352800008898,0.8985474455429193
-1.5420893986149704,-2.6843139351660796,-3.0820316378393486
0.5704715562370664,0.5792848893495354,1.1221341346423377
-1.1879210112234881,-0.6656923500614857,0.974834192273645
-0.3856098659459071,0.016894369424294897,0.7223137993048732
-1.3251097706055608,-1.6050255457136937,-0.31528568952180613
-0.30070823605844094,-0.15541980694860835,-1.470323961858475
-0.25649907314570847,0.24171811216332956,0.7415674691624183
-0.932719967800552,-0.7052807697899787,-1.0590393117027392
1.1101211388259626,0.5006761719454826,-0.5523741877461892
-0.768894842093996,0.4343593438133003,0.8197397098631856
0.5108297456589547,-0.14601200002427994,-0.011240630823170283
2.015061050937179,2.902027438109551,3.4678593963320634
2.0376844925727546,1.2573627782693855,1.0058357716829343
1.0367747467093553,2.0255781806707254,2.050878549761285
0.11319750879538427,1.0544670232374083,0.0739539743579668
0.39803419478909147,0.9119458495698141,1.373773326438741
0.04374651542064192,0.18136143972913077,0.37124163357603024
-0.7921663724721681,0.03423511778711141,0.9568388198335672
-0.5306151150097989,-1.4304102820754174,-2.4123279389286107
1.5013915516514489,1.3639033794754882,1.8227874859181257
0.5265423050025937,0.13269479668378437,-1.0801440665249953
0.26494812315406135,-0.46789550383476564,-2.7548396954802374
1.9072937757530248,1.1714638664866055,-0.06402750076189623
0.6965592221986244,-0.34094513950849914,-0.5942084231254958
-0.30799231557345474,-1.0946461657051403,-1.902715781111208
-0.4679755626840867,1.3084476139393264,2.072233989594232
0.18876395108198235,0.7985268625997852,2.011643659190413
0.6334116488084519,1.1273565405194435,0.6183484922260545
-0.9794437708979694,-0.33887729736422456,-1.737464102081392
-2.449393423295462,-2.9880690209926497,-3.397562291254263
0.0822426553391706,1.4988921059467848,2.063334370073272
1.0445552532084947,1.0124903214284644,1.8166477433458714
-0.02051408056460901,2.057293493104952,-0.5758270709557989
-0.04664942035339681,1.1666505703873495,2.31934321504807
-0.23556610565875555,-1.3010445838119757,-1.7744842641186875
1.051434437870703,0.5860523121104217,-0.7288864556932637
-0.028177875030048066,0.10811252833293492,0.7677150639388635
0.652416950484377,0.6080701463352312,-0.5889658694481168
1.2468709207147541,0.5294170208621648,0.46700566047667824
0.9464353289338957,2.800485840479069,3.7423458097944144
0.03250498934889912,1.4535991897362084,2.2003560085598792
0.777086528850521,0.029752093914842126,0.6982476186377575
0.6196472181655817,0.03958364901272393,0.2408866849486416
-0.4225331820700278,-1.4169492316137466,-1.8903558762577157
0.45962000984346324,0.9328420907146298,0.45023524155132905
0.041750065505495246,0.5476599595933883,0.8448825469939791
0.39453713743266944,0.0653568494565448,0.685920785366199
0.18921904085652017,0.0027866514336759574,-0.25963657699697873
0.5027390921758239,3.0008448218432413,1.3300298902859502
-0.15489421977713808,0.33680365175014476,0.9761786938980732
0.06409767445020027,-0.15386919983027203,-0.45873875637577405
-0.382393640939657,-1.6824014625234258,-1.1141236948347077
0.22093071369308537,-1.6818862162139345,-1.5795164987877872
0.6187410701859867,1.5786126804764273,1.5471886154139938
-0.12445677815197037,-0.6556831715689453,-0.8625287754599134
-1.312567089926892,-1.8965323767689357,-2.928352647413422
0.5398285350647657,0.28754971060225376,-0.1431783742267444
-0.4966205241364897,0.14686563903675964,0.7010830975701556
0.49927059260096046,-0.34762742803946683,-1.4352188273005506
1.5413355330861984,2.578786330711875,2.4351935877000908
0.3332294754287944,2.4034470172723257,1.743748607734897
0.6121035320808578,1.1279011208378034,0.7386379959412428
1.4316895004772077,1.4569409267120534,0.9753514285073249
0.42508084671794555,1.443979187153646,2.811486108045658
-0.344395854443422,0.6830106310136728,0.417469310344876
-1.4601539873630829,-2.399498283631124,-3.6150739627177635
-0.3490281680369157,0.6570245825063098,-0.22385898258848524
0.5599105131956581,0.8030158125188884,1.1841515025376668
1.8105002950772955,1.1085270401985303,1.070638671210208
0.4431729742306188,2.2866469765179933,1.7556064152564947
0.29110189378453577,-0.6925715840476324,1.6729089936212844
0.12621172404895298,0.2554332299329703,1.560545225568663
1.3823779102803877,2.659434113549634,3.11668619312646
0.8391621741466715,0.03958066012794936,-0.21800106537768532
-0.31645663133050084,1.2659478459705895,1.0583994449137433
1.4859747366624785,0.645414552071094,2.161443574609445
0.20418330733110285,0.2102301466811465,0.7479623206478073
-1.5298152690738989,-0.598808355775344,-0.44125666124936763
1.7317789779665869,1.763873864106566,2.015196504560972
0.9454939932706123,1.6568172581646594,0.9289817215435324
-1.1046547595615157,-0.6385741247483981,-0.7029873897601681
-0.6744609585657785,-2.8066600860999316,-2.1169678820479945
-0.46445141903801646,-0.8585767141626055,-1.7785933022842888
-0.4032081927206416,-0.9990411870978377,-0.5696180595366285
0.8193320125798974,0.5682066916417853,-0.7576915541500401
-0.05067270427989327,-0.27224515696189616,0.5227052030623718
0.41798459328302945,0.9217385071188668,-0.3377418654248123
1.2943859822751675,0.8113567163697282,1.5140286127344769
-0.7256319116601525,-0.5373316092325262,-1.3897102392762457
-0.6159108855197922,-0.07697953205717645,-0.10386099676248589
2.1653066884878602,5.057694903479792,5.739430368596554
0.2728469986116213,2.1100756045687095,3.5278291195304425
1.1543353446423406,1.7117182915341305,2.312592593441916
-0.7304814516176044,0.07112196845644114,-0.1321025717195445
-0.4207352047818054,-0.016462533217289743,-2.958116954898143
0.6966880395779238,-0.6245291913306439,-0.47233236713134574
-0.20274480313525933,-0.5256097799025519,-0.19505299993218395
-0.4230288636264767,-1.0366136870789797,-0.5523823228758471
0.16506089594964546,1.339947274588341,1.0044654005380145
-0.022007582071000717,-0.09643562720765168,0.9657702898280851
0.15235485705346002,-2.9772526212570076,-3.063758982601803
-0.8711481338524079,-1.0310766350297547,-2.7876491098543026
-0.7085740141691889,-0.6138905493986317,-1.792058811855555
1.5301837845587487,-0.45964762833948725,-0.46116920235355535
0.02138027699329143,-0.0015031048487253208,-0.8567513263730768
1.536321878616459,2.2620628333010955,3.357820579480939
1.2820224652001835,0.7117807296471459,1.323578638597887
-1.4232566494902237,-1.1768745514195782,-2.1829286221632387
0.9631167291120825,-0.9040952811871915,0.17719825550440815
-0.16745444964849607,1.936586574835208,0.4484377235779191
-0.016288520265826133,-0.4307101004098973,-0.5299357140273073
-1.018256987344935,-1.9685668733432802,-2.364140304840291
0.9407134171540852,-0.4405724698866713,-1.2850521489726474
1.2372387707928454,1.6521581611355942,1.525338007669301
2.151646245001653,4.006630708566163,3.688731469322001
1.7141551247057416,2.811121459807026,2.7185564026595253
-1.2928465662512987,0.4639713781135668,0.5136262544313986
-0.010518574081375982,-1.0440081202328588,-1.5814088377685112
-0.5272350289273803,-0.028169913465369067,-0.6185287747707053
0.1372084841091757,-1.2889973952922709,-2.1195258258438505
0.8287229498866053,0.7138400792470745,0.04347309396836596
-1.4802021946625417,-1.7213082074877468,-1.565526324886449
0.22470720811045355,0.716317378541359,3.7361572900064033
2.197572914719312,4.392299507145446,5.130730671296634
-1.3161987449866646,-1.6703538822378774,-0.7367020378456133
0.5473618856795868,0.47328562863616014,-0.3161852750347324
0.4968773180641287,0.13088012511510472,-2.2539419437686843
-1.0109621472819323,-2.214458714916439,-0.3114729690680258
0.10614625886674413,-0.35467395306376165,-0.9505495436487923
0.6990026535091102,-0.7273910668624791,-0.79169402138618294
-0.2957196551440022,-0.5567061483669327,-1.8204040370843038
-0.17792222568854624,-1.357124650352713,0.3378937905606252
1.1149341106877557,3.3023902464606967,3.1798824050403485
-0.39776690931485764,-0.7467037121354445,-0.11979088253609005
0.5732075212907156,-0.11432798657888055,0.15967665449465018
-0.112141269466087,1.7614245851916608,1.4094902408729373
-0.03357407782091547,0.25477694384518684,-1.8789126326557064
-0.6495233029827117,1.3316407143109228,1.3482179195327442
0.7169075268877511,0.8004802713813515,0.8745774691064186
-1.4748598513039386,-0.3550442786239132,-3.249303431274461
1.2261591730790604,0.8085704047588518,2.1864773924126366
-0.5312206459927145,-1.7653286011175076,-0.6945236898236378
-0.470629773447332,1.1550749759455048,1.512194667080576
0.029390219792916044,-0.6127552853177447,-0.5760909051506168
0.872806805314556,1.0248692909616197,2.463043185636351
0.17217966615090874,0.018942476203002573,0.7256049779926685
1.0549990165572796,-0.07862672122741454,1.0274961475029012
0.3922552254667038,-0.30966572795194097,1.1640476037444722
0.02593721666158349,-0.0051795452529180865,0.9149933466007262
2.185152528252523,3.252837363724338,3.006249706964878
0.059551116268457445,-0.4477099134190121,-0.9892147039967508
0.45730238336566914,-0.3818173678053732,-0.9859039420294315
0.7193710420217184,0.9081540749632029,1.8177376677904868
-0.867438812850792,-1.2910075620165506,-0.6150694342311055
-1.1766915879137856,-2.229420352423464,-0.9991138795533385
-1.5850338628143286,-2.6052562064763087,-0.7364476981845018
-0.6706739896286648,-0.042852567279291764,-0.7497803864789249
0.5016348587806563,-0.43640949929912576,-1.4728455561055736
1.7569363495541028,-0.07842657834407563,0.0486261827395707
0.3293908674908165,-0.3233406662206114,0.6023394228416648
-0.25249702863884815,0.1745675248948792,-1.1283868324273838
-1.9168587261786538,-2.053723659373053,-1.2055990165390065
-1.6387344152869163,-1.1171758188351169,-1.8386656648420048
2.351887765616347,1.8965488534614996,-0.2809105733352346
1.0282100237988916,0.23755944447410726,2.9560252427102287
1.0707755458013808,1.4286872400264912,2.120423826199143
0.622174496160577,0.1477383903587996,0.5659502671763276
0.338994694155442,1.1408453556105838,-1.0373376926506328
0.23181577662447433,0.15897020011369692,0.5081501254071857
-1.490874283484645,-0.30969040829110805,0.16010265999838663
-0.6490390360026964,-1.2228914441486105,-2.1917178340544803
-1.1098193636593523,-1.8814138003343825,-1.0262913034555217
0.41460318378335465,1.395807587400543,2.6371209821487023
0.2543110022836141,0.5038145781524256,1.5783661619155387
-0.13607694197892276,-0.42321244587877305,-0.6859196289505338
0.09618893765093744,1.3618821390055884,1.1937906644750833
0.6291621718851058,0.35527551327553053,0.9041707337373295
0.21053933923921014,-1.876845828740932,-0.5683599145615352
-1.420308138926807,-1.3537533690197328,-1.5711438205086854
0.5973786064685956,0.26718794172871696,-0.4868683365835068
-0.8999887101733284,-0.5352685817624083,1.0605107548506856
-0.8574271069226324,0.6158400919296506,-0.458319460792071
0.23871171157085305,-0.6315283147195673,-0.9472538890533091
-0.19758228851746495,0.23518936588158895,0.1604443747883774
0.43542966975244424,1.0428423779753442,2.3021958570986576
-0.9167111191611647,-1.230883147304787,-0.33973247160139297
0.26218224557655573,-0.25911370240515413,0.1080587051145363
-0.02587298801314336,-0.7789199584261732,0.31360373895668614
-1.013178624421521,-1.7781316794141855,-1.9385993595018693
-0.8192974794621114,-0.14537644081970347,-0.7692470182171088
-2.2646896901803633,-3.5004524579473575,-3.1309517995671916
-0.4662584328736962,-0.8820543359220289,0.6986199115789707
0.7867338463982682,0.8763473258086034,0.42570591108953915
-1.2773688984783864,-0.590729914900929,-1.1629381744892309
0.3600824006555788,0.11575765558109136,0.08012783425383802
-0.599489389220566,-1.3293981750554846,-1.0861726538275636
0.9481266698728472,1.1306467710981607,2.136149899074244
0.2553047506952038,1.3670022236748944,1.3019062925553373
0.09069139584829651,-2.8826098537420375,-1.2744887793789677
-1.9461129257774779,-2.6418641681841164,-1.9642442491539822
-1.5039872188518701,0.13192172888343157,0.21480177511465626
-0.8181894308695168,1.5373900436211678,0.8632583071259589
0.05001087878392332,-0.35666694427236867,-1.3794585171262568
1.181985834773231,2.576615436955265,3.2598892401620816
-0.9437723190152819,-0.922633768182774,-0.4152247952965482
1.404891694195055,0.5063214076599655,-1.032582110323696
0.32294061567004867,1.0847751394965024,1.7509253721445066
-1.2808442327976255,-1.2584652366507325,-2.5854899895387984
1.295279670929089,0.8407624338514508,1.8990326582402288
-0.3675500019631548,0.27613477172544887,-0.9517190925271563
0.500951009586227,1.7267609356535902,0.9155884504823204
0.768588050630452,1.7825003171909923,3.9838148233201185
-0.16063942380747018,-0.3824504266741612,-1.6101111916812663
1.1021699136523044,1.0498309972695892,3.1073983506576472
1.1855639140043421,1.3483017342690864,1.7056285222431349
2.710714106362982,4.713013039745466,3.686032146750748
-0.8289440909177468,1.101950160270753,0.8741422284157568
1.6459818789627596,0.8618678389570072,1.4431340427826105
0.19540154905515653,0.2960615367277952,-1.2978310074640391
-1.1674221453102123,-1.1744050483736137,-1.1861953790887303
-0.05391972321972089,0.8542049074480885,0.7775982673744675
0.44526474561025564,1.1710813299448344,0.9670058301865011
-0.1998121399233078,-2.2573207803028352,-1.491579161620658
2.0875022914295056,3.1877695040413245,1.6613801272298487
0.5676837334626994,1.4884147685906315,1.0013144814425405
0.9783358720794926,0.40142040439534465,-1.2646178761944484
1.0695528286533773,1.413809226229888,1.7156005160814034
-1.3386475284389951,-2.1273197846187637,-2.1363198382890016
0.9287718486688576,1.647302256950954,1.8986697454375934
1.3375706769498568,0.6345236314361555,0.5970655582482014
1.3683238307429544,1.746859787045226,1.814403819828239
0.28560604541255247,-0.05853692618867673,1.1945619981801996
-0.9316735927402628,0.06926778433232528,0.3225606004680602
-1.879886077880868,-0.5697634861443956,0.15441056392610908
-1.1275207888045078,-2.343660890204699,-3.2388587884298863
-0.5635056355781279,0.8323229764162917,-0.8382339667058666
1.5372259549457883,2.140061443455095,2.579406541731039
2.2657732972011013,1.4165403291726677,0.2673716683876268
-1.2957208942507756,-0.25448501235963095,0.5610206838328115
-0.12372184794394915,-0.8019150408658484,-1.1810232087715358
-0.3113327691020648,-1.0942497389990247,-1.2280518586932019
-0.8876509629315361,-1.5063788509283835,-2.063470768608178
0.3636128131830168,-1.3538967634904504,-0.5483159188448294
-0.9980480666664119,0.15733924625717421,-0.7307625215912902
0.1988656767080851,-1.130290959599084,-0.41279153465909435
0.7736851276328345,-0.06369298340750185,-1.1879481793963005
-0.9375739520079,0.570093123798464,1.1473143124952223
0.659165149099011,0.9463101548410069,0.8421347647854368
-0.12371038770087907,1.3628075295151505,1.6338650102409846
0.9371180457263987,0.5975369483225412,-1.6586362019450394
-0.29018693481874935,0.3621982515652924,-1.0480451568785276
-0.3475110925109846,0.07782266137676219,-0.40793690488576406
-2.0837463183942972,-1.5686457618889584,-1.3857809634945693
0.049958774276456445,-0.9618678786510266,-0.5862678485014637
1.0509331812736868,1.0986518152999258,2.0895227724660943
-0.5321434587473115,0.5463486679598435,-0.034015382979799
0.4343988626731909,-2.133973526037894,-2.847169400316913
0.5774263759954072,0.7837265980341708,0.4762854838301533
0.3340846711305323,-0.25851088593283456,1.1658480418504054
-1.0937483805903636,-0.18349402435182838,-0.20495340030617593
0.5267008232624928,0.5366220794183616,1.3452629037461918
1.4596792625408976,1.6182681350414707,2.6482104232667076
-1.5715443743345006,-0.18960496441309083,-0.7194761578793416
-0.32077431835701614,-1.5109162585491374,-1.9059378461709338
-0.13196093913776483,-0.46283511998407356,-1.8968239027330167
-1.167453126254744,-1.9382771776549423,-2.3799020767682384
0.7071350493241897,0.6235847320393925,0.014866525914491113
2.106504410581559,1.6608733467916899,0.6244966853381135
-0.47839732611204544,0.7621607884207252,1.6881515476969473
-1.6764287995298128,-1.6500516449524796,-1.2431323239049454
-0.7126104570573429,0.22245426162989923,-0.11952298793488492
-2.122648991263043,-2.361144976906564,-0.11279519499328705
-0.28461099279695384,2.009364839226027,2.421719110394611
0.31242187140632366,-0.20969286911269697,0.26791573373371874
1.4747614156526094,1.0138534246215658,0.531220818620054
-1.7977862527381134,-1.0620949132007746,-0.6528108259389336
0.045353465286823394,-1.618954132121545,-0.1339673897046636
-0.09897742509289655,-0.3724048931367273,-0.15501549195246261
0.06236197032067973,0.7721817309127198,1.2617059496494372
-1.1873909581637518,-1.681881920238487,-2.4532136272954186
1.1077378226807515,0.43983913904134886,-0.14815353478293225
-0.5916495902091414,0.28267890814570684,-0.850731603986062
0.013069868502604224,0.6035294549391845,1.8479620483985926
0.006429537668298121,0.2914997945667358,-0.7666281904226296
0.4956959868435082,-0.34171974505561625,-0.8727393389728648
-1.6697917194939806,-0.6986698328334738,-1.6137716418702117
0.31362830107873513,-0.17147981713947136,-0.6388453327758392
-1.207543332082276,0.015482902777644414,-0.6613162219481398
-2.744668106405744,-3.6184658190473473,-4.718474996035713
-0.7568703675617998,-0.9076378256267443,0.08920040818822417
2.4030814109083254,1.8759187035981333,0.856446076843755
0.20694625892748633,-0.0403443678174725,0.8095365674291156
-0.42803298853826227,-1.69600260769802,-3.230209983056834
0.2945590958027089,0.1952141892643679,1.7631287663795983
-0.3628209841236079,0.4871744876859753,-0.4527679332527879
0.40177482805008596,0.11983529062005477,-0.49295332955930576
-0.6792685921945721,-2.179400951522006,-1.2150242757060683
-0.6634182143914679,0.16362617149478964,0.8007504639339176
0.5259022380655463,1.5580124495062555,1.4063574062939403
-1.1477592329719029,-2.397793352092429,-2.8885342526232427
-0.6195005505157144,0.29615361480280467,-0.9445779196119196
0.11634167169283492,0.16785698230555107,0.6150478989165684
-0.10247827792254928,1.533396664559701,2.8912363955264997
-0.050459892398578385,-0.27126667970487334,-2.5135429463388475
0.8039631206246979,1.6177272457147827,-0.7392932506383154
-0.20649868818304365,-0.10566483072867275,-1.4213496183848864
0.35107070196510237,-0.5109688266074166,0.6124035816964117
1.313390516063101,-0.7646188459306014,-2.6980915714477653
-0.4557483196130159,0.04088145695665485,1.2123971197979901
-0.48284062991740656,-1.1173803285436674,-0.6365960853681366
0.32512600893493543,-0.6887612871788538,-1.372703807878073
-0.4152862807315361,0.11966754426895948,0.5360036807453278
-2.088269076158963,-3.8624405219733955,-6.177486335988228
-1.2769975685195993,-0.7114222281664081,-1.2742434183450846
0.7050579887866328,1.5160269123276044,2.6658374260435567
0.7611633464629469,0.022316124562355544,2.1259563425941734
-0.00879571569292713,1.5366435470926325,3.468875495454779
0.75195731832893975,0.923025218354526,1.7169226025554405
0.35761833418133293,-0.14532778718003303,0.008923678199587837
-0.10072900649337656,0.10521022248689514,0.7900371069459762
-3.107155080019426,-3.1694160315206474,-3.8532172395068387
-0.591181710281239,-0.32969467547510917,-0.7477611803635338
-0.47277196853913167,-0.4820584819187669,0.4188374336323589
1.5757802200155113,0.21190542943800605,0.1547813665027894
1.0819391637927065,-0.0857349601766193,-0.9726331130944842
-0.5326358869805968,0.26498156314936683,-0.2999916161410713
-0.34959166161517186,-0.6393142707486239,0.25394551689070755
0.7802174375473676,1.2607843200190008,0.3224694904545634
-1.7474200624728466,-1.5863970103740652,-2.8291342768226837
-0.6752443772650494,-0.8363769977414026,-2.2943365678834917
-0.8821888879434212,-0.9914716332648296,-0.01639872248510932
0.5482731981340638,1.4500345846988065,2.3272725387582742
0.3078158620671619,0.414459247354258,0.17963526055764834
0.3440338463261251,-0.07335680229136698,-0.2234650595564621
-0.2986613560987469,0.3643509816180054,0.19308552818709904
0.11519438515333968,-0.6517478112656749,-1.1314966227728378
0.8766826345592734,1.3854558012002958,-0.42918473529955303
-0.6140345082347779,0.2818565374977807,0.5069318832476911
-0.12901644580478067,0.5612651921744788,-1.3003322436347329
0.5754220903908563,-0.07328399674189234,0.32545603756811126
1.444802896890942,0.6660320225737154,-0.2865838887580231
-0.7879075237023229,-1.0888479335829584,-0.5946808840420121
2.3952406482058777,1.7003555724702855,3.4524174289183733
0.46272914274389154,2.6282957872537516,4.228012664285676
-0.5794907669887926,-1.44576055879996,0.12752966544902478
1.8417568113097311,1.9730736758206786,0.9576122808114689
0.3647542210008433,0.8087163743732735,1.5394827937120854
0.7731504961264847,-0.14226759346944662,1.227992110782708
-0.5448814663909293,0.7241809261421813,0.7699708218783091
-0.42340688376720353,-1.2368057292701249,-1.1014433348758643
0.47253675896712766,-0.20291232748554022,-0.8085638512560986
-0.5579543220053521,-0.8319009198378562,0.5353265882279079
-1.1444477116888683,-1.7473407305505653,-1.3603580756225853
-1.1226469074103704,-0.8513691268635133,-1.1220352125021191
-2.976619053862906,-3.043589825847181,-2.6773781876811746
0.825234010239102,-0.672667895710577,1.426306651753408
-1.2243138476102922,-1.5783464854611484,-2.418557393017963
-0.1597624901786594,-0.030068887502487984,-0.5801255053128955
1.4900896939429795,0.8919132347531437,0.35145391139995885
0.17027910958634182,-0.3759314295456855,-1.7265312246369762
2.4341696105626185,2.006299497601572,1.134941132776178
1.5314456353083268,2.173865238598819,0.7753192348235074
0.9357654771279715,1.7048890220417814,1.52963352758324
-0.3183917047282303,-0.46582429251339286,0.1932474904542889
0.2238561845496838,0.7810079890912776,1.0891275383770742
0.17636530674916645,-0.1508498912729726,-0.42535453461059725
0.2546641796255764,0.5354534314728435,0.3763752897970325
-0.035500150550613833,-0.7331151232981223,-1.1896276421158598
-0.1505302341107158,0.46250188868071523,0.22832393277514992
-0.03517458869171574,-1.3328213836047713,-0.9471542321863786
2.242435762542249,2.806786793421375,3.910919716194046
-0.812261806220999,-0.841073048732335,-0.7213051043154495
0.8391250444505357,-0.7524390192349996,-0.26417214406284295
-0.2810760787927616,-1.000298744762172,-1.5912280067600824
0.5541085083589657,2.2283954200100697,2.12192122246477
-0.9934813933532758,-1.0427573725749668,0.27343649015006943
-0.35074811839146103,-1.9375451958121155,-2.7177408239719933
-1.9276248780797525,-1.3401517072001061,-1.8264125359593848
-0.29183500816020524,-1.6621551706325017,0.06909121192938827
-1.7830336848546353,-3.9112006524476244,-4.803815801306562
-0.5717317422979564,-0.5385941615919677,0.9172804134188991
0.8943840181521967,0.5474620669720388,0.5236594731952002
1.2723486721191297,0.8680586027835888,1.0932929397020412
-0.15611872489243273,0.7669275189884572,0.8508778748508584
0.012452102279556822,-1.0580231670705393,-1.4801295305366833
1.671718106709195,1.1162653283705348,3.136660879528863
1.2718398913833824,2.4797292793714396,2.7620655755186676
1.8169393487112435,1.2522718930817345,2.7141272520492206
0.7731475085988467,0.908554997702342,-0.5130533035223591
0.8330487221619763,-0.15718042077103944,-0.48414682673400083
0.28213158280564055,1.634308805617869,0.870957403463965
0.6637628074773669,0.6177952023638442,2.3378901027452903
0.5634544903927727,0.6044078981144834,1.9555370027248744
0.04947085372749534,0.03933975562216217,-0.8497175450204089
0.2641539267891701,0.5001314147209158,0.23476663938451453
-0.21036877357427416,-0.4451663861278605,-1.8883614816278813
-0.9322552764411185,-2.455467285402232,-3.386358092272067
0.9617929679019591,0.3923698132808361,0.34997749345941853
-0.7237965029811513,-2.3112130201628487,-2.5442359118837934
-0.1766337691066155,0.2501857947547529,1.8873005854003004
-1.3344010836281968,0.017383055636539524,-0.27147731658653873
0.7332154503053938,0.8493058114004224,3.406744123923068
0.11855449913238299,1.2921168462886126,1.905061635885534
0.574744301618221,2.1311848784771357,2.0176756709473733
-1.3955379096979856,-0.8401101009767488,-1.440383401072923
0.6452109885705052,-2.1795307939723685,-3.487473593198941
2.1386482497790813,2.8064316519608283,4.671769993518863
-0.9561849020601488,-1.2593619662927118,-0.19934145516962043
0.8573576713982043,-0.6174590347565128,-0.5682787635810823
2.35852500487372,4.3360652237652895,4.597007475322133
-0.4783181182399314,-0.5369225368097573,1.54359087961297
-1.1898078555929346,-0.7810725243278216,1.0378356811479716
0.25957489896369706,0.8453352359118154,1.466622374901572
0.24523509719857442,-0.9287802602105024,-3.0788145970292753
1.3316412900504324,1.4409539489077188,0.9873312881801731
-1.3349313906522668,0.5354783729787282,0.10439523443287357
0.44197195385907156,0.5256835028895843,-0.25409062686579287
0.3372860553463022,-0.2522543189301659,0.06547477502640031
1.298870513370064,2.371697020148516,2.2861068621967173
-0.765619889232539,-2.1021054946726534,-2.163046100649875
0.35427461684945966,0.16409590610748204,0.045029939267076824
-1.1451041080524442,-3.570279871718812,-2.7103327804251967
-0.31863481519615333,0.7033120782306028,-1.2014005979748632
0.3279774073366522,-0.430238383297102,-0.0633225243603362
0.07357560719431905,1.4990228013415996,3.6070841289368083
-0.4014170127377029,0.1744518772007092,-1.2993805910186742
0.38359712091630416,-0.41036086333111044,-1.3595241656237582
-0.15602224953837754,-0.4478644517384913,-0.44859277413606513
0.1463710425793667,-1.7332702400836575,-1.1239144595688237
-1.2726793898762119,-0.1262836541756387,0.6973258403460019
-1.0071398283446709,-1.4320855488278448,-1.4324756815785191
-0.26316638942480575,0.2568804735463097,0.172341495173281
-0.9272148348416211,-0.5867914389529765,1.3469624175988717
1.2076711926790948,1.3232719002764775,3.176537662145334
-0.363828473175549,-0.279745958717022,-0.203264480328749
-0.12531059459624158,0.24779055599645147,-0.694051586625444
-1.9178788459049803,-2.745165841999833,-3.8872914267534524
1.0468060306400424,1.8845582389435753,1.1565906715369492
-1.3484847503202548,-0.30077401086176336,0.08813213005293713
-1.2255761475232563,0.27975400343404555,0.33308991280523276
-0.7089551143622024,-1.7719997909079472,-1.1056490492243416
-0.3486347697230126,-0.8015106260992091,0.6084290806801291
1.84518489737202,2.6636865970634456,3.248746934026559
-1.5865584624167055,-2.4509271101949652,-2.39436755375309
-0.3916710770126892,0.9882971750402241,-0.23429259010020176
-1.7169723782761541,-1.3109424825108724,-1.393264989971047
0.989956198939797,-0.6308237526234594,-2.222197692512781
-0.05712005898017619,-0.6845279162079099,-0.3413595321290549
-1.185764225779962,-0.5647213972924853,-1.4622471056876236
1.8495734009732285,1.6646604171360078,2.311233707385075
1.5350868669489446,0.8653452860625669,0.6838261033156081
0.04627948050307274,-0.8821508596772993,-1.3478864951222351
2.09506298575583,3.9380218699604916,3.7925995724806203
-0.1080371556125457,-0.5573327665249247,-2.157698474782531
-1.7665551859509836,-0.45570027659922663,-1.0582829148836526
1.0388723985528379,1.1162152550002622,-0.09870808418255672
0.41868034047168434,0.9844790893380468,-1.4202708742464443
-1.053397073870032,-1.6869602751847672,-1.5988973986928336
-0.8071757172121131,-2.665620414652685,-1.8348603850785783
2.0589374712874076,2.1368393960335235,1.8451550831150385
1.1692212709699472,1.8842568395059152,0.3432533555763091
-0.9296342411759513,-1.7026841111770685,-1.6251599442178233
-0.06352343149456939,1.5531606664992497,1.06291883321399
1.4882655287951585,0.32580608655971566,0.7475405844123169
-0.9704102239184892,-1.0746391712701684,-1.6391095471326806
-1.8702003668220057,-2.9817247080127993,-4.050979386145521
0.13938171116564285,-2.217733632695591,-1.5550827112868926
-0.597774946569299,-1.296448002519732,-1.0959661940971517
-0.9559509367632335,-1.0443314464725035,0.6136014287650164
-1.366546261288368,-2.9528429728837304,-2.1738568344403384
-1.7002019940253268,-0.7290584547629879,-1.309836647477229
-0.718096477699198,0.6815016093293005,0.5125410684157812
1.4851848540919819,0.3682656776126272,-1.2027004164283155
0.864015196002984,0.3252011910264281,-1.2903329388935096
0.9133272108619173,1.893411907336343,2.2778060986208
-0.3045678548840379,-1.5324580207690373,-1.7954452279851054
0.21948287445568562,-0.7624553329306215,-1.1123400189899928
0.9592475325928855,-1.0085587353383867,1.7325645396199032
-0.1339388846018843,0.33844482175467555,0.8655940593585598
-0.28920718615190233,0.3834649689549633,-0.9026951598177285
-0.5272672399617271,-0.12366523798473289,-1.0103708318218707
0.974171830562942,0.0534651915030917,-0.5281653430691243
0.9269038534500198,1.019514609033983,0.9056909475692936
-0.11908030952886159,-0.29487515167350364,0.29187513775745133
-0.3861458254589089,-0.756024871710266,-1.9404009049256414
0.2945031081257821,0.6382088153433683,-0.6790986718062066
-1.108727634193014,-3.067342753954193,-3.169251244744569
-0.7196336477889073,1.2920963708303979,1.535264584796839
-0.07250339932105536,-0.07957359532559415,-0.18942835262142185
0.049655208150167635,-1.386655509526555,-1.0871926335565574
-0.7735472578534849,-1.6132755220175565,-0.884415224335963
0.5970753156303253,0.18263994019303875,-0.7004753289339307
0.11253787986191968,-0.299233600501308,-0.4534060545681068
2.2970515191191847,2.674878855184451,3.418506922741069
1.3148050082458391,1.3358731353139432,1.4882181650413093
-0.3264833023159752,-0.041262006333563805,1.077130094376978
-0.31362920118453996,-0.10019910596258974,0.33615069432604155
0.6415163920756463,1.3828260479885246,0.36354208634094864
-0.7684241152684865,-1.2921901155953446,-1.4347096191052504
1.1194176778180476,1.2793837183976529,1.1754383876776928
-0.5449733076550464,-1.2587243669912525,-1.0367888941531473
0.39954737681507163,-0.3553338292174581,0.38344507036294356
1.3212334652621978,1.5228062568096477,1.6351479206945332
-0.1882809495285407,0.34863985240373485,-1.3815421556214875
-0.3356406158322215,-0.1997665717516372,-0.41708385132447584
1.4314977840664678,1.2166863851405973,1.2093208575512435
-0.663517548290973,0.4833401117373257,-0.7323602421855675
-0.8885758111830436,-1.6131512443872487,-2.1660320602873155
1.501803643750078,0.22242393824571471,-1.119003192958282
0.8968089913152731,1.54450771261364,0.5525581903452113
0.7180694361341453,-0.5581398459238354,-1.4067112504070383
0.6782395288758002,1.7717619779824956,3.073120543906643
-0.049576667890312585,0.9400572490440559,1.1842049270755068
0.6756455502902329,-0.2542804085658199,0.34311453690724725
0.8372541184699283,1.4140396949993292,1.166602684275593
-0.7646314508146885,-0.8226505305671462,-0.7838384935900637
0.3210870276688891,2.3202500192493423,2.461052433713959
-0.599274769567124,-0.9284420334616694,0.10484620285712754
1.754995580447773,2.0141456348200855,4.47128455866058
-0.5938848919931863,-1.1974920451262365,-2.0084489542846353
0.7694620057113405,0.785263502322085,1.7346117762971422
0.30026217598268723,1.0475845026267558,2.045959152534194
-1.5562479576968113,-0.5299499559172165,-1.4681903522908777
-0.3652411893541963,-1.1129323906947888,-0.25069139206915336
-0.49579509039778336,-0.9018192035141415,0.4815429050455198
-0.33246088919275857,-0.6271341193616674,-0.188029269925722
-0.6116663006159726,-1.7053138246514477,-2.5913650508612878
-1.6002242647248088,-2.3543552909804184,-3.7146521713869043
1.435602737743292,0.8190418556671419,0.6513124852638091
1.1442672748781393,2.0128173161642238,2.227231762155154
-1.4370255500319775,-1.3967946454525249,-0.7419859735598419
-0.6811660744845749,-1.2183491136869207,-1.5148371902285063
1.8159784870034283,2.038323535831772,1.8962350155943295
-0.6991434735726124,-1.778776621331482,-1.9702320382290603
1.59240350841514,0.1569782067801737,1.242992319766473
0.5827754699921225,1.3058929252858265,1.6511390222985982
-1.1093009158018825,-0.4885898889430077,-2.0973818742426347
-0.1899066462745713,0.10226160183229457,0.4151737603323925
0.6742808721333936,0.7392864939988507,1.0786054120413862
0.23704919279910952,-0.5995382184486199,-0.26171936569534404
-0.1944183601776014,1.1350420226893396,0.47786080896894445
0.4354357183276123,0.5150209321457245,1.9489865379117024
0.1262202029837419,1.2789105001464198,1.5695705559511348
-0.555229960710806,-2.1053844596351117,-2.6915806314405657
-1.1887149341987249,-0.960598190103869,-2.045963916283803
-0.045864395537399086,-0.571565825343213,-0.41274924893303466
0.09425522929989355,-1.4321132636569627,-0.6355483489716354
-0.049168393627803876,2.145588487049015,1.1857739519499582
0.6455699707251168,1.133797869939852,0.9277261104839253
1.477098554323098,0.41787258310466924,0.9980454098724533
0.6511367133343657,-1.8193019563164852,-0.8757161002056016
1.6233671360487534,2.244410333215377,1.1790753068356652
-0.31741373900363873,-1.2730402443511504,-1.0623244064773045
-0.08023315729342553,-0.5739348533898453,0.21719554298853216
-0.5752882304058684,0.5323909826231963,2.70694921257021
0.7802885177401215,1.9425938462095522,0.5831911465182607
-0.20937814729601104,-1.8910572986144183,-1.144532919552712
0.12266580522107119,0.5004274726398263,-0.6525695689418358
-1.5146432087102994,-2.9722916243109596,-4.380327601114703
0.25817114442949163,0.6328191038712976,0.3931169589747502
1.465170495430163,0.3087209778879241,-1.0655576545720993
-0.8230433207841874,-1.097933781394804,-1.7487308953368075
0.6009811454773739,0.5604512313380096,0.13137814937600162
0.4390218866641931,0.1346430616369011,-0.3823098123694534
-0.7772843355013245,-1.0576968437207586,-0.8258902960227237
0.24168392200160496,-0.8438891432349154,-2.2472632290866548
0.7596107444663556,0.8909462726513276,1.1514024095068212
0.20750744477156344,0.7154226295980755,0.665338318223906
-1.3065609400918456,-0.68273357465488,-1.0164503933536029
0.4990906167497181,0.1856837395016564,0.3491801570035647
1.3745441867371335,0.032551959664024466,-1.3488567573093786
0.14665878089942846,1.032458676869805,2.1792197456558635
-1.0917786096797668,-1.8966331864268062,0.7418622488983189
0.42736963837936864,-0.09272453220033477,0.931186083611673
-0.2795690144623675,-0.7864265112432921,0.5482997913938464
1.3556785217420593,1.3894403697623934,1.2183312989245594
1.310002592207418,0.7252609386566625,0.133341161337852
1.919444146757649,1.2826660228799462,2.3638757655083267
-0.804586341953342,-0.48182067087110075,-1.9900679941004786
0.3907901257510519,0.5868573946332242,0.45882197492055077
1.4953355117903746,1.6977058408034802,0.9419016539142612
-0.2688252894809238,-0.7099707705259717,-1.0084236491735883
0.25407594238325193,0.3326518325121225,0.8539851753856572
-1.1188412186038124,0.15730239328028905,1.62881752761584
1.562331904676582,0.6529631223585015,1.0774124091733592
0.22179970109083538,1.3939305748409196,0.7795689079477264
-0.4772419777838073,0.7120971840986683,1.1667451394729547
-0.25281939514905194,-1.6560563642515533,-2.1914088669952747
-0.9434038514801499,-1.3777994710175738,-0.6557145678815284
0.19378604222549897,0.06701368590722939,-0.43900183720878355
-0.7311602317766636,-0.3485519311759481,-2.2933906085174827
1.424512668018931,2.6614801025988766,2.30054923500129
0.40793075480620916,1.5495472704147721,0.25508482567861646
-1.0974236858055872,-4.14988869221745,-4.086236003546137
-1.2901527903552141,-2.0535565576295456,-2.7275383551624386
-0.7785802444615574,-2.2053317584458103,-2.376928193419648
1.8771029715908554,1.7182452220627222,0.7690361301188419
-0.41257294225068897,-2.0651108472861,-1.6865198424515737
1.3841188216753195,2.6650327579125093,1.3084164930316982
-0.11106522988646868,0.8790287888376676,-1.698849507591826
-1.484421507406084,-2.4223004641273946,-2.237947348663388
0.7691499856674466,0.07148213519902191,-0.1534557742698419
-0.37717835536685984,0.5467115341812393,0.24770655546507597
-0.5569089199358697,-0.7324301167118792,-0.2973106016481306
-0.7153899938286123,-1.5845269169718383,-1.3562191359505875
1.4664234206098543,1.913299214499942,0.1514400267149123
-1.7189811195163578,-2.7964380425561792,-5.381861511151139
-1.4346978876997594,-2.5375466881699493,-2.57173471662298
1.3797009212772602,2.945037536868176,4.094926479210795
0.4917969608578023,2.128389676800826,1.2910973608421084
1.353045347560303,1.16772144862622,-1.1546014038042403
0.7405561514031814,0.8476735855111317,-1.0325872922283956
1.2122431854127897,1.8848427281918134,0.24155973601279745
-2.120284205049852,-1.6055183555166304,-0.9985593777121222
0.8619905960680077,1.5059573742419188,3.1228465888421706
-1.3985367219349847,-0.4115309611516881,0.7948064252921331
0.15481097602841057,1.1756020909824745,0.43925615061685097
-0.3759686932122436,0.5227780898660364,2.086672643423409
0.44989599973108124,1.6185911371501707,2.492307320737274
2.133996611725325,2.92258991500253,1.5282290765651276
-0.37419522522926385,1.2614225323503772,0.26507839364706165
-1.1087351633461289,-3.372580636569182,-2.493232493966298
-0.3167730117717244,0.4220448848402077,2.45651091250482
-1.8241357903770838,-0.97447776866586,-0.022288067446102566
0.7875943213005845,0.307475775930457,1.4082743931781947
-0.617771483084726,0.8432912681451009,2.0795611546555857
-0.8905109198020127,-1.6713827809891115,-1.096595482383234
-1.7036589739134809,-0.18579457581758496,0.6263232424738279
0.19819179690802052,-1.2129117047191784,-1.536522218570288
0.6927152557000639,1.75433959220149,1.3543513527929456
0.5494462793744171,1.6838557258868492,1.311351031493311
2.561675598409871,1.4660245652454944,0.8274206770333148
1.5237639931702363,1.5581345929709485,1.4991326572477335
-1.761000043380687,-1.625186550837295,-1.105842448577897
1.8054811187053783,1.8610346979720684,1.6627367099036132
0.3032148247511462,-1.1508077312183602,-1.4593076126842255
-0.05875313485169266,-0.8146012995749945,0.10977775270306589
-0.13541581810937947,0.08774232160331313,1.4800903897402855
0.7159927066418437,-0.48812340443827074,0.9544894502344934
-0.6258042883672253,-1.6453393885347651,-4.60266820522562
-0.18516043485138975,-0.3242810654998388,-1.0222456295490232
0.2349396127273049,1.1903685477198265,-1.3814442081824263
-0.401820354085342,-0.17461658203948627,0.30093556901112883
0.8608704133529393,-0.8336939988299005,-1.2512055261400565
1.3261242838899625,1.8815019052388275,1.2445289414972722
-0.7052880853986607,-1.3301163904425837,-1.073285096887819
0.4353781791298921,0.36413192764528535,0.07881215223287225
-0.129798061633898,0.5039421402345277,0.5446085377794879
0.05571068264481857,-1.6362377046685492,-0.8010369018036122
-0.29894089574903737,0.15055374987194697,1.4647408273313043
-0.4714189575002456,-0.055182950970016076,0.6967283637487436
0.10177523323256053,-2.2305052317749956,-2.041166281146555
0.3054126041783099,0.9396817521685656,0.10842609315141971
-0.32870546520887284,0.8453365448641834,1.391434650748217
-0.7490614423931256,0.09165219618919163,1.21030981553158
0.484284906152316,0.2173461416184046,0.09861245646881564
-0.37781247505291665,-0.021496590739662313,1.013418622816786
-0.25170903508011905,-0.2812958512266978,0.08176251617280955
0.5086305383932724,1.6254061066434708,2.7001638371676364
0.2609499902980014,0.3033212866548798,-0.9799229929060702
1.1026869563634245,-0.8911533954827717,-0.8558594922066919
-0.023540036267589885,-0.9381393815635641,-1.0140061414661123
-0.07665418355090464,-0.6044777137398081,-1.4661667154684699
0.8099306086313146,-1.4675282152372504,-1.9606617059828728
-1.7139379283400784,-3.120189664428174,-1.6278966566937347
1.9750680963681129,3.3391071497062472,2.9925005401557265
-0.8672229598861617,-0.36236900045000675,1.3709886686717336
1.4668113256158624,3.1549420638201195,3.0029402215078504
-0.27856002479359815,0.6831970983557574,0.5844874081231521
1.8035886498634224,3.062344906377785,1.0485511095789
0.28817222976304396,0.592350853743607,-0.8962195093356485
-0.2591316999038604,-1.5697329417837447,-1.4745166066643784
0.4152626491297755,-0.27445394915575827,1.0875479837211508
0.27623538164308037,0.8778549753242798,2.8530109459567092
0.7164279459127941,1.496134731524825,-0.36173541219022587
-0.3792216617835241,0.10216813264608676,1.1142164414597668
1.1249604973437881,0.23827434860301822,1.0829408087621109
0.3504750850709212,1.4583930451718188,1.442637242443236
0.18536391613038924,0.3408645777354231,0.679392201440731
0.6736343434869304,1.408593947528038,1.5417610834408584
0.7160490399383692,0.16260251505653278,-0.14442050626457548
0.9419738986655076,1.6417338714272738,0.8763693705452656
-2.1452857735840203,-1.2834914396061152,-1.2591945930607717
1.3586752490751677,0.1391242844835885,-1.1060426215421064
1.9305553892683003,3.760818864285148,2.8728339352792425
-2.3662059287366546,-1.138586091565225,-0.6027708803397832
-0.5164126954486535,1.0359748772922268,1.4078253448230267
-2.076942074784138,-1.3946201703032604,-2.4650492486673032
1.0357539280579344,-0.8399475821426803,-0.9452753809453148
-0.5062791331313209,-1.5631819918941026,0.0543058638852163
0.1237936183551485,0.8856917078144843,1.0814775726352104
-0.7678504474109993,-0.5182249253386646,-1.0431913814079308
0.1909992258466816,0.6253024961554486,-0.4099292932556101
0.28343234994427846,-1.2223729929351719,0.8078485757919931
0.6150964432442866,-0.12697493220024958,-0.8206470965711992
0.009051521146110936,0.6126023321189862,1.2182038818583014
-1.8658118748567596,-1.0665834781968973,-2.032403823458472
0.314708871465056,-0.3092882381102844,0.22463969498539738
-0.2379939711967258,0.04702665688761262,0.08971835710310781
-0.9635594749695248,-0.39252713447170484,0.25807663950498017
0.8521400079994693,1.4476353598853784,0.22492219862933172
-0.6535666157713176,0.29949333558785174,-0.6888174594991572
0.46552832020182344,0.3939404068509957,-0.8689656802916867
1.2731510625137614,1.7909911116712243,0.5637657875537614
-0.9301205890306847,-2.41359605893132,-2.0080167785112955
1.6323792262724846,1.463131030115461,2.786330395649146
0.20897067439627035,0.14846552872570037,0.018976368022675882
-0.6687492255712347,6.470949018956285e-4,0.31658194387300986
-1.4925920008511107,-1.1357192464695143,-1.3191818046621309
-1.443982206659621,1.0266240108005333,1.4982536303009537
0.007750605876280016,-1.6925546111231644,-1.5220437805254734
1.189554013719965,0.36116343811524,1.166645384175197
1.5086307147295386,4.610185674236169,5.767839013476526
1.088447139633171,1.7497209219989522,1.9454903798978256
0.8364771333589174,0.8509532408086593,-0.11818819546323323
-0.6926373706656579,-1.0399427637399143,-0.26549644455706145
0.20212102917057437,0.584197455482711,0.1621475943684364
2.3541319899951794,1.3873459776872639,1.0249129895468745
-0.11800068511820941,0.4380536170403668,1.9028819950585365
0.17290861560091955,-0.16489335797744561,0.5855044239860079
-0.5814602871213982,-1.1102280783669256,-2.4548906126051815
-0.29217343666257456,-0.6915451517708517,1.1584959113488913
-0.0313522773436392,-0.3977887802170378,-0.6706892374624429
0.1426892422862746,0.727444078073306,1.2646032188295844
-1.0665015475466464,-1.8533529929125856,-2.392778648193884
0.1982334942852996,0.029642387258479258,1.6077737168847066
0.5728257222049492,1.4063839092203991,1.5047578985149213
0.4142152019711734,0.5172874214783142,-0.349844946881012
-0.52533397038392,-0.3472680853928704,0.02941157407556405
0.48125309023014673,1.4375325567214203,1.508238027885246
-3.35300147861047,-4.121706045872511,-4.738055618575752
0.7748935965289844,0.562274364134151,0.3934984406390947
-0.9184699782904188,-3.1584347775640498,-4.202708969952026
0.5966215354786845,0.6619523959179769,0.100021147903405
0.688705143849681,0.5573020062943581,2.034921165836794
0.13712174652305795,0.6238745765240424,1.4564417938608316
0.9619741538055759,0.9558185533775863,1.8131662301837523
-0.8929751519576803,-2.1305045542997734,-3.4145676236255427
-1.541205679050689,-1.225096077310874,-1.8888734166809942
0.6062027859523367,1.450494430372776,3.308551203603453
2.0309994093061112,1.835499321968872,0.25470192162464445
-1.0493241433736151,-1.6998224660956893,-1.7808402947732764
-0.14052436159014012,1.6645386103868889,1.3883359072200547
-1.161760955361971,-2.4577481095305895,-2.970437338977079
-1.0903865114842057,-2.694134760331572,-4.132828343652482
0.9636350083534531,2.320452604349862,2.362846102821852
-1.1751660785943676,-3.477031882129916,-4.00682539432268
-2.664690478531379,-2.7727399583491774,-3.8721705863744775
0.1056140163436035,-1.4248949305224392,-3.5025107720864193
-0.004874413047642867,0.5219318351290266,-0.16154914418033617
0.5523477126970266,1.2321568316873865,2.1029773891718575
-0.45424744566915953,-1.6460394642366487,-2.6581492128835977
-0.2931243512743916,-0.604474958901547,0.8102789576988043
1.9525039603131427,3.0698272425440774,0.6243490074538092
-1.2311564985976222,-0.9178082086350733,-1.2744566380303928
-1.4460096443308206,-1.8752086224779287,-1.708199393340407
0.4756579877098351,-1.2766126246431955,-1.8401421006811849
0.062018034534968694,-0.4786563141286666,-1.3814434946605898
1.6492331058522003,2.2269278085027917,2.446583622333427
-1.6974782586846642,-0.9712595327437683,0.31903876169879397
0.13436493098588667,0.4227704125876225,0.11115833855475388
1.6676600426915462,1.3101970206307756,1.2840080371172142
0.40959375994698183,0.5784792138890242,1.5243324015780086
0.18518175693719066,1.347310541218667,2.1317826857550415
0.7600720656594739,0.8512000829195556,2.216706231967456
0.49865282008195266,0.9183248671038466,2.046200922651008
-0.21936091752263967,-1.7446421476504876,-1.8367550236215529
1.9148467002000515,2.8114369787787923,1.8989386172308083
-0.23651801965168479,0.13264869767380733,0.20032648045141793
0.6607237498747784,1.733363390737245,4.363967756219312
0.07050327512759699,0.9818868063748448,0.43720639505200654
0.7450246420390929,1.4175060939368547,3.7890236588072828
0.2714494984465768,-0.32240118697872194,-2.081513308048007
-0.04194681547251065,-1.2358556907897873,-0.5683168157981622
-0.1315865053492027,-0.8857764005082862,-0.662810445490715
-0.4570890021264351,-0.33717295497836364,-0.307192233057679
-0.04856635597332091,-0.06492055390352898,0.4423676303503982
-0.32421595083980603,0.6741017360999213,0.36904973711364225
0.6671929653666026,-0.7389085136348451,-3.275509161612025
-0.14512251951783048,-0.04497732364863562,0.2338702553448193
1.278782701829065,2.32955091598145,1.4006217469215527
0.4143077285675427,1.5342585063375795,0.5120860627974648
2.8731333409755004,2.0840879782175543,2.240155019441349
0.07352492011039956,0.028312045861531673,0.4672777163420651
2.0698285029440178,1.6969846318946407,1.7167506575102756
0.25381638226678377,-1.6230656287282963,-0.5570418654704183
-0.8497174586957222,-2.0032077523367993,-4.05596873674034
0.949571972521263,0.5153208760438739,1.207820367875789
1.3406651790504158,1.5501574680534884,1.4071410316612127
-0.5531271063652551,1.3298514562815744,1.6978842636839846
0.4189234882833045,1.0699807500357925,2.9002654485756088
-1.5684985198779124,-0.43993286526455866,-0.008372649374821073
-0.7574743302460318,0.15520477951712464,0.796745196227869
-1.0454363494400143,-3.321163310448371,-3.0778477000198623
0.17687404849639093,-0.22775163347929128,-0.022349246507968157
-0.09685881348295285,0.3096385730518613,2.4992634975412114
1.3530197520535023,1.1164725809404858,2.9513316428629395
-0.46296993894333904,-0.6024242473685149,-0.8219931624186301
0.417196607568774,-0.13332266792846298,-1.121377139435704
1.3254754911107323,0.5303962432335521,0.695641539004035
0.9248591338382048,0.6013131842381185,2.4223688258333262
0.3506245730098595,-1.9082216871824849,-2.448621282372521
0.9970169370617464,0.9530897750996433,1.1634532966487026
1.4816432547086775,2.4472964458302675,2.7570491629815406
0.035370461897284586,0.28894971232371874,-0.618245283735753
-0.8129826598721009,-2.004024584557651,-1.9829626803132838
0.6193049058273584,1.101276001794307,0.4169112350536963
-0.22308673349828315,0.3240225479979695,0.2701714176810754
0.8386476039082975,1.0233258418666147,3.235479730486734
0.6477817750366752,-1.0018308419711914,-2.6463606321390216
-0.11999779910953419,1.4834596388213348,1.9208985322334668
-0.23807094904675868,-0.04000962350931134,0.8738492587491655
0.7062670909035423,-0.4996997463455809,-1.7361623439093328
-0.6395195141404596,0.3510677911148825,1.9434189023875363
0.7240046014506722,0.2612702943263427,-1.0879215880697266
0.18973520577074018,1.2610943868132733,0.8486152011415946
-0.6813919234435716,-0.2640936972003433,0.6924834376591267
0.42767854441531594,1.0825079626575684,0.7305801154495013
0.14198426359034172,0.2197443437781985,-0.13993049477649225
1.6889495956846863,3.0717497404615965,2.3280449543964026
1.807531105399589,1.329916097116777,0.9482815439057825
0.0591828177301042,0.6792260602838835,1.033665715204148
-0.007233755703247914,-0.5533526133581919,0.17564008102545692
-0.6985545739115318,-1.0507733255229432,-0.9207110211745526
0.4225682570736731,0.3860264058876194,0.3517101711106587
-0.08184056727519871,2.037745014711246,1.1286680837461982
-0.841075963559088,-2.0908275918307733,-2.153759476675096
-1.2505901492660563,-1.5419440801065212,-2.4404199637439294
-0.33071378016564773,-1.1368529418918973,-0.9596387457194678
-2.564661070595447,-2.7663589522671663,-3.6745885536220673
-1.1414951710954644,-0.07165046489903926,-0.9797129852635477
-0.46158680074220915,-0.4186009473472806,-0.19190301951735608
0.4712105381747674,1.2524695664940244,1.584495645070653
1.0504714068043557,0.9493749329587688,1.327170974741672
0.5568107033675479,0.0871535471735091,0.49465712979146875
-0.2572070975182943,-1.142300659812126,0.04245925352434177
-0.06623453219088944,-0.5763926517335155,-0.3544315742854543
1.0074866688462254,-0.0922621122285614,1.3695931480415784
2.223533377291137,2.2533191977049274,2.6765182437031445
-0.8764821111502052,-1.1673384318045898,-2.1665296261390665
-0.656145260606865,0.03381427363037237,-1.2478892079063981
0.8077126557716124,0.9509168607150034,2.754145772068105
0.15008394611976789,1.6530854184623134,1.8915404282722463
-0.06853136511580683,-0.7874891064806507,1.8376673167035151
-0.08216656140564993,0.9755054292878997,1.1019372595566543
0.5811165120390168,-0.07227825806942001,-0.25352228855279246
-1.0199876828700016,-0.15063452367324803,-1.8808887627360686
0.4313534454390609,-1.1591325137920103,0.06315758667016236
0.4348083678197135,-0.02212952632003634,0.08914179317240568
-0.11016210623367192,-2.6273027448261423,-2.4152916329484473
0.8702294529748231,0.5618726169722823,1.6303535929680575
0.3438122892917252,1.1365852166343695,0.554853308231455
-0.1411780480071311,0.8051060640029991,-0.43988372072778625
-0.104213136353481,-0.7295184851469778,-2.684639749943642
0.9450303391504769,1.3039967238018475,1.4874858029390488
-0.09038020254296726,0.7006338561881383,0.9225454814901569
0.015595255695762597,-0.40397079491924465,-0.6925396606580076
-0.20672496823146508,-2.0023418270098055,-3.872737755552067
