X,Y,Z
0.26960598203752734,1.2998882593042969,1.9703980525395994
-0.629985414039275,1.4630372924296375,2.4062217572087454
0.8686598276522649,-1.653702214920592,1.1727082703231337
1.7271955171152407,-1.0962124149909944,0.826318762357747
0.024187641767722562,-0.28940310253651896,-1.5069272819237876
0.36802517699251047,-0.01302641327601477,-0.3086111989234745
-1.3092042982085272,0.43286143662321913,-2.60616289959856
0.7386219307114059,0.8401923325177891,1.3101524596398813
0.04487298737499061,-1.0128965978055213,-0.6594673798093701
-1.0483972001212025,-1.5185691603843694,-2.1594533217905374
1.727851090445738,-0.5693261669381222,1.358236427268212
-1.1785997390224787,-0.9937134327608188,-2.0186335127998847
0.6532067110969086,0.2656058773161153,1.6217653110829922
-0.368566491703637,1.3945060885662728,2.2097220382572766
-0.599554643544779,0.2632185042761628,-1.294178736514488
0.05460516545735446,1.2714525993541324,2.837548168196313
1.7076774254493652,-0.7005727126174001,1.8548766724115322
-1.0943729755782943,0.9053481031382692,0.40420495109104804
-0.2892818244963938,-1.3968971195029096,-2.700253051815684
2.207412960803802,1.310117881326955,3.382849699099254
0.5187490065016115,-0.1154922746212268,-0.5684040431606252
-1.4049179358402903,1.994582170373501,1.5585075200122742
2.0148644801591,0.5649394748916561,2.7920712853899725
-1.188158337025069,0.6156332594956252,0.46584049501472224
0.19038080758813494,-0.6467651388566475,-1.4118008822387516
-1.1697359100545512,-1.7094156571068784,-2.237729925261796
-0.038081559444361306,0.29665121598470967,0.3959070310452592
2.354204260976921,-0.8222289210307948,1.0156800035643188
1.3934262593731712,0.16571322888270437,0.016757626658566727
-0.5603323587781796,-0.5990773437456027,-1.979613040472968
-0.6714593835707766,-0.004056301548910478,-2.8146131180852554
0.49243855473094006,0.5777278139460268,0.7290935932054085
-1.1793905161760545,-0.21804102984903848,-0.6448041713530246
-1.0587174519116027,0.5602483050830853,-0.8682547034098713
1.1379026130001213,-0.5228940343080231,2.3928942560842366
-0.16026528490096903,0.8467549772254643,-0.5609370008400031
0.630493126649941,-0.25109880832292963,-0.261254722506421
1.616959702394538,-1.4632941688539318,-2.3279947934861487
-0.19349982851876651,-0.31877262454490274,-0.4144861136036525
-1.607791842540716,-2.602287245048916,-5.14863546441406
-0.8851641277019598,-2.342418717317959,-5.843071966193467
-0.4323342989592671,0.1114315770587684,0.8184435107965893
-0.42162385939403807,0.7181243216465152,0.8833405842675324
-0.17049406319521365,0.3909280214333442,0.9130681003786603
0.24581093722633293,1.0263625666774903,2.226428184386066
-0.7457477848503542,0.5836427886708109,-0.395804828947843
-0.2739441332604031,-0.11879002833171731,0.08991700393828833
1.8245789406546131,0.6547642907523895,4.081338197419157
0.014233739851599623,-0.8471259997009535,-0.9604463283978236
0.18804274345250435,-0.9445066205338778,0.505080920322851
-0.05413369027372462,1.5309232556558636,1.0793694390642656
0.4616116702558363,0.5339116822719003,1.912532515939819
-0.5967702953917181,0.41874142812668197,0.7449072604611477
1.2632582359680784,0.67814311481505,2.923530008004179
-1.1453290373324805,-0.19850552551618503,-2.254954112739731
1.084623555934901,0.6668296974228374,3.1070400108137983
-1.5289953136884467,-0.11006761920598711,-1.0530934587982337
-1.5737418828448777,0.3658913772310227,-2.3052069383084444
-0.11409263044492873,0.9961555320514631,1.2030426722090843
0.11120917985134607,-0.8992284595109026,-0.7981825872144137
0.2141376204113133,1.9779612961507174,0.4794715783004153
0.5537758250416793,-1.1510260215271746,-0.8932621403240459
-1.0595195186151003,0.29910479212581953,-1.5244735658012423
-1.6100493262514466,-1.798617151508934,-3.9495694383221185
-0.3381510626346066,-0.7534754837849595,-2.3114614212660243
0.2049377534262453,-1.5167807668484106,-2.774491714574081
-0.2243450392711886,1.4394864229781288,0.8706919824518295
-0.9096097040188337,-0.23473516028081995,-1.1854817353019627
-0.8081098842480375,-0.19885787478837694,-1.591520504417442
0.5530835141421925,0.617001678240599,1.6060866981886293
-0.38917793260318323,1.8730734392378174,0.5237559214600629
-0.4472456385944074,-0.011667921165529265,-0.1842925192360813
-0.0211388451690059,1.2491018458466667,3.115422672228529
-0.5994174551247248,-0.9195818240568913,0.14683460181416463
-0.3108661895540782,0.5513463382498331,-1.0606444831592365
-0.6816324688855453,-0.8336207669208804,-1.2094101212638677
-0.20205572351280837,-2.232104162822973,-2.3636588345913214
1.1168003292405893,-0.4902242394956683,1.9715668348873905
0.8259992126707498,0.49062076726601117,1.016918620722541
1.2509189798129174,-0.24325597579661373,0.539872870595905
2.6080980949806873,1.6716382063329465,2.786200020663026
-0.051039961195503976,0.8924300392018653,3.15763633403047
2.2271941943377263,0.2135439439781846,2.6655199606166624
-0.013872123815509695,0.2649836754592262,-0.6064202255172764
-1.5473996967609744,1.297585932501423,0.22845535210526868
-1.3798891091569856,-1.2005750563972095,-3.465371415303694
1.4798707408382465,-0.22281769361396522,0.6573604294373105
-0.2549219443388767,-1.0321777861694392,-0.9040860230323153
-0.32628038014592087,1.2712312165403716,0.37438244422179423
-0.7266386656922716,0.8537328556248716,-0.23595822244434578
-1.952348649951986,-1.1425073713826384,-2.556152270805431
0.42294004176888894,0.2248015176282575,1.4907905922645637
1.1816847857531714,1.2141952498122282,1.7635108125083785
0.9179593772761598,1.5352437111557353,1.092935619284228
0.09546754688522964,-0.8766948942599901,-0.7631935266307094
-1.6844317867437506,-0.8616227741236429,-3.1434897801129487
0.9903293506061273,1.0897884646938105,2.4473463667436253
-0.707831781928625,1.3212456971231878,1.4548763285167836
-0.5940291693140929,-0.4095613360839936,-0.5412762685178214
-1.06589703339072,-0.2205161563228615,-0.6472917388231457
-0.940767033275909,-1.241309829778416,-3.538887007729322
0.0939104276997835,0.6486919119310031,-0.20749882072769565
0.06625338370950475,-0.3444890094525576,-0.027553234409317173
-0.9906561230527625,0.2181072557931088,-0.33728040314816543
-0.0721149862919154,-0.11006502145705496,1.4626093951327788
-0.22325683692063047,-0.2687754345840834,-0.2876680624177854
-0.14277655706593878,0.9860548752357774,1.5324319185351254
0.5354064874449033,1.7555363725427533,2.2578204587566417
-0.37455699813038035,0.2892762558289128,1.0065269813713673
-0.9181622711988158,-1.0051522847319614,-1.2105754464657421
-0.6412223464944498,-0.01455997517068365,-1.7659052802078965
-0.8529129737132997,-0.280549749386115,-2.905893554134411
-1.6150635125785886,-0.18487757761706355,-1.6243689831698505
1.1064904798499322,0.3720280467848338,3.3971158913709836
-0.4328960309791752,-0.8514884188782168,-1.7414532871383548
0.6031040012226229,-0.058913276795976834,1.7581474838747018
0.041963688586158246,-0.3472680948973852,0.3637181220225592
0.5861298029337307,0.35872578127604915,-0.18130501165561252
-1.0351016519380323,0.7212471462938345,-0.035290303957103086
0.8281920239018045,2.358730160566562,1.9045154335835304
-0.3570334108672796,-0.8313865832200333,-1.1756133878636439
0.18746578335928274,-0.33134860779945474,-0.9037368670905
-0.21151427616222696,-0.12307610278685331,-0.671838788781555
-0.41829709391514747,0.3383295998781715,-0.6636076879530435
-0.74893913669843,-0.26727508486081214,-0.46272987071835925
-0.16604095123613632,0.6413496869129727,-0.6052260551482354
-2.3974456948406626,-2.3938820146166004,-5.764842381748508
0.8832589603644994,-1.2222599669774667,-2.602311622684871
-0.25410455770998375,0.7915352354443642,0.9690514700392466
-1.6493656916003374,-0.2927953528579702,-2.067181096022666
0.1663389802434745,-0.9474394278231605,-1.2117007149805799
0.9240896022908653,-1.6171390686809193,-1.273425939068165
-0.9600644543366672,-0.24370909335633123,-2.0249866089786175
0.4801061627498763,-1.0865499632756574,-0.14371553523783753
1.127548843921322,-1.4303132681586503,-0.27413011943321014
0.6681253477098286,1.0262257416731737,2.101439522260022
1.3569769492834505,-1.7155146916483481,-0.41941380564392344
1.0229201938524939,-1.242874700712865,-0.3886677778306834
-0.021704504858191864,1.1698423659824284,-0.3052667714033239
-1.493634650654818,0.541894074205789,-0.6025959140559891
-0.9945259395959987,1.0402599829620138,-0.636992161124606
0.5878893527328743,2.1119612542242576,3.6426572067276024
0.7890928483760533,1.6021544348442747,1.455595542678597
1.3235474588251772,3.741551407947194,4.37489809158824
0.7172211607312735,0.5563075320529469,3.3927143728077223
-1.3807138897260187,-0.7742988898791962,-1.3422209493079928
0.10287649755560313,-0.8671755938862865,-1.8569670404614738
-1.799043559154174,1.0672512413879007,-1.9917193629178283
0.9730157189154843,-0.41775654268796125,0.28794308450313155
0.21648575148563182,0.7930286711971399,3.0575316194248607
0.5251149203133901,2.1816056909836576,1.43947932611628
-0.5433253349514691,-0.5411095492653998,-0.6313100607289859
-1.7170190904290208,-0.10913804882851624,-1.6062648354499325
1.030116624738852,-0.80921589333356,-1.3056216629620832
-1.1471188364983338,0.3495913095838002,0.23379555914602013
-0.26612952083704633,0.26408637773451193,0.8010212554482561
-1.1672416128468373,1.469984499387284,1.9788675457104163
-0.21208246666501726,-0.8347089955491721,-1.5213068293856307
-1.7218145334801849,-2.2925062010168102,-4.296554036164372
-1.4382746498670567,0.20678034979894652,-0.5140804499593052
0.8345597881156812,0.6063359672852341,2.0999847371028895
0.4727586517813336,-0.5213073723935296,0.5577504655481618
0.43130760593730033,0.16224444077301747,0.005113868199648208
0.47146090940550395,0.429267428395537,1.8672075954747773
1.7368906841382512,-0.3204619459975163,2.121715525045534
0.9048266006066336,0.7456863155585488,1.7948991436894828
0.2903317425584458,0.6662730808915783,1.0975449193605502
-0.873896711433896,-0.45967569175841766,-0.40365000730544087
-0.7174864922750865,0.3180161339057109,0.4946429497978752
-0.17766939596068668,-1.8910387221063105,-1.1349848053239575
1.0340171197374828,0.5848490967049194,0.6511956170398542
-1.9079398638456868,1.4781302871426796,-0.9372122399921134
0.7973269634673991,1.0266763803325707,0.7895003525477784
-0.09485093729335678,-0.6547692517335894,0.05965402121050367
0.20561511876574767,0.1661335122129606,1.703197281137839
0.8838928792166888,0.45713123255204546,2.449214703085653
-1.7031321941791726,0.8892615266662959,-0.41391485915367987
0.13577994158801973,0.9111736562442466,0.727838681786612
1.179002111103714,-0.7306502517304807,0.7874969044208302
0.3842908741419553,-1.3200614763161707,-2.718527046218047
0.03573806477478702,0.17528691274226033,-0.3407155684002416
0.9343355604889214,-0.445654217707324,1.9006153415528417
-0.11936314806509404,1.658506958233825,0.9702910016100388
-1.1276837316659187,0.42217737950277967,-1.169924055852158
0.417528025977653,1.2746423055642695,0.7279335999372462
0.051468845619843696,0.835682502097327,1.1549358028674095
-0.08781031487313602,-0.14525902855540845,0.8867223073270385
0.10460213753535783,1.8825207979652168,2.6704579981578145
-1.0096308297972731,-0.3209322743566279,-2.3062281317589184
-0.2836664075678145,-0.3282553137180561,-2.1117518148756766
1.1299601101274743,0.5820832471246974,2.9081077727052893
-0.040884741937041155,-1.6599211267902572,-1.5944302852925265
1.3368317886881604,-0.16050380711345383,-0.16205952091820008
0.40168507861509234,-1.1814940751022671,-0.6489327736571966
-0.6975520587119305,0.21250719519538933,0.2649606830913763
-2.262497723174376,0.2767437050790692,-1.7672388550926128
0.787567615484164,0.48213147082972824,1.1896025847245557
-0.45147434245009826,-0.25486255815853853,-1.3323606736899407
-0.5610499291040157,0.29444488034580485,-0.31371542180783923
0.6231108732232947,1.4243987453584528,4.693402422904025
1.4221137904550354,-0.7984091381939397,-1.2408887943936575
-0.7584453893895635,0.3856168127361458,-1.6647109892962
-0.05534291419883729,-0.6221264391576886,-0.44619928836570955
-0.48045867759434996,-1.041481931549286,-1.7368799184570298
-0.9205165244875935,-1.1376945540448413,-2.5497975611618813
-0.6476287351114745,-0.49552314594632035,-1.4453764896225432
0.5179330180472979,1.1535077585861202,1.215452102463916
1.4783608611236616,-1.7410628111010054,-0.7296888026213634
-2.456684063194352,-0.6508138641312228,-4.959300377735588
-1.449451987813655,-0.5265619406230565,-1.9311250823601354
-0.39980470236192883,1.4514873777619288,0.6578183332235727
0.5167231277591677,1.262496089718111,0.9023242088801626
-0.2925366810558875,-1.2699020629211168,-2.8934593327530886
1.344036461516281,-1.1726035038720657,-0.4709007181849755
0.2531293387300781,-0.008667020667046289,0.5655152401083019
-0.9537703999603102,0.48443094036228473,0.47946009158644487
-1.0038944133570666,0.7907200462474522,0.6102162652580886
0.550997370446018,-0.02114926615401839,0.6791935108422729
0.33236874926493365,0.5924335988723783,1.083471202779053
0.1457028369153716,-0.08538363787451164,-5.6365579336487e-4
-0.4217011948641228,-1.0915417789664434,-1.2386951277385179
0.004185309607029246,-0.31113463578347794,-0.3251453513054285
-0.7033917170397367,-0.10561589747500937,-2.806314694686143
1.4487901501942753,-1.287201088460482,-0.0935355133725817
-1.323060408902582,-0.9762954062509267,-0.780495330473822
-0.4606380542598691,-0.762247170727419,-0.8099204124155872
-0.49267298047224406,-0.17453441736635725,-0.7656375761775753
2.027877921488071,1.6354519667908374,3.3889670935796405
-1.0904966102501172,-1.7718100322192716,-3.88456058158972
0.7256702159673307,-0.5567247261750186,0.35451861603184676
0.05163268538261326,0.0795142038172279,0.575760353521933
-0.455313634157754,-0.652341652987758,-1.2724848019103605
0.48650030984124665,-0.697512909949143,0.6355407769278658
0.10629534780471599,-0.49523776586335877,-2.0900646463188477
0.03578269061928668,0.6148533931787734,1.0777395032873898
-0.5916933375657278,1.6694463971185067,1.9926404210319935
0.8986778938721414,-0.4084999592019651,1.462464050310157
0.0394003063697661,-3.6389596949359224,-2.423006345379276
-0.107587929537534,0.5286448829225081,1.5955069196399607
1.1449723256768154,0.0337297204005846,0.36922575928385604
-3.0312048748262255,0.4623086480746247,-1.5122674578119868
0.18427872414412208,-0.7792725753364683,-0.3935150460643928
-0.21626154266249112,-0.4524994224336402,-1.5765670128682738
1.1649119047537386,-0.45625891221308507,0.7016816048939383
-0.4509149083167729,0.7377080514004953,0.20406647199146652
-0.25390575210284755,-1.3939380852311232,1.0938703164456853
-0.36904894896651697,-1.298573349503666,-1.745041306598912
0.37886919935123164,1.1343163837524728,0.07905493144646081
-1.4789513448149667,-1.3607865584723882,-3.2186264095482096
-0.6712975489763389,0.8882973565753848,-0.5945361009531452
-0.563750009828378,0.39300254086018804,-0.8380827784574386
-1.6857019834059679,-0.6131909533009873,-2.025623595832471
0.5122725921723967,0.05629704026221245,1.333306016052898
-0.21763264807935892,-0.26713282789795567,2.17734406342805
1.6338848590265511,0.22777707432118052,2.705088345008594
-0.42947815735424255,1.3079614396603647,-0.08176213297002177
1.7234704768156746,0.18642993923984166,3.081590158301066
2.068166356101672,1.261506368230654,2.715640327378218
-2.4649258968293695,1.1848569941158202,0.8446812260664864
-0.1620031764060527,-0.40476099106983815,-0.9826643915551507
-0.2391743025073115,-0.2641206933537213,0.014358566411882379
1.2095068805320264,-1.0838619343751752,0.8322187947373194
0.1828734464360034,0.2622287223467186,-0.552686880230973
0.9658176366203054,-0.17718364012641677,2.9306944079488613
1.1167725403618889,0.36170467675298734,2.836220422882199
-1.625385548799064,0.8439769399358771,-0.2992748177050811
-0.7739369600330794,-1.114976943313344,-1.0822663914495636
-0.227546381279963,1.5411068693815542,1.4138923831984804
0.21675110720169993,0.671071505475469,0.7564218479421542
0.06414997992015964,0.6950466766975195,2.717316745482687
-1.5542060807370617,2.2019379401875674,-0.6085771583492616
1.461995356511406,0.0037423974056198478,0.970231969677154
-0.003634735621866184,1.8229041514423843,2.1501090664030844
-1.0503172547548205,0.721527582512974,-1.1225945770055468
1.4184521140381627,-0.6486706254975938,2.2999193558118627
-0.6354439768902305,-0.8935897007802577,-1.3941905683018567
1.6945862821918773,-0.9610745484818352,1.2582092225701684
0.7630022553302555,-0.40264337413097584,0.05898096566778621
-0.22655817402416117,0.1816447783531326,-0.7664300154178673
-1.5362995058052198,1.0039656106975208,0.19988420510581706
0.748161253512968,1.775443126468773,2.872651792117302
-1.2129149961257712,-0.7554603520805193,-0.06340711350684702
1.0978369156199057,-0.30044572957496257,-0.28014217433801303
0.4917700855141494,0.5137711573491485,1.7824690567549766
1.1727371244709668,-1.287547838874221,0.2574343047577016
-1.0927859305095846,0.7080420698734485,1.3769473477571372
-0.684967438532176,-0.03650280697238559,-0.2961334380114835
-0.45767383255347294,-0.14128193824972962,-0.014341875721704311
-0.5888843847524268,0.4417198649947523,-0.18428882194929502
0.7148947704046834,-0.14705019222167617,0.9881735781869989
-0.15807534252672875,-1.2828533522296537,-2.028738355792997
-1.0090354386142235,-0.6825583842409005,-1.427434600668734
-0.4392562893936528,1.2936831047660369,1.1176102576878442
-0.903029573864515,0.10191920678409788,-0.1378990048870321
-0.06724041791954563,-0.39833913316624026,-1.3247781830830139
-0.5833961141841593,-0.3455535311751385,0.3577651345366102
-0.01665270312354097,0.23652655005559478,1.1520968574049086
0.5086543554327302,0.35041318858779097,1.207035050046401
-0.41236469595454495,0.11832654514229152,-1.516170585779016
-0.7689427845972017,-1.2459222264427097,-2.9270404037307283
0.41617179680620614,-0.4110754320641849,1.1136431970603091
-0.040043138681158226,0.49557038928264996,-1.0171868328201643
-1.283117067999057,1.00675415541597,-1.2672114203345213
0.720911408456322,-0.5762660976994933,1.7381617938071388
-0.8414859924221268,-0.6945319113969237,-1.430365399584169
-0.5703383568395475,0.7033339641102871,-0.20828029131777348
-0.472608980768428,0.5049608615463327,2.9789524757504244
-1.061499989084292,0.0280067106050285,-1.3005689288070588
0.09998232203776077,0.7770711375079187,2.4176192962531386
-0.7847250962650231,-1.4236909643896853,-2.495232694071152
-1.7895193602261599,-1.3816463761878772,-4.696354052503063
-1.4041228437879738,0.3316925526462912,-0.6752644299358999
0.8001108275535229,-0.6127334637820054,-0.014425987481883729
0.31683563522277974,-0.20337200975875475,-1.2093396765980788
-1.1611806405496026,-1.5560541582842347,-4.1911283382151785
0.4214474041552897,0.8918102314988151,-1.0530732524770439
-0.581690723826103,-0.1544226049793611,-2.3314231610583827
0.765189831459385,-0.07846758792029108,0.19345789681148323
-0.5123660773655369,-0.3408961774389259,-1.3607513299498157
-0.268337961701653,2.944483582040709,3.0450735889228113
-0.5860870645433118,0.5740784704518784,0.855475506667356
1.189743543787813,0.9533186407171451,2.1678925638429014
-0.6649205707757447,0.47615911963633417,-0.2395811969214268
0.016678960792176768,-0.33018495980708035,-0.7195946356928213
-0.1072016117600391,0.6133944388273465,1.0391590579717214
-0.6391814144466372,-0.4348652279018806,-3.5598712961442223
1.5363996579875996,0.5627475211100419,1.9026256452744807
1.3147825237421142,-1.1690085644779942,0.8638902242602525
0.34387092311740436,0.40798113725304624,1.2657173998867322
0.8169178321701303,1.1616906019156645,1.7831579512724558
1.0953286813847922,0.44483162107083,0.8359407445962992
1.1187530889082251,-0.01320969949068395,0.5522904385005274
-1.5331968032978114,0.2386245129695419,-2.7485766478001015
0.4773652894690981,-0.6141407007126063,-0.16682717665011368
1.046491462915662,0.29556641006463674,0.47583805818049885
1.0312200722581994,0.49923011717330473,1.0883543207756226
1.356678591992338,0.45210399967557474,1.3295835904005882
1.0778629700248241,-0.37900773090508394,1.6144840586219376
-0.6436908658639542,-0.9120643516856135,-1.9712523939826796
1.0581172737035593,1.4356714337654208,2.2567840943543915
1.317615101407507,-2.080569674969994,1.2432387825288511
-0.013718053374172298,-0.3226270596481696,-0.6284235098373931
-0.5338027765535639,1.424394440845732,0.04005465287390675
-0.6155419625098179,0.036956191769736524,-0.3703654220771132
0.7015838075125913,-0.7915739804762497,0.524822873158287
-0.6906907586496788,0.577331853715107,0.8944858201353012
-1.024138350934002,-1.5351846432340344,-2.6880990325748373
0.03736569733242842,0.5952908724681892,2.111993390526994
0.12251497299211028,-0.2628160042227991,-3.252057879198352
-0.7515511089353941,-0.0014191092405425765,0.118338571150722
-0.10201019758788059,0.6597058180741977,0.10954664138470843
-0.44579356360328704,1.648792458753264,0.9058767894263127
0.3813319340881433,-0.09402243202699237,-0.7933849310896517
0.22796814796990722,1.4821369319750717,0.6031892683290216
0.7297325652568257,-0.09359696714511868,-0.3668964526466697
2.0605078273429425,-1.194372454707462,-0.7023948681072001
-1.4148984242238336,0.27242271955999986,-1.3986188220127804
-0.6834953760048591,-0.33880708828232586,-1.4988470815056656
0.5639333425965126,0.631074382157672,1.207680618420996
-0.2017934303328644,-1.924218315346342,-1.8109493733574344
-1.658802242005575,-1.2776465216082578,-3.691587262585578
-0.21907031571209323,1.7361378511775083,0.954910267439169
0.9377411918976537,1.8968049383644212,3.961279401793088
0.5878373031156952,2.2964673389364263,1.6671604796011494
-0.08991638043044659,-0.15089214988256655,0.007311427019122824
-3.03974045745788,0.13366255097858182,-5.054683920017879
-0.5582397125370436,-0.46929921629118593,-1.4715760832145093
-1.3291918730175605,-0.6521153050991374,-1.9808065054000188
0.9362611256726685,0.48850200361268264,1.6096329238740879
-0.06035111125218624,-1.8244307496209593,-1.718992367465142
2.103456868179147,-1.515542219564666,1.9641454067245645
-0.7005058905415237,0.9913321043892901,-0.09423994778799483
-0.964902298542736,-0.30465053620365656,1.8740946067077089
0.23643236563336154,-0.4806925114895046,-0.057186174517324134
1.0578957520728596,-2.4248824627408174,-1.435642203928556
-0.7358235863327337,0.9736872320904316,0.3548682288330408
0.8623681831730453,0.7190524059376608,3.019193715694443
-0.48187848324834637,0.6698742231579337,2.0255718371285023
1.1790211033729077,-1.593007330821285,-1.6269157863570107
-0.21049258502466187,-0.5677764339514656,-0.010839268992160589
-0.04077180632077318,0.9894181523135304,0.27848083722932027
-1.5373087805032943,-0.7821694948244322,-1.035461458785615
-1.283500036129346,0.194172558532013,-1.448366615859634
0.06364929523822421,-1.1455811155721816,-0.3083154054731735
-0.8890094288161717,0.15058215470210773,-0.573153288541334
-0.017456701105627612,-0.28512097142026244,-1.9729529877480583
1.902995164438827,0.06087754465351889,3.340511397135878
-2.2067626234063367,1.2782158012384406,-1.268752276247944
0.3017555631736623,2.463315211330325,2.335079519608114
0.18867938369508488,-0.17034320905416026,-1.2876344174717174
-1.5628897992945268,0.8958125878635809,1.351136942795447
1.3386432401144843,-1.7049951552359988,0.46578860986616444
-0.6850912816825118,0.3282689777182274,-1.4428746207578953
-0.1961221203602597,-1.1887625798286743,-0.5539518031619725
-1.4872325142943517,-1.0187372027647008,-2.168659896177471
-1.8941224076161562,0.3773434794734481,-0.1147073954663187
1.39132877053075,1.3114865297543254,1.8595131703045638
1.608361012737386,-0.05483769846443415,1.0244334730659104
1.062203533080105,0.007665727881411273,-0.27860578643105316
0.14695947068837362,-1.3935293021820676,-1.9623770372724048
-0.4275455501831262,-0.38893278838669687,-2.0131086864061976
-0.6437790216996184,0.061608522803864,0.35857996266942616
0.27195105487212967,-1.708636902647873,-0.3107238671104402
-0.7960780090841659,0.6334521493470187,0.6630505309532355
-0.6539293441614777,1.1971389138000306,0.9325561987553488
-0.40118178264013,1.136371258727484,-0.34652262130167166
0.5263624390479701,1.381767633305139,2.9709665823327076
1.1565577536067841,-0.6114044848063419,0.11180560738614653
-1.8148456461037836,0.42770763527884104,-1.0330865071533901
1.0105268757213437,1.4890679534352274,2.6004822937183643
-0.6962979730919852,-0.4277840103071929,-0.033875857204063387
-0.22582924648674807,-0.7328125737683611,-2.250363562924733
1.9567782462377172,-0.5283040294196921,2.3608837844202353
0.4759898911653803,-1.156944728333689,-0.8563972563571696
-0.8240396707003961,-0.13697661006758308,0.3317689788820477
-0.11235503199630799,0.7020219926332012,0.8703575967784745
-0.35599689096620135,0.8010049713410601,-0.8951151454643801
0.14342314628171512,1.1767119030171962,0.7590023280794074
-1.4624288966828256,0.5446319860710997,-1.1137970199033376
1.1625220131308636,2.916747811872913,6.563122816183057
-0.3503107852374825,1.72883075859999,2.094660874286356
1.3843495282619223,1.5118661266334934,2.1595896217756754
1.6048368476488957,-0.04792407244452583,2.457728799564422
-0.9926964436905331,-0.7452679633426428,-1.1261467239945628
-0.8441823939381642,0.6403519312067425,-0.6789591986800263
0.6818298335971197,-0.3632622400583696,-0.3252783921623231
1.1795752056145146,2.653568346974518,2.3776344354305383
0.2876572109156391,0.6754329004817858,1.6373007303880822
-0.020602063445129954,0.6589734138275866,0.29247058415292615
-0.07157961636377502,-0.370660171287424,-1.577487720105924
0.38641670848269644,-0.44633251701026044,-0.05341915845290744
0.5675441940281507,0.15297510981471382,1.3052351004744591
-0.1411182310527147,-0.22879749435403013,-2.0740227096799093
-1.507375177158207,1.2154207902013017,-4.953375949605654e-4
1.4526887153190182,2.028562303073919,2.1696230028607695
-0.31364538936983377,-1.0705941550007352,-1.4237880069616289
-1.1702923649005312,0.604596824863269,-1.9268835743770367
1.4326308608342027,-0.5006480164938146,-0.010540240176028837
0.41203269351094945,-0.31582328148379196,2.4359680444384484
0.38325533112878735,0.002783079114702668,-1.795769396079518
-1.7266756891228894,2.0373811373137323,-0.8703659830448416
0.6412865336660752,-0.4577516138500515,-0.2363819064756888
0.7379951241350858,-2.212706054135215,-2.6005660352281543
0.9335477601897731,-1.7327318114375323,-1.7356510284786544
1.8959933386000025,0.37068796337618626,2.504703616274624
0.5366748224722742,0.8594469862899258,2.246820183400822
0.16926366821070712,1.0516658893658741,-0.5473442310396035
0.09140805054125245,0.5080509844124249,0.37256796216618415
0.578533011051346,-1.2646204255019908,-0.28462743282900993
-0.6615213697728249,1.441636322630486,3.044128575672408
0.274764327977299,0.05315077716450484,0.35530283959846576
-1.0300000767996824,1.5715261795535496,0.06471788242615134
0.9092239432029026,1.9571744538664204,1.646673422357229
-1.2291522421623318,0.14891663955514636,-2.14190444724037
0.7734791873942516,-0.29998792880216807,0.21186714971171694
0.4662545439899773,-0.36472478291304167,0.01606238260083527
-0.12023938943542957,-0.13521897942168334,-1.3766339597768353
-2.324405617459924,-0.11315973104651099,-1.5464614114373774
-1.0995920171154838,-0.003995304017065123,-1.963879702874526
-0.2986612797147408,-0.4456126160792072,-2.493088356250018
-0.03313569445146611,-0.7176877693259358,-0.719988657047794
-0.701098470409149,-0.8393986480539444,-2.797234688442262
-0.2425278016005961,1.7117051466818942,1.3787733287698751
-0.18790902987876157,0.7183553041019116,0.5304093117681974
-1.3069582017764458,2.538843582312264,3.1530189516673657
1.4401106629632596,-0.25483035785735786,-0.25245787579596257
-0.10723649826752443,-1.6789430419239304,-1.6641785307858006
-0.09962817547332949,-2.210674109220765,-2.078854440347989
-0.3932256474537805,-0.48812116710320735,-0.24038678027798754
0.7315985843441283,-1.0899078562949822,0.8411203924929614
1.0294476866651834,-1.2959529485181354,-2.392740848760976
0.4672170823707666,-2.4818124194152626,-2.1082157448320133
0.42939996859620233,0.3557034939664955,0.765270706333276
-0.5154974834695174,0.881147646879761,1.1982366169726215
-1.303988738477652,0.2821812133764212,-0.5267418436545317
1.0781166562780413,-1.0654850746342297,0.07420376343769969
-1.3088649152933307,-1.4521114963025559,-2.3874905514967257
-0.31429537765550586,-1.4085267603814178,-4.076122338451359
0.09401586779058377,0.2901421651934056,-0.3082294678123001
0.5640109178602999,-0.7516830558604501,-0.04195894204475878
0.4632401797872402,0.4526237466233713,1.4104340211281658
-1.8238216779307157,0.1488174973534841,-1.4965315911471144
-0.10985496765987048,0.37202199046452983,1.086990822628622
1.944595209974299,-0.3046861541833211,2.820755261539766
-0.5072250675058999,0.2821834950662462,-0.6547121315244588
-1.668843702163354,-1.4193909318612625,-2.2159210328316563
0.6399315789210278,0.8974663894466974,1.2972651061487461
2.5534569104661804,-0.05781147907921987,2.5038120523372793
-0.5199371763799773,-0.2072735814382554,-0.1724337315432556
-1.3712729889520647,-1.0024911321041714,-1.2942353065379988
-0.6760042626324174,1.7957278247716044,1.880402267100763
0.3733537264314084,0.6973865181369376,0.3429582943012358
-0.6691903777608555,1.1584798837659451,1.023837102899325
-0.7721970721184158,1.3376141234565284,0.7571803529183421
1.5343055704698687,0.4078009180010538,2.791409657217719
-1.6339393491723062,0.03822573163105711,-3.56800442577667
1.189324167306388,0.522343223707072,2.280888460694014
0.6784130049422546,0.4484177752196911,1.8148359066337993
-1.2677317475563747,-0.613657291390106,-2.0264813506098305
-0.37784936437667144,-1.5233080792234148,-1.5488393370210112
0.4466205046989881,-0.8501207088312512,-0.5220317490967028
1.563897417357793,1.4116465571500505,3.1266105085000677
0.5285160809135908,0.7159521850265407,-1.6584610961299648
1.1134828040471012,-0.05224359415976369,0.43149195012552044
-0.582903174857429,0.3530404481727535,-1.7362362853697604
-0.3649710171752545,-0.5962340157889199,0.9695552964429635
-0.4466576381787489,1.3762656996376383,0.2000116762169436
-0.274354796881397,-1.425722944872901,-0.7659184852167088
-0.004427330469731934,-1.7957312616096224,-3.334614880723485
-0.15871588422626987,0.6644191971851555,0.1570898311691168
-0.8048356816058104,1.6985186892378414,1.8288546349315908
1.179795411309902,-0.4991408443994046,2.047742395798302
-0.5001337677064154,-0.7084283886664794,-1.4825148574369935
0.7203830696980293,0.7402470621004605,1.8674304612478339
-0.27901259154371916,0.27933872205468596,-0.8916551198114613
1.3786453479429468,0.5462836094163791,3.0647320487881706
-1.2666332151102744,0.46997082241724175,-2.8381408123794603
0.18794923279646517,1.4582860779670912,1.6303129030607528
-1.3355243079895545,-1.3767997614604175,-1.4997762781415607
-0.43427378996369886,0.203026851059296,-1.1052968822825675
-0.08218599772104636,-1.9932699740291708,-1.4832425152948803
-0.1549989528557659,1.0213304810959916,0.11467641836097742
-0.7898477902904953,-0.57850888347362,-0.19467339183421983
-1.069043927363541,-1.4419493101948822,-0.9235971540873051
-0.4785014539515474,-0.21402203006119508,-3.3805708534448318
1.0801850729963944,0.7239581964526921,1.8653669340966894
-0.09687631068020269,2.116052861534858,3.6122295726393583
-0.4087712042673014,0.8175889658697079,-0.8960468985410988
-0.5489571276975579,0.4754651287496969,-1.9298806513236721
-0.24733174552593426,0.5572624366715137,-0.03379653197668048
-0.7552799164187594,1.159297684180197,2.58804848251132
0.1258037579243707,0.5692669904660781,1.174840973253433
-1.0270195031015317,0.5871300597655595,-1.258273005024655
-0.368463156136588,-0.24413443304958898,0.16654839963263068
0.9417153367462869,-0.15847451993276776,-0.38926365294376675
-0.7311399236591873,-0.3669639189620812,0.15676317788385297
-0.535443531746283,-1.091367333332635,-0.3659163884067036
1.4432326255863228,-0.4485413150114023,1.6954108819373581
0.902687347046219,0.8247772215485651,1.3085024234071836
0.684133539730867,1.5986796040275817,3.034389929057327
-0.6042761701309464,-0.30240411316138166,0.6969416282035474
-0.23076657477105952,-0.18982033995336448,-1.4406442735179055
-0.4287277291794674,0.16866441338703952,0.2599547743051586
1.1583126675589785,0.19882574538253084,1.3892318911715233
-0.9726830576471203,0.34341951747675387,-2.1181380929204052
-1.1176216711530753,0.7350680863851649,-0.9886819367110485
-0.029442399247574746,0.4385317857688601,-0.40133966590475323
-0.2059088401795434,0.06430076811203744,0.16223626542766054
0.5571550851415694,-0.2481475193259796,1.3893495105325329
-0.4631394260606428,1.0719769636389544,-0.9879386647783794
-0.26921512299689543,0.029574795527618204,-0.5371938822371011
-0.822606948456081,1.1415406994330668,-0.7330046953753568
-1.122717907759894,-0.49971694028329444,-2.7824218386213353
1.0983079145707777,0.2012949016671047,0.6800043472038035
0.21059644206213485,0.3208630975313485,-1.224167095965581
-0.23211911139561148,0.3211226013250053,0.1791047419879254
-0.35409336677034997,0.4225575982069651,-1.442003878234267
0.2729699540029193,-0.7756786449958528,2.2859223749307116
2.81157762403146,-0.21446200398139567,2.4732808986702755
0.3353279818893128,-1.4448887521404146,1.0852219439049904
-0.3823487563855399,1.2622761669474571,1.0149132684426116
-2.7555356165793965,0.6602971513163202,-1.027810385235669
-0.45970374425856925,1.8305740316524226,1.961715584206774
-0.262554377276731,-0.4242685443165348,-2.2488438824399246
0.07975582873351485,-0.6147690514558021,-0.1033106726037733
1.080796988031809,0.6813635888977562,2.8636236137435898
0.7717577678524427,0.4407952905518338,2.635166379885243
1.2259654808612246,1.3408510024202338,1.2808308998315294
0.4014311873891655,-0.0431476896272991,-0.12232997004816076
-0.39252865367804785,-2.4419928697038022,-3.219586535002618
0.12299339929552977,0.2572231904468497,0.9988393145841812
0.7081873783272409,0.35633216265998896,2.5373137775524652
-0.5381773051046091,-0.4415339896614016,-0.7502391006575956
0.5322476739118773,0.9542002210556726,0.4126217516318931
-1.0188726183633072,1.1025036973983355,-0.24068289825154915
-0.9874726618414065,-0.2692384481388351,-0.9196695534498187
-0.6090802473431329,0.7656835202950462,0.7283485648113
1.3106773232629876,0.19684022759865122,1.2624489807715928
0.18915062916362138,0.27641026284883896,-0.021466768323024743
-0.34487400931677503,-1.0090472245365742,-1.1243918360392235
1.6085200252032288,0.3427754039203619,1.381363042021845
-0.4157194799592782,1.1765854817047212,-0.41346873847993826
-1.1683383517787551,1.2468579735578191,-0.7065311275499194
0.20361823908032947,0.37563034325321065,1.577926429469521
0.030054857640539907,2.0063810158707427,1.8306375093285012
-0.23846932254253328,0.23776268928925362,-1.871584048101515
-0.5475724582784527,-0.8928308413433996,-1.5530464854607646
0.75085135664825,1.1153532035196039,2.437758248074802
-0.35082805680020945,-0.07013528945731279,0.9023269248277705
0.41927431672824506,0.01757762039525456,-0.3381062647639557
-0.34596932055436325,-0.414528961071141,0.15634401325890857
0.6455022908583008,-1.371407614102799,-0.3201839233297092
1.3331987056365433,-0.3442144257420739,0.88454585318463
-0.7894391496036419,0.3146279649171213,-0.39724610546705746
0.18579412003294604,-0.32704067469541553,0.14736349221502626
0.13455075933612953,0.055484163137560834,-0.23254131637911712
-1.542339530106589,0.015096486548232277,-1.0255363922887915
-1.7544724349005727,-0.0995536239572111,-1.859520668399087
-0.19504916144589007,-0.8068183085278041,-1.2434514096058455
2.379517849445034,-0.47695474754726747,2.0554504283749484
1.1888556609208054,0.7445732064215732,2.137706779031244
0.31561365604292907,0.4187952796010597,0.2584123181891058
-0.8330973179812499,-1.2170624953395137,-1.2863267247856436
-1.2904094281540355,-1.3586454785522315,-2.2298622329977795
0.35195509237712924,2.8140021659119094,2.0033618637523083
2.3190771690091174,-0.5481115140542274,1.9502553397570697
-0.8336882451759935,-0.5142376495289697,-1.445515631438225
-1.2410790784792551,1.33849466632028,0.39673108254953154
0.8514328119899155,0.9705260771292399,0.38558455048402074
1.6756955707909287,0.2880392521283557,0.7348126324756368
0.6191867682781419,-1.2690229307621945,-1.5917752736517854
-0.3378016321129397,-1.4720302344254343,-2.439767274517198
-0.44204585253038053,0.29691090934217884,0.03904861212435928
0.00608015577231071,-0.08318729294694853,0.1362057719595795
-1.1063018185417226,0.7939404532319965,-0.51061188213316
-0.2996541985859819,-1.0005455299650168,-1.0739833543508843
-0.3740913433584153,-0.8381992567152681,-0.7893480686401935
1.934150822776603,1.1911077066415114,1.6154267702004574
0.422323675129694,-0.2223452555029928,1.648669977382383
1.104365399940729,-0.4398933931656742,1.666367428484031
-1.0980962643849397,-0.7134961621959157,-1.9980489132654136
-0.6615357517989375,1.5625968586590104,2.354524072009119
-0.018533086655262064,-0.06099951655416295,-0.828029319458068
0.2914985501096446,0.8096776828272447,-0.18027447679098674
-0.520081348408498,-0.07254798233895528,-1.153500573856542
-0.8006668813984653,-0.18098567264497092,-1.1768112553553483
-1.8016187052142798,0.6567637502897199,-1.4495465956419908
-0.8671846439992755,0.15769548275073733,-1.0496687462879746
-0.9390910745193328,-0.03793747818273744,-1.2103566512854071
1.4258687585775738,-1.1911199550084606,-0.7538685146597259
-0.8115056739422595,-0.5696081250927003,-2.381170703501467
0.12587645883860235,-1.3182711302048276,-2.894209027153651
0.5088750970648885,-1.1480230682373096,0.2750952130214571
-0.1408451444880792,0.9644613345415315,1.871812545691879
-1.5955469694212823,0.7875274643500018,-2.197172672685088
0.6953684493395585,0.16961573854495152,1.6478589637766825
1.06881489910182,-0.6902011079804651,0.15993209548514964
-0.5309242793050988,-0.6104480700216511,-0.6702617125854822
-0.11814365421479332,-0.3286690731435163,-0.44376170487934247
-0.041973504734266316,0.9908865255665561,0.4713292512414559
0.41169679371132556,0.6705192194484138,1.321702361099423
0.2988880385985968,-1.1454329324379346,-0.7480140553269647
-0.8448509399550918,0.400196170374346,0.14441893149537083
-4.919344444780601,0.21700847429128475,-5.271715406482068
-1.7409633630517714,0.01960170118828596,-2.366654552557668
0.37792209017417855,-0.45998473211341867,-0.281925652016798
0.4324200293949814,0.5086940910022436,1.667361716974352
-0.94113989475425,0.3565694567382552,-0.2826350869640833
-0.38295010137299607,1.1763148511089854,0.43972632444113813
0.10374615316271538,1.8590293738928567,0.4565091141898576
-0.8191182767577271,-0.3204414036234554,-2.087616355761776
-2.522676223037968,0.997856608517885,-3.0103932378893496
-0.4701349620946829,0.050463584481226904,-0.8379144903727958
-0.04074137849714504,-1.6464044192360259,-1.2516155190443357
0.9409751708703993,0.5888635568324919,2.1853284683357748
-0.1682884729103088,-1.0312193621466148,-1.7346300057857906
0.7335031695094463,-1.549923423800803,-0.10402978004173902
-1.015256050803885,-0.5293149202401872,-0.022141550428230516
1.628805278685736,2.070068733390159,3.935201301848907
2.0786711772385202,-0.4793883179484757,3.684983052958943
-0.9284974118120907,0.6997849573663266,-1.0625794391836347
1.876174456926251,-1.2693925153474428,0.45018282159428735
1.6650298249272648,2.101135653291068,3.694273403826242
0.7781004596560022,-1.035508466158663,-0.5481498475640642
-0.8889292143808092,0.6447112492345786,-0.29306542287037624
0.20958752280175086,-1.0879088315409995,2.212650890103885
1.034343817419445,-0.0658066177584993,-0.4848192578515029
-2.8980425086467987,-0.5645770996635149,-2.4375035784418366
-0.413956436206245,-0.29404604989435634,-0.7339376044342536
-0.9774838101134862,-2.219094520867013,-2.4513692160373304
0.7691513289833162,-0.4648258358233181,-1.0548012298171896
-0.7753493050497215,-1.4464542374535116,-2.3560949250887857
-0.8597772127031792,-0.4616255114974715,-2.054793982578555
0.7858667474890608,-1.4409833677698558,-1.2513015033175812
-0.08861724832834023,-1.7021798032834814,-1.2389799400754478
0.6593589275025178,0.4389415789638203,1.6364449752113441
-0.7709197038256383,-0.39497950474064447,-0.43330090544130806
0.3599237499533117,-0.4980035109989781,0.5155027229224622
-0.18005561762390934,-0.1818124700157804,-0.703067423916883
-2.179167447777609,-0.36565389212659716,-2.6109618904512346
0.2820988842986079,0.5278739036669489,0.12822311012423904
0.5092279732899847,-0.8206389411616607,1.1362342957652083
0.7825974448605686,-0.1664623146789417,0.2574934457156889
0.0647161055388877,1.004313089166437,2.651898866231514
0.8419713988380924,0.27316978166745537,2.165574377836462
-1.9544993484487418,-0.197407282772442,-1.6238610563006923
0.9050396881224403,-0.8172109564390055,0.6151488175689603
0.2348240816805596,0.5166773961552312,1.1680647018215518
-0.288583651725639,-0.466998488056839,-2.8458680476216682
-0.8705633424177763,0.6064824310269404,0.7892916447426997
0.782425305913575,-0.9601688997036181,-0.37080281434781837
-0.6262187052806074,-0.43765288728750557,-2.71192768827102
-1.2939629128606192,-0.10315124316534331,-0.8298424500295813
1.266390250526041,0.8619580199098905,1.5479693430648527
1.721027145553499,-0.3069500332865082,1.8265438973911245
-1.0352826494241205,-0.9086872943160541,-3.7509014614883687
0.14348416124304683,0.8805517482103054,0.14023402201321744
-0.7622159074272812,1.6998916910349313,1.1600838315800348
0.49867343538249065,-0.26407948765740985,-1.3308162499109795
0.48132046690036595,-0.24028961749878522,0.22353731042650518
0.3984239180178469,-2.4153802486308575,-2.012907694513906
-1.2379888148604035,0.3509023967681553,0.6816534841322044
0.6539874085299301,-1.2727474474357086,1.8911462365302705
0.14216324651764645,-0.6303260533111208,0.3182471559080109
1.087234126851248,-0.9216625196910869,1.7659862979357253
0.03254351020482349,-1.1174903940761658,-1.9074671696965173
1.4001211777388178,-0.5429923566249683,1.1873339611281515
1.8146306351898582,1.216649074838447,4.464217258641045
-0.22243628836398024,-0.5827294091670052,-1.015717670549937
0.7467456768824038,0.6611808428779727,-1.8886186601986903
-0.6384956174921744,0.8008275165403831,-0.09745254566039763
-1.2541230190842938,-0.031430325201756246,-1.1659239137255553
-0.1675021318876005,1.2159319635754098,0.03979447468879638
-1.3113402919666393,1.6431810094199046,1.0314189122178508
0.3516369054232056,-0.5224937965745494,-0.1816508075959698
0.19814754660379943,1.0437399319299994,0.298410019132636
0.5920364930735242,-1.157104022653164,-1.0302673171315717
-0.20562948166227552,0.947565107865015,1.444869301555391
0.02953419009923024,1.9493789493032452,2.7181027367511996
0.5239042506403646,0.7736707317306851,1.1350562762031406
-0.6309833707074851,0.5728569612899432,0.4355368672748025
-0.7962560834387553,1.1914018739430376,2.4950757776009
1.2725713029171999,-1.3275534965310303,0.15236772137095805
-0.7789003320521578,1.5285728006105888,0.5199663282994036
0.8642445229528044,-0.6984584357888106,1.5628648411256332
-0.3215961517938281,-0.12361963900570058,0.16481241720650963
-1.868235711845482,0.44668422947343905,-0.8336156379634272
0.2949297019058535,-0.38263523620081014,1.397121545902155
1.2393265827785354,-0.3988725894206146,-1.7373590737909381
-0.621606468725034,0.9777573076154018,1.1397492597722687
-1.9666709827046562,-0.6257569539108426,-1.4890207737269712
1.7182355823964834,-0.09371965371207916,3.278021945200428
0.35783718706281714,-0.544097959346025,2.1514333322877683
-1.3795122747902184,-1.423977050021267,-2.5064049929337218
-0.5563053071464674,2.0689895382903343,1.7966314496580509
0.16437233771420606,1.184248621683505,2.2352755613430997
0.11480500628015149,-0.46352144603997214,-2.2019960537878855
2.312522981335198,1.6179876590667552,2.89273393182838
0.5330248822588788,-0.9693804325107656,-1.6094208606907485
-1.1034659011406118,-0.06732174035574627,-0.6146597096725207
-0.09200307404069663,-0.08309120348748271,-0.42460391086409766
-0.06060147722809242,0.9293897731127432,1.3762869840245915
0.47764533464525855,-0.61771869154398,-0.29782662116019787
-0.9894460845175126,1.2619507273996609,0.21198861665475188
0.4317536188336514,-0.01397533630244663,0.1881411549663635
1.333167260969977,-3.0747305069157065,-2.704421696495318
0.7186382874643091,-1.3494821363180611,-1.6711718277622987
-0.16119871430049798,0.01199228582026661,-1.7472793348493303
2.205156736026199,-1.578585716735691,0.7660475760561516
0.7987542773926531,-0.17466001311670662,1.8497364386775246
0.24739159051067816,-1.1090862362617102,-2.358109859846439
-0.5075283375352032,1.6171370425259477,2.271023924369505
-0.7382767481554409,-1.7138898958712683,-1.6598505565631423
-0.5445488106919468,-0.4470483199320828,-1.3572369289086486
0.9376989006558076,-0.14042463988001366,0.8255040583777187
0.32033886348011337,-0.7202942622225877,-1.5228272506364429
-0.08794917475648684,0.7138378824828816,2.0866340218590635
1.4141411047473125,-0.9854849287120588,0.5655187350210957
-0.14872886603127677,1.1008564754062233,-1.3814471958253645
0.4207322155484355,0.7184433352579386,1.775990987613543
0.5363008531095557,-0.2484351497976847,2.0702779206537416
-0.820256268409441,2.4898642941264493,2.227192081917303
0.8374325233438371,-1.7659078845043363,-2.145017137797335
-0.23741780143441923,-0.11923760848209676,-1.6761363205266746
0.7670488131551473,0.05818151452141633,3.299830700982355
-1.6086415828451908,0.9197960637725879,-1.6599607343347356
-0.6043705054979114,0.1106897243459575,-2.1761884767799424
-0.5163659007625258,-0.30826678479795017,-0.27943766606868525
0.12945258855014447,-0.257884647699563,0.21113960791463438
-1.0548338062365925,0.6231444419660946,-0.4694546961663086
0.28087271631541333,0.14468563322835662,0.6565796851616196
0.6468462715701678,-0.7928973907181487,1.019340345331111
-0.2393550271763193,0.08251517561069852,-0.830358633546261
-1.76463594453447,0.2874930856668341,0.20356476795882728
-0.9132026335313497,-1.0157721161787219,-1.6103514127583796
1.0890547159813213,0.39921464143829766,-0.3838333023271263
1.2241291459689543,-2.153212129707175,-2.5671136022345222
-1.140212404527147,-1.1981811037883472,-3.639144844605665
-0.028178488187347323,0.5641507015548569,0.16044818866715538
0.6386542807506489,0.16482585215245296,2.520542170478087
-1.2646260937302694,0.0741484112900118,-1.6121339079651953
-0.3638371646470165,0.22150618895456942,-0.3733696881143178
-0.6987136651579922,-0.7767264102099427,-0.08792135484322428
0.10240148541855056,-1.5128306274333299,-1.158999681072094
-1.1307649162722715,0.20285857756039996,-2.0874938376183234
-1.5963933975359879,1.6994902292504972,0.017927825333042643
-0.24837889885489803,0.9519134665924636,-1.205997885816716
-1.5669247760366587,0.05399520067655477,-0.6034244173166812
-0.2543185251386044,1.020224987855313,1.4771925333172367
-1.5586496121528552,1.6948085718897647,0.7283772678603138
-1.4841601904589883,-0.7220025374148308,-1.3457108755556249
-0.4531410036870287,-0.39397224801176284,-0.2767108588475994
1.3255854819831934,-1.7978098926289416,-0.22376008928423718
-0.8369964258314468,0.38308374546582735,-0.417883325994462
-1.0053557964987392,0.6129748246896343,-0.033619476170030804
-0.5504663619138489,1.0767363858134336,1.4912836679555324
3.2377545374893204,0.2243533936203849,2.87323961928404
-0.9774201854711175,0.3642048519743398,0.02955731439132836
0.7302361257306912,-0.5598426126996027,-0.3005224371802795
-0.3308014062774558,0.7560868088785986,-0.8133523713691491
1.304209548431144,-0.9852447665731922,-0.8921994025227905
0.20870535069768364,0.010225291234179224,0.27647299556731636
0.5961649174842593,-0.2315905592897738,0.2033436837184338
-0.11757747549171456,1.4687021875276627,0.9070266223429533
1.6475443061711517,1.3174082953562143,2.059017948541258
-0.3185653831161311,1.872645710049655,1.5639978713392242
1.1163647045539706,-0.3758695150725982,-0.08215898355998585
-0.9354945335222625,1.287724413254542,1.8844236111415338
0.43072692925391864,0.5333306846241461,-0.9290592407306326
-1.8963781934177935,0.3100021746071924,-1.3521206974045088
-0.7280323126007923,2.0625792873325453,2.1694536105887368
2.201957493322481,-1.6409141524386794,0.0805525669250508
-0.2407836336115025,-1.1589861031078645,-2.2217891510283914
2.306013782339605,-0.446927545326842,2.7237041519507663
0.7226679384784553,-1.068046938205917,0.06793535527329236
-0.08074555976316836,-2.0966388857134386,-2.2972209720704058
-1.1527138402326387,-0.5138929851733963,-2.600532356898179
0.9849491542771811,1.0938937404922173,2.4500651220737875
-0.6179811333182664,0.6436717185035712,-0.5806521992484068
0.4978959381606129,-1.4435631325585478,0.046258246438927286
1.7635198205261626,-1.1071853068024244,1.4726062170609473
-0.7480969891810868,0.44166744500256383,1.008123203860989
-0.23044618071979467,0.8571035675409657,1.3657825385907385
0.8360095484888135,-0.4615852848218094,-0.45043575562957305
1.142716683223042,0.014955097772716553,2.212605662453683
-0.48099368275545545,-0.714554395772784,-2.5586947220900322
0.7818053219655718,0.832234194237417,0.8487281322779712
1.5845918555472818,1.3932100561823246,4.393724872915549
-0.23223258623372817,1.3081827858006871,0.05947584655879479
-1.4801824145619709,-0.9051920484052712,-3.1711843288486863
-0.7999531414099444,1.3162065623221322,0.29491728153287006
-0.01809955479326561,0.5397592729356969,0.7556834068437464
-1.467228168594874,1.4545555350028436,0.4735005577079094
1.0708914765436854,0.27268411204947585,1.8409950074804837
-0.421448664084252,0.5134132869559384,0.21618728424336262
-0.26240096244079125,0.25586011095776917,0.18540346528489796
-0.903668267933155,-0.1978156789982401,-1.3974926142829418
0.11326952700303423,-0.8142181806035615,-0.6427108112192266
1.3620579164830482,-0.6622728398792525,-1.3393262036127433
-0.21795015924348568,-0.41082867224740205,-1.3056136787660249
-0.6239855696670892,0.7336921529541018,-0.6800367332774825
0.40902623106233293,1.4149292048054976,1.4186644879880974
0.4912321866004642,1.7661688595433875,2.0419684661502724
-0.16707790436198908,0.2595143834435272,0.9434894797900365
1.0284048843129034,-0.968879167478782,1.6906034782147756
0.22758487994830914,-1.7148311289252112,-1.3385031804649943
-0.2898234530606905,1.2105801014413238,2.5802538617394992
-0.8922438609815113,-0.3651492579572828,-3.368689134374992
2.4606411921001143,-1.9410892687920953,-0.051400126919015965
-0.4843798626766209,-1.110579112901709,0.042497664054057305
1.4054805300249111,1.4085184051943238,3.823756912223716
-1.4443068688385738,1.5584036837243536,0.23811069864305529
-0.1260303250910007,0.00893393926070303,-0.5805434184255395
-0.31026622193553904,-0.7340836780093302,-1.329625505922928
-1.1974821783596632,1.1268944875364761,-1.8337990764743637
0.12622195242159914,-0.010296681202599304,0.7452361454548132
0.197076561387271,1.4966417222462771,2.5184380400391353
-0.033513294226060204,2.1001853179340815,2.622277872786613
2.351129485251586,-0.978583885195656,1.9936771413134597
-0.05328596013865646,0.29814483142894477,0.527963771918038
0.9458172660211539,0.6201533647451218,2.0340192889457684
-0.4944315696455714,0.43305711025066795,0.11722946509537788
0.6345187885136497,-0.555829754734026,-0.7733877194017915
0.17690399470564633,-0.17059034077205312,0.19631448132609394
0.5988269224217597,-0.2800702211268992,-0.6646095634503788
-0.5827592613752662,-1.1074146660647228,-1.7446917584896218
-0.33389722574661523,0.9895739994843166,0.12381403537912417
0.5064207128148643,0.7353460393847192,1.552835444194269
-0.4537685315678935,0.11962825062348542,-0.8020565479918702
1.8947289639397435,-0.4985860396464042,0.6252527685920539
-0.7023399616471167,-0.20951673015787148,-0.08674357357516749
0.9610396898665218,-0.21841088717668244,0.3491992830450952
1.2234845189419703,-1.1337464047576853,1.3898920265423222
-1.3347698323238768,-0.1219274511510845,-2.3056206760781457
-1.0152855742198983,1.4435012555472069,-0.265510325224259
0.11817368814684845,0.8398679264176954,0.7218753232110025
-1.1959693385234518,0.30858492585911235,-0.4851929615936786
1.2565818096658765,-0.4419852301765087,1.6766371773216497
-0.6852507151435387,-0.42017015010250713,-0.8254632011323001
-0.16269921466891152,1.2433159622169647,0.48322917493101114
-0.5810779540840746,0.47894246292066833,-0.5266635213906385
0.7513323538564354,0.6958483706613683,0.9720336004168169
0.44852404896700543,-0.19795706688887055,0.4119916685453464
-1.092087547295438,1.6256332113346328,-0.5038656349320101
-1.2291642732614187,-1.389050519406726,-1.3998580837542152
-1.1352768115345182,0.13593928687107706,-2.276190659404286
0.5061279373084355,-0.02240737233753408,-0.00835498236714921
0.8091240681790596,0.13165464618092015,1.592653591450782
0.23003077400000396,0.32969503436308323,-0.5913465172845747
-0.9682330565234537,1.7042026090228783,0.16986542227731816
0.13731328890963124,0.677745910468265,1.8102105142628608
0.9216800652764032,-0.7439900229198837,0.38650341479719186
-1.5569794806859742,-0.12393442109312912,-1.4344430599515918
-1.0317772502414173,-1.1634789064749023,-1.3676850446924402
-1.057140122718585,-0.4358667719776054,-0.5636161172434031
0.8674720477380771,-1.675265297352905,-2.7169591352666
-1.890200067465442,1.902438589598677,0.06258491335427568
-0.4323674844866978,-0.17894229798397077,0.34476526453186973
0.19010431833825728,-0.29164234493770436,0.6567289082269343
1.873182082864281,-0.013531080404101321,3.1732100085036445
1.5765911649006406,-1.5395624411736626,0.8285688195211296
-1.6330312209735625,0.38418265024682596,0.04951497212648159
-2.6244563608089426,-0.34672625970630416,-1.892556873348181
1.1883745801872563,0.5153178916861331,-0.1622782316582827
-0.8713346412341414,1.173122460640539,1.2587140913485937
-1.4484864223257987,-0.36057596787406354,-2.5820729993208156
-0.6014234872783001,-2.499297961365513,-2.1961286979436663
0.06423409683514587,0.49216964976165567,-1.2825352105210652
0.033138920888103586,-0.04108458182817221,-1.0997824523041784
2.144540274530697,-0.6866790458927416,2.1702124490132233
0.3261542242568859,0.17691887260692044,-0.3078835461425129
-0.4182039112266396,-2.7446615626206894,-2.7179582467363286
1.22100139646704,0.4849070740664164,3.322893167143536
-0.3330113461452219,-0.43592649488893825,-1.7745639229328523
-1.123379518481575,-1.5606594925049138,0.007237098377412821
0.3200933205637867,-1.5642124393925996,-1.5645181391787593
0.21185227601109877,-0.06909475458601153,-1.4561181892969932
-0.6267777248378014,-0.7559490486801108,-1.016822277915482
0.7208095871230221,-0.5039056383633193,-0.12076619788023146
0.23925343509566804,-0.4922982318770544,-0.6809636212310468
1.1169789993022494,-1.3395048267887837,0.34878855275926846
-1.0606507480022986,-0.9457745120988028,-0.4292726556016355
0.5137907051664506,0.04032066493170373,0.9919131780661685
1.1158251722060315,-0.003116712552033149,2.557852933528607
0.25281770836787504,-1.3204684197336223,-0.8537270278603861
-0.05168591493838561,-0.7289044409092568,-1.7854650625153938
0.19759487616174348,-0.744647563100272,-0.4971357820374107
-0.16212812350991615,-0.8414779318604982,0.6839851800409942
0.10272062702981649,0.9852462321163376,1.7000107531588127
-0.27640848314500455,-0.22289949000054185,-1.7448992543785136
0.0669147210567712,0.5466917049074138,-0.7886742728377013
-0.01289303641859685,-1.2915330403082672,-2.197932236651523
-0.16651450606468252,-0.6320159989316119,-1.4649726423115799
-1.7761840838945975,-0.8552902154827189,-5.749999121188873
-1.872062910505308,1.011086020026943,-0.47144563265244505
1.1630031785031556,0.97932749116289,1.7161514598043797
0.6354073550233204,-0.0503857288841598,1.6926614330434413
0.20556907966670188,1.2144230388586557,2.2480987862135846
-0.030088142323961224,-0.34158287109983554,-1.8552583091936425
-0.5919874127524676,-1.6761545185587694,-3.5841780996247774
-0.6786005534992093,0.33250573693363794,-0.30534245345168637
0.07935847557750114,0.745983090156481,1.513678854261698
-0.3698848060100303,0.43796017973198625,-2.0635382162016924
-0.1358350035383872,0.9885673154163578,1.3054498404741208
1.780877381924322,-0.8132026385114229,2.1421697221008977
1.482668143029706,-1.339127962907142,-0.6468502180701056
-1.406830597853318,1.5051788741756693,0.2480964021502669
-0.7636470394696142,1.3970167682803336,0.43327245160804273
-0.878076678687284,0.4769889791603925,-0.6651585844693879
0.007765737573910804,-0.6215384474442847,-2.6579795620879505
0.5606071132798103,1.0742672544642535,2.2293639667838736
0.2335349100879924,-0.1229743431532554,1.5572717393549476
2.2172951266813863,0.7901224603627167,2.92451729612989
2.3856352089565935,-1.2596060977239125,2.552864634455668
1.2273731507863828,-1.1712272977484408,-0.16721869068066683
1.5411204564149918,-0.9436616183744373,-0.6021952077279105
0.9460890828219898,0.6505806314576639,1.3585868564237944
-1.378589429670985,1.3041079030060931,0.6611159998508261
-0.11757430274655521,1.3100546071267538,0.16901658138412423
0.5067010479456717,0.10172662422586481,-1.5097194866692227
2.084913555406278,-0.9040361347362698,0.24956519749505746
0.3360061824337659,-0.7096988905821773,0.5357301003831402
1.3147245759601123,-0.8717107996489564,0.14106617917011305
-0.2694265524014107,0.34717594510146693,1.1442218542756417
1.77249077177974,0.9600778083226483,2.953954488305619
-0.521586702550873,0.6526461263520659,0.7738909955759565
0.03708082745582604,-0.3361676175910488,-0.26947091332564876
-1.5945829499360635,-1.3674812214396372,-3.054287058029119
-0.6626001735260526,-0.8558448400451389,-0.7421715251436871
0.6025084119711405,-0.33880135610517575,-0.37956006235829115
0.0948877701796355,1.3457179825390841,1.7250336152522194
0.5836527469509746,1.5042779336874543,0.7397647342773352
1.7029726827780631,0.9737111580509258,2.680728945179814
1.3960545304024095,0.34436690781574936,1.567676901142907
1.9944410584662542,0.6677546633811501,3.0550844946085434
0.056974309651571395,0.17012619204431945,-0.4925111722649465
-0.2894643964297519,0.9649097844738147,0.6730974685893659
-0.2241137405480163,-0.11238045069884862,1.0017377426580703
0.12862446156139037,0.3024251920926507,0.5952745194197566
2.8955169891453276,-0.7477061974078842,4.054754768703575
-0.45991793976880263,0.06811354810703867,-0.5131201259244269
-2.1078011894513287,1.212505991342844,-1.9440479769405556
-1.2611234958349484,-0.7026132729662574,-0.651814760466757
0.5001790405718336,-1.4312550473480157,-1.680447769122221
-0.30599917481306815,2.6160419597703273,2.3658527077267624
-1.1142547048507525,0.4983308988022494,-1.378344779010782
0.9994632365194366,1.022384652843088,1.4363338999778683
-1.299799429680879,-0.9051641847886661,-2.0870264022979343
1.0610187288349728,0.07636021549025425,0.8013120241429538
0.886802512740155,0.1280489936539901,1.438674906028484
0.21905326170823916,0.32063351541329455,0.8976387843891677
-0.1690670887348329,0.7600921506826152,0.9520485219450536
-2.5105990020288864,0.902909603389445,0.31745816754328327
-1.298510033544111,0.5745451821038727,-2.609489302096071
1.4439441196598846,-0.8595813044592281,1.786511392255937
-2.412027288221593,0.7913168942010124,-3.0662638067772106
1.142183193497751,-0.3416143416211897,-0.7614519348786692
-0.1687930810334151,1.214689516291127,2.772318340734782
-1.6709478790614285,0.14816517874483015,-1.18952502227002
-1.1336565187520493,-0.49279110564838224,-1.0141851502484918
0.2918678156703711,1.613733765266933,1.212452997102345
-1.0440158252515856,1.5930816587175582,-0.5154007142956565
-1.0643531486146844,1.4155233997557983,-0.6882611325456733
-0.11509126306791116,-0.6950342530506923,-1.2807722885280681
-1.0494690732968528,1.118991940670282,0.07669032743374266
-0.572087236850958,-0.6610309837663275,-2.889375156455036
0.6178105193835127,-0.21522855308586952,0.3784458239983969
1.0713406305155522,-0.4852250336470645,-0.8448092271050822
0.5651502376361136,-0.678037106848682,0.13125503393159452
-0.015171357851250948,0.7517400608625404,0.6644261891433862
-0.28901586177223176,-0.6941862477437557,-1.3156203145549368
-0.856386494450746,-0.9591858845657647,-3.1328343309909474
0.7484570544080681,-0.377747256958242,-0.6058354056707413
-0.6053731771372844,-1.234246594562919,-3.1662908851297478
-1.025268228257506,-0.5592932280155402,-1.9409482468935957
1.4529882187192176,1.0072544782461406,4.831615440719202
-1.1786048044918258,-0.49541088989165194,-3.152922355875274
-0.47203754684656457,0.5372144060232042,-1.0296309382685944
1.8433858535916483,0.9166778470528762,3.5153271485895092
-0.3611344944304035,1.137289429275756,1.4087684851574571
-1.18148836036884,-0.286015307569443,-1.0023411211117967
-1.863841489704937,0.8567890414821501,-1.1978514168899999
1.1172812665696858,1.624207356826716,4.141050810101528
-0.45812467219523106,-0.9934142453115855,-1.975742137937714
-0.16346566603576418,-0.3529557971027393,-0.8895638272280788
0.07212929522957273,0.880058702824773,-0.4961032896664397
-1.0669035048971187,0.006489045377838589,-0.02872831250952479
-0.30833425285983324,1.7067500945033556,-0.543365284865474
-1.355870132313557,-1.758682681218867,-3.366489768841048
0.007984616062105387,-1.2021031340167632,-1.9256929587409755
0.53034871622357,0.2746130329983827,0.10592330052234
-1.1176053788526077,-1.9114686546315571,-2.0061479269692306
-0.093018815476811,-0.622638652334208,-2.0307887130353217
1.7675902597897544,-1.4682989181679078,0.9152325107897461
-0.6592713035778788,0.9326833702030877,0.7732693905899853
-0.7251479734349071,0.5772473552078642,0.6304482949448107
0.5023531406009216,0.9104955062484382,1.7769717572921406
-1.9652991843871443,-0.13911132920655384,-0.6506806523539592
0.004875171953688727,0.01782985007948634,1.1606571544814976
-0.34117074238171213,0.15046089975969296,1.725353333150582
-0.6160169026123393,-2.33149238628078,-2.7472543891003927
-0.7820478067878202,-0.8624402300446733,-0.01888831211087294
-0.3037072064945695,-0.35925572355603236,-0.6312894399620089
-0.7533233305759985,-0.23781794407508564,-0.33099018752776943
-0.8111542270492597,1.3718322130070628,0.2877850732096397
-1.3986144743734958,-2.181802270291782,-2.2607414422023218
0.2877212068105645,-0.21205543194840934,1.7979674478024914
1.8395354642476025,0.5752858586700641,2.8082285905864537
0.0023966504762049597,0.07676183684462325,2.225638561210347
0.7829940347694684,0.49858585624099233,1.0955543365776372
-1.2503276770935574,-0.6341358270188056,-0.7280651636224189
0.05976210913937771,-1.4931926735976055,-0.7825628193623922
-0.24933668484115884,-0.4468881439872746,0.5522972408310358
1.1995372496995251,2.4882467310038567,3.2196228643925857
0.26773408274677657,0.4449522367245921,1.3074405593247285
0.730738849341606,-0.27201163927510497,2.1032105777573915
-0.013890284988050484,-0.014997276673166065,0.3159514994009076
0.21618067747297987,0.7085674864774837,0.8416544663256117
-0.4559232273741656,-0.748069661613041,-0.559901936113088
-1.6503912703007428,1.9244160350706787,-0.5006347795712113
0.9994555433093546,0.1731661784801059,1.948219182982591
-0.04550072877067461,1.3405204993615358,0.9605834305530103
-0.4093985142071139,-0.640497466838005,-0.752469745885185
0.8562582547520381,1.0087215217572167,4.863127050636378
0.423425997608763,-0.029778014563839984,1.3530419129599682
0.05150431244336987,1.068900918935478,1.328631182626972
-0.44786153267460665,1.257980934015267,1.0784122290385825
0.8100510646224444,-0.8808390996374211,0.8114473894515003
-1.090582462667441,1.7045377557601809,2.933826599190448
-1.2164612285466228,0.7513005944081014,-0.7722821309352439
1.7969468718291408,0.24144165689727728,1.59835864149326
-1.037364768304691,0.13087219228042687,0.6220336739447471
1.0025982760544068,1.9281811197011816,1.7977350843449496
-0.3696539451606269,-0.8714617883893119,-0.9857037427360738
0.3710849884339823,-0.18245952842382696,0.05205972248463811
1.426862329280871,0.5028468914192448,-0.1314557080006873
0.37328685654276444,-0.359106818337125,-0.2534677761053969
0.582702061571013,-0.3707576544297031,-0.5940968673790695
1.5494151364805642,-0.6449255589802738,0.2534952485358306
1.2192107931942098,0.6069311694295357,1.0697844047436038
-1.0101510788382877,-0.6484350514465472,-2.8993541624540518
0.552784432569518,-0.7969537352743857,-0.6449805151455892
-0.9161418236781674,0.1653418283758969,-0.3325353828279187
1.6524711679436064,1.9513361617062468,2.2632745085315054
-0.8359348977881451,0.10038022683039624,-0.3587647602059614
1.4185850947144454,-1.6141177198606116,0.7397058732932876
0.13831404897996727,2.0350905656044844,2.2597997908032537
-0.034468123549984006,0.650202845917086,-0.7863163250690216
1.1904327145873532,-0.46662603277749565,2.8277428806365044
-1.9561085111717693,0.6367296910508822,-0.811682627406501
-1.362278851799,0.3899180622127092,-2.1598496692117983
-0.7121788136806675,-0.41235947106253,-1.2493900422287947
0.7791309729867816,0.352765164789456,-0.08621845856576726
1.7669183617186477,-1.0355562230721997,1.4812193004680467
-1.2102183671709756,-2.4060828998445825,-3.3366198052279437
-0.5082849336832682,-1.3063095024726996,-0.7495603076030637
-0.8591762111840706,0.7622115615027556,0.3883460741004404
-0.19184114576359873,-0.5910347872994544,-1.4269671211113795
0.15464703149750406,-0.48228944056231915,-0.7465832295342976
-0.2678567548494689,-0.8251864068565049,-1.4629660761899768
0.5375828454412259,-0.4224628131991583,0.4915061407760768
0.915374114102193,-1.4376377920998562,-1.2149949023174103
0.9721689421324566,-0.6585747633306603,-0.2959438661223739
0.5439914108388165,-0.15881418055227844,0.947355041630426
-0.30309476548618325,0.6179509461206759,-0.7610613384253164
-0.5451746780494564,0.837021205479825,0.9283724333381315
-0.00482672966629408,0.9598232915471872,-1.4408807461355229
-0.7830972593412096,-0.22736828517748445,-1.0831832191205983
1.1319852345546797,-2.6817292084048145,-2.098308807707972
-1.0689196903982547,0.9918046918199017,-0.8272681303907502
-0.12074744617265995,-0.23298077389674585,0.12413820094635081
0.07811742312731706,0.4989791891125659,0.7008144935319024
-0.6742851810627939,1.0820025338555794,-0.1378467647582977
1.2124707455095962,-0.7608688817822628,0.7965751035702977
-0.2959295853839937,0.30884420003849844,-0.9497725034485911
0.35524699599981263,0.7657011955392395,0.6538741422011882
-0.6206944770885198,-1.1853833728715053,-1.7261899971020667
1.0015708635804146,-0.24486420771194983,0.40184590761808187
0.2385840613681998,0.4541236776127009,-0.25055883263230083
1.5350573134832313,0.1979850477048509,2.0067036907844744
0.724808824756908,-0.3452211337782116,1.087724474124545
0.8438500753212047,-1.794986670710133,0.02970073264704709
0.45327867596814786,-1.020690606243464,2.0869371950835203
0.45467112451520764,0.010665543266637573,0.10567173397747315
-0.0043233089311573575,-0.08638255903618826,-0.6818511404076726
0.02913564238903224,-0.7109313608122914,-1.490349079121696
2.184841886724686,-0.2449348068425786,1.078315056490481
-0.25060750863494763,0.6784289426267828,1.41321058094717
0.8282500253661014,0.8525830934768134,-0.015142085377339187
2.724313593159873,1.1924058644422235,3.8580661989955547
0.07473588452482433,-0.7589875525517321,-1.0233150855777682
-0.40475695517821797,0.12967943992520545,0.4720795251523515
0.5418283651011987,-0.7468514330901712,-1.0635217004778494
0.3789236963363502,-0.8458445447057632,0.1686917625763566
0.11808323295923463,0.16623068185403458,0.3110852126652509
0.3640731180720722,-0.7406371388885801,-0.5899800961609016
1.0583346475033835,-0.1561668807559829,2.2140846711538957
0.5594174292431974,-0.3875920046709498,0.641885278955783
-1.6835473162544077,-0.5173130033013514,-2.5446705150215188
-0.5640245350358332,-0.15686691048221763,-2.087872031281438
-0.3672606646080698,1.0347199192158072,0.8539317772663944
-1.7063679260041213,-0.809004431903354,-2.214598855396304
0.5564004941422376,0.1263558047462248,1.5646270920190912
-1.62956096722332,1.3752782937038435,-0.7951562959052163
-0.7123171068370141,-0.2932950457547281,-0.6001688068399139
1.153618482228657,0.8002516845940615,1.3784729290206998
1.21634490582323,1.0584055473970444,2.248542164585026
-1.7296913936641323,1.1288798575455912,-2.563872603173321
-0.7190360613830641,0.6825673083826274,-0.16034155510863268
1.3980401853442441,-0.29654666404985836,-0.5345957465934363
-0.15500043133250463,0.897368433584926,0.6047403004076277
0.21309512452493035,0.05710453113986763,-0.19754850725069045
-1.6544935664202962,-2.0234663887697506,-4.729223999594171
-0.07307589078306007,0.5979591201969474,-0.5241436972617147
0.0632688683514619,0.022519602588430027,-0.14587665107037964
0.5912642380487266,-0.2619976553516433,2.0464054585555633
0.19227166905060764,0.45020046397135466,0.6457275079568114
0.2908118655119118,-0.5655184567539938,-1.7824419342831366
2.2772147913824345,-0.6158618431473439,2.0407658608314483
-0.9823264344127978,-1.9228120668175075,-3.906172816707544
-0.5432910575597916,1.3032885296174699,1.8276861471832722
-0.9994490823750855,-0.49430425452904325,-1.1291672668536186
-0.752215047808711,2.514539566521193,1.8881588570588703
0.636611786446948,-0.044712532433451656,1.0248829294531405
0.29492124660849783,-1.3667851390193442,-1.249908622882351
0.22947969330937154,-0.25253885486442174,-1.5460424997714866
1.5274364812842918,-0.9456680790092294,2.897381735936087
0.053029157204204536,-1.0721510245393495,-0.6471705369433851
0.8843729985493789,0.54759055707893,0.8478510618284206
0.9016592037057872,-0.542635275359772,0.4301393637095527
0.7099757744382084,0.7946709065905956,1.2045867686561045
0.039138435171320186,-1.1154819297367098,-0.06119677413236224
-0.12749992636513463,-0.34535535828038233,-0.49118814247197123
0.954423041444648,1.7693158984764599,1.834836838318533
-0.0032629707687653036,0.23809740372698818,0.1813450386152902
0.0023974119441100765,0.3936399632988895,-0.1452737186588629
0.37348496028428646,0.4326568080416397,0.5650787412825413
1.843927944882387,0.8806689931417097,1.173636921373149
0.8428942044669826,-0.8635768297155515,-0.877779113816396
0.7604423794372489,-0.3974810609597261,-1.1432250086428564
0.2899062066174534,1.031138735529524,2.316493523202051
-0.7614195357383862,0.08905104632284351,0.06716317221389967
0.06540126563438144,0.37335282767442357,0.5331959570464812
-0.27783074932023394,-0.3811947936890426,0.3713882720243554
-0.5368020894137846,0.027936089871239498,-1.2457219393555965
0.03588131209418939,-1.4093120190402548,-0.4016011298555483
-0.7330902450193942,0.9471734289055779,-1.1560847693439698
-0.37418927130756807,-0.5158263290836195,-1.3619851626261412
0.3315995128538718,-0.8486183453365295,-0.6367612897980648
1.039342182359295,-0.20761215834012767,1.5128816239950427
-0.29810006203173295,0.9955337470082264,-0.1958146570997874
-0.3041573603556923,1.589670006047519,0.9683514431567308
-0.6221123246478982,0.578055589793826,-1.3357517793369218
-2.6551030018572845,-1.8856430448269512,-4.408875855436373
-0.20193385075448547,1.2601981869340422,0.2725786867689791
-0.05380162494165834,-0.17611774824301246,0.4127318413387283
-1.4866118862841502,-1.7724184899283268,-4.367239177458159
-0.2849996423191787,2.3245976819425604,2.416495035203069
0.8460138036514826,0.13617197105036025,3.084031554211331
-1.2456653115725318,0.7350010490439302,-0.7389099083297758
-1.6577932442472825,0.6371742350904135,-2.2269538029965927
-0.7072548213122857,0.05433233923446948,-1.6381207884085829
0.40067429010418154,-0.5117486225937768,0.13418442583817206
-0.7942123832478707,-0.24494495144818432,-2.022797683006355
1.0101389671756063,-1.007586537979787,-1.7445859876526217
-0.2444601784816369,0.7961434078794415,0.2689767940944322
0.015727325382626004,-2.4197747555233393,-1.7488971978662309
1.2281435176892845,0.18645202055041485,2.6653800135232455
-1.2731032016084158,-0.3420703692838444,-0.8359905658836755
-0.9348047285376476,-0.5656550863617169,-2.820264757956674
-0.5539817566560743,0.8931338447714448,1.1134694765628574
-0.2752866230436602,-2.1208299046956367,-4.308651861687569
-0.6438418447415758,0.8346093907993978,-1.0259143198820284
-0.40270453818790103,-0.8973209426901687,-1.5328295893974555
-0.37988667344034005,-2.209927583337354,-3.10821234360377
0.1113515052127817,-0.10161822193538787,1.123623359767901
-1.401454047046012,-0.07303824923197332,-2.1982279807943974
1.021255291278131,0.31786992720832125,0.015298669203942294
-0.2631047109143936,1.1152597128598696,0.34411660879862704
-0.7922818065256152,1.0483073866992363,-0.0060283249543612305
-0.6635116934539631,0.13242384974056343,1.1303309579470318
0.3337529449988393,-1.2892769085178521,-1.6272856179586417
-1.443126814867147,0.5737992717781815,-0.3869284938652783
0.528535257410134,0.021768424138750693,1.4113443400766323
0.4949492680793818,0.7096996005249907,1.9590919798285453
-0.28355870287215623,-1.1105129282567903,-3.834579191785889
-0.12722730977671828,0.6961292395821617,0.26941518355833743
-1.3877159862596538,1.0487017397397578,-0.285019811318376
0.5964494368739938,-0.18851678264698563,1.2621877089076443
-1.4776210073317646,0.04745517353182604,-1.1771510844732158
0.44076037977296334,0.7640993267146683,3.4683764549580935
-0.07256213381402218,-0.008970690815240592,-0.16874844211067253
-0.471423490291192,0.12894170405530866,0.15306889633639253
0.1360333088176264,2.4478942382971756,3.0142066791007167
-0.12291625214966496,-0.9273048230744813,-1.5955784419485344
0.8945821244997075,0.8968560409991028,0.560678148716869
-0.46656247205456103,-0.18117116137873399,-1.4721043658578346
-0.7905208425654373,-0.45211147408309166,-1.4449399307909265
0.26386667566306365,-0.40932256589069554,1.3515507949424581
0.6867691699464255,0.3072545212350792,0.7004667436129111
-1.9706718638881784,0.9305381597572434,-0.8751907740490352
-0.7094079606372609,1.2530552804129418,-1.2916075207507287
-2.097885181484403,-0.7914331087333274,-3.2824413544753615
0.2747610465383605,-1.697453275982505,-2.7325743345521154
-0.8548757165167021,0.4774219757394118,1.3072456544971751
1.0675868184317445,-0.595529941477922,-2.0905022709063363
1.93744026373233,0.0636236297458379,1.0999207377034876
-0.3968045743507426,-0.6488881875496829,-1.0013053363720588
1.0994949252896526,-1.0449053550920564,0.5787359381939762
0.013846878867378487,-1.370804089438599,-1.6306817927443262
1.3663032944845255,-0.30097999553289706,1.09408073510765
-0.7671200677143885,0.46336867349855243,-0.9986779709029479
0.762052822367187,0.33645555076779915,2.0032453512960835
-0.5410309187603028,-0.17867391721598558,-1.2260892975425235
-0.03071611330780337,-0.24189280385037948,-2.8482461614964474
0.5583896620332147,0.152915667624199,-0.8558018372656091
-0.9340239027963152,-1.2517387450511632,-2.254427402618969
-0.36614576122848785,-0.9431157054323617,-1.8183003776193034
1.2738882737161277,0.7601739485659531,0.6423115474319949
-0.5366936422051782,-0.9752310154722789,-1.4508184549354104
-0.05274437852377463,-1.5250599132242029,-3.0468744569950794
0.9921712044253511,-0.6173258499315135,2.499541872088695
0.7866637144052527,0.8572174634637331,2.3409870030265805
0.8250508392930794,-0.2916151721107777,2.369847396684621
-2.7152809962307543,0.7584268907384971,-0.9297066679490198
-2.3301192748379784,0.12266001042138508,-1.3061496862066768
0.12962468133833932,0.7452634086763535,1.331279936248517
0.37284407397648667,0.0714550380292437,-0.31497123117663417
-1.575211736142822,0.0784439600990713,-0.794384486176079
-1.1829769022789032,-1.9142966076803614,-1.987566215083679
-0.13821148064718955,-0.6512319897998325,-0.30790240335648794
-1.9513027969234407,-2.016053781532041,-5.40225001812845
0.05336250514618875,-1.097122722897575,0.4614764558976212
0.3636530954476454,1.600691008701835,2.2885536744098505
1.8211399672662378,-0.8891903893371523,-1.0903340680302134
0.8359344119777071,1.6847753585992382,1.1936657925222374
-0.7017663192888044,0.526460832140513,-0.4024123125252976
1.1732737898254175,1.18755514954959,2.469446497258484
-1.5799959292327683,1.4109299947008254,0.02567167725851316
-1.7918930497989127,-0.9541676529141048,-3.3566202453848755
0.41826215436475167,1.5586343135197278,1.888085275910904
1.5216057019926663,-1.1661342369817413,0.6147698812543697
-0.24193264478188123,-0.4256304794607671,-0.04204645355983894
1.1278620082277742,-0.17482196963218427,1.8956187015633803
0.14381133501084087,-0.33231086415436784,-0.1033624700602329
1.1254620313143455,0.8952895121655348,1.6795009747729082
-0.3809064028198728,-1.4210417336049,-1.5052383097087123
-0.08161699079846108,-0.33302945122655614,-0.43317096947778305
2.2653844550928843,-0.4184327952071764,2.2576027408383537
0.08604910459208025,-0.13067801626365677,-2.119232488901049
0.42208051271172303,0.1385761182140878,0.7646477839222223
-0.24319335938969047,0.5627692477736843,-0.21812461515600035
-0.2857227436524868,-0.7243643229551653,0.2597132967509195
-1.2806091683731802,1.557173415877911,-0.8133618690344662
-1.63733778744217,-1.1993594287968663,-1.7789793871650446
0.6609502687088843,-0.9712076605195696,-1.3145150910043455
0.7237679888107652,1.835315845670664,2.5624672908188053
0.968623240602625,-0.5675088176884395,1.2595655392145815
0.2101942809948288,-0.24024191675667342,1.514229116201257
0.12534054953839616,-0.4324827191404706,-0.5489253689867037
1.3120212611550028,0.15839390562858643,-0.8779837884677328
0.6699649977126676,-0.5469355719147144,0.31254725815405654
0.9767748183831352,0.012505376187288243,1.2606216190712418
2.3470736523040028,-0.4532571966459702,2.4477032271495576
1.13277500719285,-1.6361720236162403,-0.02543436238786273
-1.1369438831057808,0.985102856324791,-1.3243207150583522
1.27201676299306,0.09466826758119601,2.1173559007165372
0.9497241372508046,0.5450712384856197,1.4709992628170983
0.9387608913916249,0.08679642247184476,1.1909131947713858
-0.5038680994827661,-1.884673910800161,-2.1303155840395407
0.13853316577647845,0.8940505995896078,1.8989714240431743
0.14955829939114595,0.2990378377134564,0.5308921458944644
1.8039140291969058,-0.14556325946964754,2.0323257861939505
-0.8196175120587575,-1.1130607354230537,-3.249503254905952
1.7572109624518912,-0.7781614578894571,1.927402501664866
1.4324391941599182,-0.44551479081224027,2.4153551381382075
1.7695893793841957,-0.8360920656307279,-0.24784564498394424
0.1990470155201373,-1.842357236913796,-0.8206398798725892
-1.7885546456166448,1.8626611920545626,-1.0255144329091817
0.3447711686543732,-0.025907399518052165,0.832500970799295
0.07245317163907261,1.1468075118711742,2.009324502993157
0.37448388590861736,0.354000810136209,1.256696222041086
-0.8991490939412351,1.0300025577845504,0.505544309301289
0.4366632124019903,-0.0676033478468766,-0.09294620287807037
0.7349957621125344,-0.13731413568939987,-0.3347856280816238
-0.9467514275550691,-0.7436097661525543,-1.418437576196188
-0.3115492960980824,0.6348659829270775,-0.2688488015567439
-0.20672277235514477,1.3617404771903787,1.5882891867371611
0.007364504132753147,-0.571809496404022,-0.23748140176085447
0.02268687148949786,-0.27976963326381493,-1.6150194039755903
-0.8185107276876903,-0.7659269597344851,0.02882524132444053
1.552318095712832,-0.09254275399863798,1.9641364009429032
0.7751925876586314,-0.3955663336343775,-0.4925960311834127
0.4951919898218313,0.3675417909426924,2.483166947158602
-0.03277178010640353,1.6854328655227393,2.8300811743888987
-0.21719395343735554,0.633366084500855,0.8501478825904552
0.8203609469852043,-0.5815677735962039,-1.125453006024519
0.3095782212949476,1.02475880609481,0.6472715658472163
-0.4016044946737846,0.531183682481453,-0.1815826482643887
-0.4897754121877575,0.4494176900595824,-1.1448512999295644
-0.34565942470217403,2.1426673016590296,1.3700112954945223
1.4674796470408158,0.6826893114927726,3.300652475642542
1.3990668944046942,-0.061443085737339295,1.078039857736182
0.442561647465119,1.4741449431568012,0.6435867930372232
-0.05913109196893178,-0.5169950231129669,1.0616194726155175
-1.8573160504123838,0.4745360331727757,-3.582898668898732
-1.5242120412563591,-0.41546284801953615,-1.0440851188472713
1.3771867743213653,-0.4707668565900247,0.013613330655521394
-0.001429233939532848,-0.590693314398855,-0.4813342307957705
0.2906544140193219,-0.28609754817744915,0.48564461893323196
3.1130269490783125,-1.5911290787284618,2.317863011611725
-0.24466110111987469,-0.7415218586358407,-0.3250894494025429
-0.6264257538747822,-0.13587057983086126,-0.7346042560507522
0.9143230105768159,-0.032971198933016595,1.48454775611583
-0.8917308796206913,0.8194047338448729,-1.7799783053454856
-0.3491378027660487,0.9188999781586104,1.6576904374436323
-1.6136547168310793,0.054028637678251994,-0.7219306260203492
-0.4014021635097974,0.669067924920883,0.9663775062099411
0.5027008169653502,-0.27055419648470613,1.0233786795076685
0.5835902564893345,0.05237414617777181,0.9721454405701715
-0.5984397716992698,-0.005768253137723933,-0.35852381217619333
-0.19733255226499385,-0.07678596594157544,0.5361341765363633
0.44108362297073805,-0.697639685637828,-0.0871825238886482
-0.07015085033225413,-1.0507432611031748,0.32603460389679384
-2.6307089177808844,1.0267759329862374,-1.4401972423826008
0.6156572845427294,-0.7938868246965667,1.3367624267737912
1.1426887426087493,-2.2084529442421785,-1.9978197943277682
-0.2590745355444894,-0.3872241276047806,-0.8878585045857121
-0.25083622889885393,0.3441320820284524,0.7160230401865841
0.6712523034829132,0.5768811133490922,0.5119137163462127
-1.176815498345891,0.5920089930222554,-0.880187444468544
-2.9932645545913856,0.6056563711169907,-1.246044907955515
-1.5021381371928069,0.3254047699315417,-1.214418308538703
-0.07579330932766766,-0.7374027816120187,-1.1760655382788319
-0.18371849330693438,0.3927601066879841,0.8228664761489407
-1.1827505020232032,0.35025321325605197,0.8147476075054182
-0.5103139335413284,-0.22985081498100238,-1.2630433084989838
-1.7886943611563553,-0.45989527595857616,-4.429103742887661
0.5309203427593441,-0.12374541035855449,2.2685627141620173
-2.4297880152888247,-0.14965432979904006,-2.4267661016259017
2.020649972607781,-0.7739550362793967,1.6323698940022056
0.2802304749811948,-1.747038946278279,-0.882861029077539
0.5097639121404348,0.4530092985398743,0.30690552987027575
-1.6899440737312112,-0.012969618838657675,-0.9278129898884561
-0.2709295484008228,-1.123780240445631,-0.45172512505388274
1.1032437449728378,2.980329597504425,4.107937013726441
-0.021855421599915274,-0.17395314549672355,0.19144935523602727
-0.9013904794776304,0.2947017815312054,-0.284102545590249
-1.068810498857585,-1.1749654773356086,-5.395501308788699
-0.6497967392253702,0.624121922863738,-0.0871705131196021
-0.528594635055876,-1.5714459920553607,-1.9197633451688827
-0.9080401654769935,-0.9299711339426447,-1.247760624700197
1.3198991051506552,1.6564940856976393,3.642530844794558
-0.6087705513254691,2.003107536377624,-0.6898416816960222
-0.7478176922314805,-0.4998126268893826,-1.724054393525584
0.21104334199080146,-1.8041562525586476,-3.1553996581970116
-0.906684528240339,0.6264083421776063,0.16394760434821298
1.1900947385792444,0.9090558972563128,1.2230991721483384
-2.285292065961743,0.6139712356172203,0.047985108655117736
1.2632275097401764,-1.8920669437083113,1.301067455034034
-0.010217060110415213,1.0950592643326513,2.162783517047953
-0.23254534197468502,1.0589940199214538,1.3340800340008918
1.0213647838597166,1.6358275460520575,2.7102038621712397
1.8447063950954612,-0.016345953290488262,1.1596152476423263
0.2506765370529377,1.8485988321123046,3.11639799853593
1.371746486460911,-0.6280072495837018,1.2437353877230537
-0.15450242315941223,1.4916182755124605,-0.09279752347318793
-0.6100955048278514,-0.5704399475248377,-2.3817962842789218
-1.1211743667574476,2.761894886788121,2.23462322128166
0.2033208506436396,1.2020326936724022,2.6747298672086774
1.7110562350086695,0.3238644570857701,2.1733326498468473
-0.6668460161728834,1.3704876692089238,1.2270302305004603
0.5240522382187781,0.9666875715925458,0.6466332595146527
0.7200211780749908,-1.474249095999088,-2.3903125621565438
1.4564601744916055,-1.0922785205381298,-0.8857110180297376
0.7308445254393704,1.863396701113969,1.750094992536975
-0.8540966259631063,-1.4897457941153198,-1.630224797045618
0.3022781985083115,-1.3201654016182793,-2.7342833117788716
-0.7250587541244947,-0.04065312000662592,-1.2573412052812634
1.5065451505764365,0.19622633551129826,2.08067458487631
1.9534000701570593,-1.5349353338348826,0.7529995499370259
0.4017538128051633,-1.39320526991774,-2.568515639452333
-0.7566892743241085,-1.050803229667864,-0.7768367562542307
-0.94601258475036,1.5104124687832254,0.37468976039637936
-0.6423159909072602,1.2136643977268025,1.412892029389261
0.8397588372081792,0.7560627294738871,0.3968527541155946
0.20559489836121106,-0.45535003542253616,2.1087064941017175
-0.5792564738859014,0.992312187385589,1.594925627552167
0.3519896078480076,0.41158090426408667,2.2277845686987425
0.6598211956422628,-0.24370642904511353,-0.48989529845322943
0.7784792186269263,0.4681690533639452,2.938701398444318
1.1376872104396547,0.24334110034743453,1.9918615910768924
0.8599169364076661,0.6077466214030343,0.873171545621366
-0.7619311073902423,0.5323547177207463,1.6699258379761341
-0.5274314546439575,0.8063758712632477,1.5034351414952378
-0.7932994090354257,-1.5299558920025225,-2.7805668535828225
-1.842642185688094,0.507704090596027,-2.055408913165877
-1.0173116766372394,-2.2669074831107063,-1.957792577138385
-1.420126448147992,2.1973584668228896,0.0654870531715479
1.6970600384961565,1.161685874474825,4.060939904278028
-0.65037712207368,2.4232948371056087,1.6976268069098224
0.5228522426627186,0.8011317681694299,1.5848435812248036
0.8771847757656394,-0.793986111073279,-0.034874970086598886
0.42452137953975444,1.5323332014446367,1.5049803259908714
0.3356331810731635,0.8509378782183318,3.014955676128743
-0.936735755929571,1.1648026405169374,0.002361160262670553
-1.158609659546062,-0.25779805010423523,-0.1504575445101206
-0.10857848763432776,0.2674141693142216,0.06327778088990753
-2.15631602471407,-0.11240317241369563,-3.5551331374214357
0.2866247490725706,-1.2282815840542982,-1.5410894202584415
-1.1951433173295964,-0.25064765295987695,-2.8024437310866332
0.07448499142598154,-1.0241846903558192,-0.6427305338988862
0.09068859209126996,-0.8000429271884233,0.44560271006265506
0.07817255860959797,0.4030287335823495,-1.221642043328847
-1.0434615982615416,0.5813009204655255,-0.09001506394248976
0.9301902783103385,-0.44513225300862946,1.3174330238521295
0.046314191462455585,1.1757081369060425,0.55927871583857
-0.30269482916397183,0.35662337623932006,0.006156735832746722
1.2219865103106125,-0.9979330999869138,-1.2685387686486977
0.8671159919168543,1.4691090242678047,2.1266150866277065
0.3632630380952662,0.9204658191648771,1.1872318531765564
0.13718028959242318,-1.6851500704471984,-2.362809949201031
-0.5598539755859362,-0.4884958694726533,-0.3622405081619313
-0.5354973656082086,0.4829041483196823,-1.4973100929445242
0.9705335174120531,-0.04300748546198511,-0.12353142597365685
-0.4720106322880819,-1.2652280740271609,-2.5537051995527986
0.23830658707128036,-0.9632706948228974,-1.138381944645516
-0.07217633661176581,0.3348022414323137,-1.2560445585956177
-0.28514528483645046,0.15497332267100425,0.6503694268346595
2.4819852339334054,1.7636242000004416,3.460553877138647
1.1187245535535848,-0.7878585549397781,-0.1504839597639006
0.9992405772839108,-1.712458010491462,-1.3701309971122475
0.9993280572082108,0.7041219083163648,2.7888404795350903
1.0662992272041372,-0.018722185293444552,0.9037256337031956
-0.053709998940000246,2.0041728594014088,0.9032799848938697
-0.08474203177976804,0.35886560519612287,0.004068444599983401
-0.18281676817095116,1.3123287494201041,2.912893143021529
0.4564146162350402,-2.1310653292542523,-2.764657960113566
0.2721962833026088,1.0775057293879582,2.1335316951918086
-0.4365333643460992,0.4759674721441263,-1.7886140585608006
-0.9756697142255247,-0.13280791269861505,-1.4040021430756113
-0.8225188284504023,0.5717123378516801,-0.23535689697605744
-0.9628602403245049,0.9910873720716062,-0.02717131869136994
-0.5509773650383104,-0.2253801673860394,-0.7643583963207116
1.3637281021335215,1.382943233376827,2.884744308687007
0.09248320951315771,-1.0442436263800936,-0.6921004478002182
-0.20467871342483687,-0.11400335491643876,1.018447096341801
-1.720270680408348,1.4711366776129602,0.5988727949618429
0.9171685618212077,-0.1481226246171889,2.2876273868421206
0.5317856329142632,1.1233820113572188,1.857172131385266
0.48245213089851113,-0.05633990563891425,-0.34123606817915453
-0.9307666665905747,0.6376117447733529,-2.0245081635590805
-0.7781530289887009,-0.23247713921969762,-1.5571736684805453
-0.11678265907450285,-1.087921442725699,-0.8104043730992185
0.02301336544948324,1.2853227260588307,1.274489130079608
0.010966168283364507,1.0063403966488897,-0.4032246599276077
1.1376704187246853,-1.2841030411220775,-0.3188498843440004
-0.43031526599504316,-0.5867247499452521,-1.242851213346034
-0.2051778330813214,-0.9910005725070016,-0.8579723589413383
1.5647293510837368,1.5685455465514793,3.3398045370358886
-0.5948654437335686,0.5929070478409796,0.29099302219607
-0.4137636316443539,0.07596783676413445,-0.43658487457053585
0.39217300619447104,-0.5166890965705231,-0.1967852401697428
-1.2323159089546887,0.41702951191608517,0.5937413162933574
1.7951816813532728,0.014746369175401841,1.3531691960595749
1.2992924928961893,-1.1491640050331118,1.3184324888735848
-1.4356880400177676,1.3931655629355832,0.7886900293202448
-0.7174554202108134,0.5306895890960694,-0.25783525448071765
-0.4836073222289535,-0.21791230678928378,-0.39858206058440854
-0.25373883044245316,-1.0522031468214341,-1.86420245973274
0.019217003716065044,-0.9055847991354448,-1.7585607025239587
-0.04476415085595598,0.04805016414844392,0.46221314551674464
-0.19966953884141317,0.7453484299443217,-0.7443228710882678
1.6449730903171422,1.3236236286421257,0.6189922073768601
0.6050483738995421,1.650734818615287,1.9580168712421546
1.0276460016094529,-1.746423774966987,0.33310082791896156
0.7108734102103201,0.17810052607648877,1.1718884094089526
3.3787847050438855,-0.4745513151660894,3.9096993374184343
-0.7264974007698016,-0.226801551186978,-1.1101265075824938
-0.17543843693600042,-0.5523228602276692,0.15600404316702954
-0.940190602189844,0.1446800690136689,-3.0925711114670174
-1.2850005216528975,-1.1886041404408563,-2.346464906845066
-0.907516321425404,-1.5480361369789146,-2.577307698284063
0.17025718070898013,-0.21783578004631846,-2.3528023139314262
-1.563304174140705,1.1656322599735138,-0.5894929073738704
-0.6652447702386657,-0.45377861084408305,-0.9912763878070305
-0.61368187474947955,0.5531745241151547,0.14784525851928254
0.2097987422538764,1.3465699991457976,1.1827878850707307
-0.09468035960705769,1.488609575026427,0.8404166624220769
0.14692168800311886,-0.7427880657141704,0.9236154141433304
-0.9152616651390505,0.369329997441064,-1.7113187118582132
0.09386834084905805,1.9844067764646498,3.2021580438466026
-0.5933440521569655,-0.3436417928510066,0.14045041209796583
0.07283067461041626,1.8699982952183196,2.4493078909882047
0.4388231729862165,-0.0552773814573401,-1.012679732737542
-0.33970531687545663,0.20171264503521424,-0.061161424404026526
0.7403691051381799,0.6733646196451699,1.646922107066142
0.47013568359167246,-0.6942712725282548,0.6318927198723159
0.6970331209859346,0.4957341985684334,0.9106948640859753
0.9244318024685607,-0.832247541211483,1.7287888885709526
1.1430061685921327,0.5660330423738443,1.1964842138652052
-2.3954140176415746,-1.3569419877256534,-3.692602814499439
-0.20536924461916423,0.41087772757703245,2.5842261440955507
0.7672048072724843,-0.3426758702076861,1.6623953513979417
-1.2792178093641902,1.1545314976284022,-0.9126366819294923
0.18113874752614093,1.2116356690325396,0.6573773412590312
0.469012849939504,0.803577693853282,1.9735934675845044
-1.4399743286405937,-0.2735138165764824,-0.712215935380279
0.4571264946176581,1.2917190856848906,2.106234464340889
-0.9031574846198138,-1.4259728421708282,-2.574647281005397
0.3165618777894625,-0.8942473113990022,-0.9540217227203579
0.16058846227236384,1.2310362158167967,1.7603331112910365
-0.4961338389818388,-0.37731747618216177,0.4683517626048075
-1.1414650367285568,0.14767163133285574,-2.0880003988767992
-2.275287816309908,1.1752289670915739,-0.014286726752307022
-1.8846036464142062,6.345559545268059e-4,-3.460127644139325
0.23055791104636403,-0.9715460109378399,-2.1074572128036135
0.3441264623854387,0.5500959793766359,1.7069195120155234
-1.090606361014123,-1.362021560019834,-2.9489861916320614
0.8806136053141234,0.46270617709884315,1.0700725998488192
0.15828066928844908,-0.4048402241280254,2.6867664618693783
0.20605643382140248,0.36627094585677633,1.0909021877146263
-0.4220837353918639,0.9356717018469797,0.513254478263331
-0.2798225112814919,-0.10453656291508256,-0.08080975583206834
0.19848616641769426,0.7401928101489738,0.25795632274830005
-0.4211252897868641,-0.8340139962035031,-1.2175103078638752
0.49181644109914824,0.38104084868092364,-0.3792787134044511
-0.09040595067707252,-0.6450068753515484,-0.8759185808713926
0.11646304427385806,1.0465053253857997,2.152393269352995
0.9851030350062271,-1.064607667442891,-0.22053521979405033
-0.6453509199926628,0.09163534436191924,-1.5120520955299475
0.9441144365764973,0.10693648252597956,-1.0124907073800533
0.35271950551617853,1.673246582836775,2.5471589407674853
-0.42490808807329217,1.3325275058703805,0.23773482556157532
-1.1128916986007122,0.4821471890784144,-0.9763638153904888
0.3889755549920662,0.7502336079650169,1.4981334597141562
-0.7718562445250532,0.32030371852841266,-0.31438849956777665
1.0681860853067455,-0.8484420895251366,1.866235965204403
0.367707386221289,1.162587323352203,2.5112813660670614
2.1692027377552354,0.35307778867480943,2.835334758584962
-0.42955545926200883,-0.42756354571621163,-1.1332158567591888
0.27385151043206196,-0.8470348351489752,-1.4215300403147428
-0.7873211922630845,1.461330774536002,1.2203380288005095
-0.8507338481087158,-0.06328285023800351,-0.974281523680412
0.7481934903678062,-2.581108655257196,-1.5242449413582249
-1.3121351861132984,-0.2058665246085097,-1.1125047441324099
1.3472390633034634,-0.8810472257999482,-0.7816397754789137
1.534418040925505,-0.14387513709065763,1.8920595712482458
0.5368876718891318,0.03340483398984811,-0.18053528007696418
-0.2715934463201814,0.36110878128895185,1.109936822364009
-0.9437704588699605,-0.5250744769459865,-0.5624704528404625
-0.7192366029851985,0.8740657214657348,-0.4558880648250738
-1.4432030524469215,0.5192509732587802,-0.9776060797183792
-0.5990318187651668,-1.3968457894268835,-1.0488219832084211
-0.47741335575687494,0.6245131823831978,-0.4017676316916693
1.7331349396691265,0.5774592381822877,-0.060836417621293215
2.5607352096933913,0.21025934793583734,3.6907936766539207
1.927118717324571,-0.8883098052457798,-0.29131113619766125
0.09739560600329587,-0.6177755444802674,-0.5512370654661746
-0.47964925346657605,-0.7542592957007016,0.7100008187122182
0.4945466782858164,0.46172376681133986,0.9863345546495916
-0.10158331520679457,0.46158284874216227,2.3444604052570193
2.341312785955603,0.6235623461851176,3.2801010561949546
0.9641137715049416,-1.2519290226007613,0.8111622798540482
-1.496873856166111,1.0910417276407818,0.10820140426073444
-1.6335212152404472,2.2414588796922152,-0.13958057141109181
-1.3703038173253834,-0.1936161613161145,-1.345121339191357
2.1573635978139425,-0.07479140174247895,1.7311897582349602
0.7053005292846583,2.1680948706850196,3.251130710119771
-1.588203446111846,-1.02583916341703,-2.8337180364886425
0.3311906108062698,2.0398180741126857,1.9030875417672817
0.5129981166020482,-1.2300398632291092,-0.8880039878949362
-1.3015829481701269,-7.474783290218576e-4,-1.2943931184565955
-0.04603757316455875,-1.573059464036362,0.9941054425524187
0.26322137564600795,-1.132447121097407,-1.691818821728487
0.12541383271771755,-0.2798333897938899,0.656803367968056
0.03672658067298897,-1.2298574443847219,-1.6733611318137172
-1.2199655540589938,-2.2699852663342592,-3.253102933874654
0.16001522095020673,-0.34192863111087557,-0.1559413228185079
-1.4064420091343477,0.38917666094510694,-1.1251578770965298
0.8128302866057833,-0.9368769740261512,0.3554612241533481
1.221401977898095,1.0631474814706297,1.4337916139816351
0.286935235943076,1.0575746920923268,1.7038425455171082
-0.3861398281798265,0.10991632850959664,-1.0672373535416193
-1.5653940436840637,1.3805826934632133,-0.23700626371597028
1.7877251892538832,0.07316182862088112,2.1388778979811107
2.1166953359604928,0.766654646576504,2.5014377554569287
-1.3055248427122006,0.6125147685155985,0.8272559993586959
-0.11739700996747977,-1.544901166649803,-1.4955525113238028
-1.6548570430589709,-1.4033692244069125,-2.520752449839869
0.9043925075642983,-0.2865787085554021,-0.3730199757175927
-0.5583267489064693,0.13483842019757278,-0.4281274488701152
-2.775901485493247,1.2239467666212103,-2.4087470078216624
-0.37262803463953814,-0.4879068661844857,0.14610056205371114
-0.034598844707474055,0.3146589031922923,0.26666212594005
0.058575593014383996,-0.5867948576748584,0.15610362560162405
0.6372323927762519,0.3229030596684979,-0.08771009418304532
1.0470339044399646,0.37195553279898846,1.9247735653972817
-0.8265151556942212,-1.520280302885746,-2.165761297169156
-0.24165494106817353,-0.573930403369195,-1.4715871736458932
-0.08639837433485384,-0.7077700829509128,-0.8871984464535766
1.4880040046292182,-0.9316869057234244,0.8090031292549266
-0.46164373211391113,-1.132310839925798,-0.9295868864784089
-0.4829937970515549,0.16287818362924308,-0.2232421982488405
-2.301085133491066,-1.7991487872813496,-5.314873294208815
0.8133499470127198,0.8291269260606331,0.7058852828341446
0.36823662882793173,-0.9142598733513077,-1.2799104258308174
-0.4097605711774815,-0.3240267072157096,-0.5917660965407655
-0.3704441843061761,1.003921171371237,-0.028105051792605917
1.2895968280847332,-1.9510545551580867,-0.8945080995861465
-1.2593449581491145,2.1215913173967644,1.9369598816568625
-0.6524658515062045,-0.3259077934681606,-2.891703558811521
-0.7253915029923846,0.2536784990987586,-0.21315738870166379
1.2491150087885141,0.17269568321835238,2.0792081408555463
-0.40589795935576883,0.2659884665786954,-0.08574685694080791
1.712775899274807,-0.557156322000948,1.883114039276141
0.6155098015389149,-1.0202402617468664,-1.3375130571862597
0.15142596771745045,-0.5367578024450053,-0.36233173361168675
0.9121674113918092,0.3033530689440101,3.2657635927049413
1.6847463255378217,-0.10132705035107228,0.6916604793861519
-0.46923524171230624,-0.9232668935427083,-1.568535490927829
-1.294048426871574,-0.614223028398019,-3.054928206198534
-0.9756489016052653,1.4481009432321923,0.7906683688171909
0.05549012189817129,-0.2119804631240588,0.3354636048459324
0.36393206946569656,0.07036569023513278,1.9763420817091621
0.34408217888283726,-1.0776975557297543,-1.1014864694046973
1.1204973288106224,0.8461641608397639,1.771403334360761
-0.11767422002130128,0.0580711588385913,-1.1438479489889586
-0.45444709058282007,-0.05318249551754981,0.31804119299831424
0.3954036938106261,0.2832167940070177,-0.15808863196057166
-1.7613390949253538,0.5618257302952878,-1.2946897669667152
-0.6007922412977308,-0.3921799171904133,-3.3831010696938346
1.6748190236964147,1.0561354795215558,2.9135611844186777
0.15090905804801585,1.9313859011059253,0.29004603779470073
1.132982996066044,0.9667757207941363,2.2580901286921735
0.9625820841140855,-1.237903047688719,0.1940615791226687
-0.38792546464031874,0.21936163269505932,-0.45869869194766727
0.3523972407616193,0.6737035069539729,0.4645415297374862
0.29863139490994184,0.8804116571314023,1.5208908522771352
1.100734047082243,0.2418895076647329,1.2458614045119811
0.9029743864802746,0.617043281702529,0.8041147262452012
0.5970496093710858,0.2888534199469679,0.07009656214554294
-0.6953102070428693,-2.051143095460021,-3.542516332370929
-0.8271026380183276,0.9220784629477781,-0.15484224807492342
0.46174451532283944,-0.1892569692026844,0.6959915109565875
0.0203057040236172,-0.8598371491379714,-0.46015558396414397
-1.9849530599576473,-1.1307047665467078,-1.7727806089237597
-1.336347366795184,1.3176868729701006,0.5436952699980167
-0.1569588233560119,-0.28934253926862435,1.3098950814158945
-0.2805449576841973,1.226358899785227,-0.3543581151654286
0.522545450339862,-0.7270629065716658,1.433022382639567
0.7399531976775778,-1.1203551047054545,-0.012851527109419059
0.6419912068988081,-1.6478632427632112,-0.2851666403886405
0.492497633442949,1.8803252929429877,2.7128425978166284
-0.21356989878831295,-0.10312354465681872,-0.6269841007682344
0.27981502215669724,1.0383880164135637,0.6850759399356459
-0.7379919667373754,-1.3298522920308966,0.11788158371000623
-0.7552252804661467,0.22800932122607356,0.9662001541861092
-0.16880314785392844,-0.02036894924085819,1.132341854880965
-0.3632789011606077,0.5338047580585924,-0.9319124545515712
0.47145039175821474,0.766848001713633,0.7157185783036202
-1.4210162784512974,-1.3915362307960255,-3.677406353447611
-0.08667091709208063,-1.5037723666881084,-1.3950990638822764
0.9923777435844356,2.49071158858045,4.4086456520223845
1.633838970954683,0.42434617363534555,1.5933234132710117
0.7270129161929266,0.3997948201635649,2.131046726354537
-0.4723454783877959,0.5885183575171362,0.2050153038864041
1.7393026777987304,1.1461953098254336,2.063173367748342
-1.0558727487030122,0.09231376253538187,-0.6908672735590056
1.1895579714992028,1.9770907359356331,2.2591113765363433
0.2233684269237562,-0.1558223632290495,0.9870570851739754
-1.8453625851682338,-0.07872089353165199,-1.1433346311508095
0.8990019134356938,-0.28591880373658457,0.5058897475292067
0.06422322871944355,-0.5730982508390188,-1.9108809588777358
-0.053224586512374904,-1.0841742658791205,-0.3041888699606784
1.0991138855553593,0.4131022751803403,0.4432191692336038
-0.07517550678635358,-0.619990904651657,-0.6974833183116094
-1.452226201752904,0.5950014855773114,-0.8970114000814338
-0.15013737924027432,0.3881623939153035,-0.8921946576583246
-0.3200538238337648,-0.6063700989293118,-0.9910381165852118
-0.5595165017217512,-0.5181388691369354,-0.069792675506825
-0.6132957827982982,1.972523346142953,1.9266008864196467
-1.2044930566356595,0.40921212322245615,-0.1533944309976082
-1.0783909921948833,0.37464951665436086,0.2404041333356326
0.32325645568828826,1.13645759573283,0.9528622747852513
-1.7920847642052113,-1.2834102542340253,-3.6881272317594362
1.3074857394939945,0.5403416467559803,2.8345761082377137
-0.8557064957458821,1.097239424449246,-0.7141856886835762
0.31425424026896187,-0.2568144807273006,0.8058419063222065
-0.05872383408044206,-1.5727367009007387,-2.9950285049465055
0.5768514843647724,0.7408225967528849,2.124060114245964
0.5501239128146707,1.2437710056302338,0.389698667918561
-0.0030396714399420197,0.20458483742498818,-0.9893063175048625
-2.3128391226053653,1.2392571563757726,-0.4727163423792282
-0.7724198246974923,0.014249170820309144,-1.1225585714889275
0.1316259058472563,0.0924546603807093,0.3813651510140328
0.22879296868354082,1.1605605093714673,0.9530667031812146
-2.2938397390884098,0.9044302042110153,-0.49575637298640707
-0.33447268009941894,1.048972532089555,0.6607740134987383
0.8962623763392179,-0.37407918910249077,-0.525021789142124
-1.0124837972409575,-1.0954435349958347,-2.296382086097352
1.1676041432118902,-0.34514256732991644,1.269117598956406
-0.6612959878850259,-0.7535053802541807,-0.8371799815950418
1.7027279097782155,0.8800682553044644,3.8777897834283266
-0.8804400066884631,-0.3642946273978765,1.115924631034591
0.5454668102637391,0.5504513978169585,0.6655447336999682
0.8525224517027334,0.43506073977901855,1.9382103213094333
-0.17762451293044526,-0.8135542393240554,-1.5559947587959262
1.5130422107165276,1.6117249763650252,1.7543057131604902
-0.6236872528240226,0.5865143604336635,-0.4162059962504889
0.45790158157840577,-1.1300332461895546,-1.292445765927185
0.797557275422393,-0.4542454395053328,0.5038230116835309
1.573079698844146,0.4327602897859693,1.3951392288351858
-0.053152174176308346,-0.8877459364387874,-1.27035634768659
1.228480300069312,1.036065356958297,2.2869782615508996
0.9803178790121837,0.7392742843557435,1.1506972137874252
1.1274684395828205,-0.8992573447103076,-0.4483476218107515
-0.9552981772413975,0.27851589385038544,-1.0190301801692112
0.10214649561456149,1.431720973360967,0.7925080506267119
-1.2387629804411469,-0.572693429467647,-3.390631219732021
-0.7177567459367247,-2.841297059930863,-2.7594131116883824
-0.29711848347064146,-1.3775021184377594,-1.997111073872364
-0.6037791985116044,1.7394807381665047,1.5998839447609845
1.0441426672985437,0.8289659891663204,1.4574100238919552
0.4923769088896045,2.4557125946331344,2.088060972239699
0.10627061257679418,0.7995879347660313,1.8955206991216547
-1.3909395567247602,-1.177669427374865,-1.288930207263629
0.20921590801087503,-0.9111154422463331,0.6801647151028534
-0.0997240387203387,-0.7196284440773988,-1.3782926970150178
-2.9617716861167254,-1.3769933476546639,-4.568943885423118
2.9702877014529663,-0.24157133678913256,2.8402089998287434
-0.7564638635182606,0.692736554639805,0.4143814747384397
-0.52347222327633,-1.4991668344054718,-1.1561983328738006
1.5563647151118225,-0.15421129334113165,1.3851909006140073
1.1629379684033097,0.2734435823788032,1.8981846959842053
0.47181245086039314,1.2313614743115644,1.082247907452922
-0.7706034264887318,2.298939450151347,1.1358680344017482
-1.289256011828266,0.3387511708241938,-0.075982866324531
0.9374428906842719,-0.9578141570027503,0.2751707985689589
0.17966512327219383,0.6866278839011105,2.615726572693432
0.2841681247249662,0.48523112231437376,2.2646444141935866
0.1932017972890027,1.052971687610819,1.6565325840915506
-1.426422427043598,0.4740763899720933,0.08870915870007434
0.20809354929881183,-0.5738970405485645,0.9434521919062394
1.707780557131137,-1.314556337345365,0.630208596364311
0.2894785222597458,0.647085582863158,1.244682594398201
-0.7455556739566832,0.18937433355038683,0.49819632243218004
0.40934511664698753,-0.2392664152604627,-0.2741022124218926
-0.8613391101100492,-0.2825809469516738,-1.1906465954310002
-0.36081326406445574,1.9734965453787776,2.169973249425334
0.6776861473425396,-0.7296487455559535,0.4689703700964558
-3.0490762788105483,1.1898812024883798,-2.7423268186185314
-0.5517316710871933,-2.006821951236553,-2.3966079679344903
-0.3817010473541751,-1.215857801562036,-0.18250344914011918
1.1292392127564272,-0.26923649932463656,-0.1582611315154554
0.7853930321366104,0.18866627829843258,0.971506896444263
-0.6178100417750575,0.7755071663896134,-0.3753287720724623
1.8548849084399779,0.4180297628584258,2.63879984281648
-0.051132204032779086,-1.7390745607846871,0.7319105048391576
0.6415365743220431,0.2729267813704011,1.5140691314716244
0.8169778230081713,-1.199382438482239,-0.06654371179460083
0.9626624506701924,1.918924722277015,0.27669200779082637
1.795199527851216,-1.4034450941340615,0.8003744478568129
0.03603608057511007,-1.5717814511186254,-1.852933886472884
-0.4424579121594476,1.470170930041079,-0.6031934123626437
0.25674131318581284,1.6797169420338331,1.4935342209656788
0.529679273775428,-1.2741878477701103,-1.0631483828074817
-0.9220992641296598,-1.1842291267283414,-0.3528002852755763
-2.3704408284990692,-1.982646006548128,-2.638516234694095
2.026684868871484,0.7636777544404246,4.091930544409582
-1.4985088025265865,-0.15256254729489357,-2.2473542676695297
-0.26703494355335017,0.27569829481058483,0.07289591521178881
-0.806701299033027,0.005545927255497151,-0.8680717817652567
0.4067213211168573,0.22391107343698435,-0.39154112343039427
-0.23587816118727065,0.8228198895396213,1.8807932078793148
-0.619978874142572,-0.3850230371089026,-1.2808234482453598
0.5104656905022771,-0.5839118655722914,-0.2517664876696941
0.4198202186265893,-1.1343267821378649,-2.348017116227964
0.6407843330959695,-0.6279479639172111,1.6394729896910163
0.610209368585077,-2.1585392886425887,-2.3132903158061833
1.6175177864449013,2.4695606004060457,4.9477891406853285
0.21598935877249625,-0.35525546733547597,0.2500640401085763
-0.9273657102957887,0.7479195697642536,-2.2147027358736953
1.9385210708459193,0.5254493379396232,1.2598452480126208
0.6861417910705451,-0.8980494477133959,-0.5619071854790667
1.521017430388802,1.8353001841258283,2.5484594770404794
-0.5783648839117465,-0.2576501481002831,-0.9008040437708215
-0.3724395412478336,-0.8472702565824363,-0.7482155432541575
1.0223403623020337,-0.46979612895594336,0.06759545191078287
-0.7593330175672168,1.5120475483566926,1.289513239185332
0.7541081638050406,1.2301448822305512,0.04396487055251841
0.1742353553235125,0.29210440757677425,1.0429996322970005
-0.6703624931391922,-0.4561416521501044,0.9336233309591375
0.45371185915701806,-0.3789959536139031,-1.2204565156702205
-0.20128052100134708,-1.3804771819622286,0.05604204725703088
0.41841653593836675,1.4246821669659238,1.803346689366793
0.0990060579571449,0.9718388146605123,0.4739259794913463
0.8071655468674397,0.5434222617295595,1.7846485838658914
-0.47442138711228143,-0.4336304384544732,-1.2084142330887113
0.10387747231683694,0.006714013510939524,0.5316760408495005
-1.9013481746905412,1.0224201724995625,-0.10688036262313816
0.732068131012128,-0.7113720892657666,0.7012552352235112
0.39614796056538487,1.0639513746027158,1.9449317092842795
-1.312633252872363,-0.0710437056298975,-1.081416980609524
0.623629415565232,-0.8882149887696472,-0.4992336415380223
0.07156450667865646,1.4594218893524276,-0.9703172102229327
-1.0803725740921475,-1.7198620342687538,-3.076452551160858
-0.0944767508277787,0.5035741498752413,0.9808469644906521
-0.5055318574215261,2.3271677143576093,0.03614572107563463
0.4499035706870392,0.06787009617441164,2.3508550221855247
0.9699571546645335,-0.7361154863396201,-0.1370898362815265
-0.9054745119674087,-0.8451462748301017,-1.287354006761125
0.9265765281349677,0.7289621633518464,2.9721851511164648
-0.36623105147038965,1.05341950624181,0.25995112015716987
1.7529879499350538,0.5177563257856072,0.568525112829225
0.4248027088536416,-0.7095169155921882,-0.717286565040131
-0.5746225215848597,-0.30329801217126384,-1.3458108932535113
-0.6075107575418767,-0.22440076814877788,-0.3758089320381464
0.06559468953217439,-0.16855264305875456,0.5306366178499566
0.506149812175917,1.4474930926715643,2.265407913397728
0.556770227243945,-0.4922818212019932,-0.7191415230199576
1.235424169707973,-1.457865057914166,0.15507111548935443
-0.18526586892580765,0.7371898933765535,0.9526892178888795
0.46471814321834354,0.22020257705733282,0.728404815988424
-0.19680354692232452,-0.5050527173704579,-1.222823559816126
-1.6246111746877112,-0.9022196874211303,-1.210967789313922
-0.4762387145020148,-0.9056274110533421,-2.2580806838236795
-0.23204453873101344,-1.0982213866696808,-1.6183438509974515
1.1627099656563258,0.34758131636825457,0.46649870421127004
0.20992128570102303,-0.3666376138752104,0.1489541213075754
0.8245986009054047,-0.45563869243756144,0.9036489645420347
-0.6716732691529443,0.29871878105559513,-1.8622925241257686
-1.9868571068596632,0.680405849966821,-2.028310004773978
-0.5560506632641998,-1.4578598941154488,-0.3142646072183899
-0.05487450382771274,-0.5092004591407104,0.989652475353195
0.07812106314592085,-2.141743665883027,-0.4298360823176779
-0.11246721664406618,-1.2724318447235328,-0.9458788733938067
-0.697285097591171,1.361808987121674,-0.15874872233930826
1.0351039190860583,-2.5973628757173897,-0.523320429090963
-1.4469206287881102,-0.047365828653128106,-0.8391230776583184
1.8680618692126123,-1.2833764240898755,0.7267441673048873
0.26035308515117883,0.13575960641896093,1.5473360531734723
1.677520303151176,-0.7202840762909106,1.4594690086751538
0.4876279146655953,1.5696536900940847,1.8539735801379476
-0.8134086437687508,0.1123839711130871,-1.3878676039706244
1.9066481458515994,-0.6593669936291232,2.0742760165044323
-0.13020619187427462,1.213934493678701,1.520273269440917
-0.5723182932096369,-1.8940969100505933,-4.410477421372663
-0.6252088236367533,-0.007782620951801863,-1.101577551410578
-1.2142366844144425,-0.20729210324634806,-1.533244698313407
-1.5192038884220351,-1.3612295223279285,-2.6499883458399403
-1.8924373752513877,0.4013823104654709,-1.1483391851022344
-0.15269345218091382,0.697524914399351,0.016317131495110493
1.4474339821118454,-1.3234975809129552,-0.25736989338982125
-0.07473739473118539,-2.9463769936770063,-2.5550335917377742
-0.08075718974220604,1.2419700666965936,0.5723237087292727
-1.9417206344319915,-0.5762550984387068,-2.251501266097906
-1.108569944506591,-0.023347305620329585,-1.4042952606647865
0.2360365905542987,-1.8545482914249378,-1.472481646653788
0.2407874484361485,-0.7042648476687549,-1.7697946400847577
2.597816233314853,-0.2669088308761655,1.2468598501609336
0.20643884081835706,-0.11944302285409983,0.6006788306311837
0.21619791280076037,-0.7388981381302712,-1.4994765656889886
0.13632521023841973,-0.30932601034706964,0.7318919138002836
0.36474714726682544,-0.3860206669630535,1.556711595497708
-0.39314563616484816,-1.4921818490740606,-1.6753670900303064
0.6313122738070288,0.48626012984434974,0.8891510578371167
1.8802357283396014,-0.8509822712723776,2.230753580676165
-0.21665838968097675,-1.5986917933725635,-0.9828870938613683
-0.006660601943363952,-0.09009923267550156,0.9564622863637723
0.6313695747680796,0.6786259027057662,1.4561281849237575
0.19608411429274566,-0.37312120372385016,-1.1425178324939222
0.37952233966737986,2.4286479796978817,2.4377150363625786
-0.8783729694659991,1.094942126903397,0.3173990086191828
-1.4842643502777926,2.6456399819709993,1.0376368696818898
-0.34541040154598696,0.9745839645407316,2.0754521524977836
0.901026121046986,-0.34363218351744523,0.748359666929432
-0.16780824067514488,0.6324483443229659,-0.6276708059977655
-0.5365033581159491,1.5439567218212291,2.9761579638409925
0.47352037903349165,-0.6441231647873675,-1.079634708163781
0.1475563403123613,0.36247350408885515,-1.8492328777627085
2.8595206892588245,-0.171426061783889,2.322794023477654
0.6183893411688494,0.3265786716529127,-0.018232834865288594
0.41563980066898776,1.1209450791699769,0.5036066591389159
1.6215713836580061,-1.2453691165658949,1.3501027189546058
-1.7298360612651786,1.159266261339786,0.14841254549408378
0.3716614326594345,-0.23803792113577169,0.5813064957761478
0.44267593232098934,-0.6210053968709316,-0.23294405221232517
1.089260195952239,-1.417635225608484,0.48084411011128647
-0.5161017562783442,0.9733838511400015,-1.7129443316068613
-0.8683467903256314,-0.22205651273331034,1.0038606569394122
-1.1853277989662,-1.6577867403318387,-1.448720145018215
0.8711035993496373,-0.5648286256676279,-0.8416463488605568
-2.0273226770244963,0.5179252715402175,-2.120902630355064
-0.6783045433736221,-1.1807556709124258,-1.4599846110775991
0.12276437044663892,0.38027735129195517,-0.3270060512901899
0.6189940801628011,-0.07208906075327555,-0.6133192802810608
-1.4512220303138128,1.3023335453554397,-0.5481107911085867
-0.8311573541737329,0.02293617883642496,-2.0558504206395285
-0.31060134720809274,1.2283074781383183,-0.08569152092936994
-0.13338536993623182,0.7483135264472873,0.4092929720339754
1.9129431510733501,1.1154524077368642,2.853820021407478
0.5177168121429245,-0.6167258015486151,0.30390501118995583
0.4061914777963391,0.031843652964411565,0.42876585985703547
0.224684440021075,0.8327277484426973,0.47476757051948393
0.1495198201235832,-1.5355816274615697,-2.3864622100909907
-0.1756978248065563,-0.13771978965403125,-0.6496609567447158
1.1196722557314078,0.42118253451945914,2.3725515332037626
-0.9903306873150463,-0.26700820220644206,-0.8858287486075437
-0.5274685886158926,0.8582667381444206,-0.9239663151829269
-0.048175045571115536,0.4576320070568637,-1.4349932031850992
0.030279504944017592,-0.348198115587014,-0.5733909549586454
1.048544602510054,-0.2787688829736019,1.5571313533107631
-2.159405187375693,1.0342260361253741,-2.3383860617621215
1.0006934900932614,0.22030919993068265,-0.48061018928049704
-0.3528014932794682,-1.0862260843218354,-3.5100940530140576
1.850635309195017,-1.9389508775929298,-0.3897970576616713
-0.630761238004037,-0.5513014554839333,-3.349815682077037
-0.48812529029296026,-1.3550692272050342,-2.887148818295298
1.1499141616549786,-0.2203791420194237,0.19412578267014258
-0.767143059977612,-1.1188584482150385,-1.15698504879105
-0.35863294570068427,-1.5088815838229848,-1.1324487082456662
0.1291315694166989,-0.913176619203164,-2.682936027062425
0.45399634680433143,1.2776197933018114,2.020788709434398
-0.213253743846618,-0.11762595023456543,0.12711636891962086
0.18586747542009485,-1.3303039301586297,-0.9557733393225548
0.150315835820523,0.8580205253700164,0.7283289311796443
-0.8298611813957141,0.1942294301030255,-0.085519519354329
-1.555493795680902,-0.4236520590941405,-1.5335393968395568
0.5457107977802459,-0.05277335566585168,-1.2572724276273797
0.7742749922761738,-0.13183049373104083,-0.17207619262353424
-1.1634504505670813,0.22610218682176447,-1.9324261768954187
-1.7150077646992927,-0.10683061879205957,-2.500005976177464
-1.821170249751575,-0.23271287490906645,-2.0903931527504422
0.9732410232868881,-1.0728651201556831,1.270139037991858
-1.5922786957114325,-0.030084335614962848,-2.704613327754249
-1.7418480134766614,0.924415844866029,-3.7170038213500707
1.0405100605057651,0.23457683800950552,-0.31109615627992815
-1.4912545400945798,0.08932023586492373,-1.7118203670942467
-0.7242258135961953,0.48286904714538637,0.5433023993449405
-1.0970346671384448,-0.45214618553087366,-0.6175938412719494
0.7597989628640561,0.697372641611206,0.642469614785386
-0.6717547354793854,-0.7453977608846233,-1.1753499020121063
0.21941867101685225,-0.05552309243143964,-1.3299803186279844
-0.8357435417710926,-0.07863716976473642,-0.6560140095187655
-0.12464157606406509,0.5783326281482265,1.185719208627008
0.8996422897648836,0.5126609595449689,0.6096982545877283
1.8323861161919086,-1.242970475020701,2.4844247259680796
-0.4637275160896674,-0.4955029581674847,-2.4575279082657184
-0.06663691206225475,0.14201640486093647,-0.1505922697307985
-0.821253987445466,0.1056857238529353,-0.48191743657184394
-0.8850127918438991,-0.6128453137793219,-2.470934928128364
0.9483266359610186,0.2093813969555958,-0.054312359185786585
-0.5448126251580218,-0.9176278297157117,-0.5432601231839822
0.20541659364614687,-0.7695082022638634,-3.039928786898374
-0.16184845430325012,1.3403277581897477,3.060359453508379
0.48973901562482774,-0.5213362068678319,-1.366104882318945
-1.0225355126447446,-0.7092652634911385,-0.6533511548289435
-0.3073652459351126,-0.012680792838720256,0.8245490335606966
0.49148918953565457,0.007157781431125568,1.382241348095606
