Z,X,Y
0.21675486286357576,-1.1776045086760452,0.1350616948621473
-0.5424925722634253,-0.4912178568061513,-1.3970437469169976
0.8911446450723275,1.9881645466175588,-0.05245645388444653
0.5959805771874747,0.3930068948946513,1.7582851167284044
1.6356180011129728,1.2078574930255945,0.4788957027385896
0.6892754419197227,0.2607587303409609,-0.6926932486637645
-1.2812466301011565,-1.8277787097072036,-0.7479925787006236
-0.21314451927836262,-1.2057010228835632,0.48315005510799647
1.8965398719092719,2.8377700357335334,2.6937675161847356
1.7768632136827232,2.5257235350546523,2.8367422570942247
0.5666044981803168,-0.9717290459657405,0.9167037584267717
0.015719454004570015,0.5548981365571318,0.3458904506624701
0.38305733851715085,2.0394021682830115,-0.9419749206922118
-0.04513711591330857,0.32058459869480416,-0.7702951030459093
0.034351907396992634,-0.33644931009900203,0.5493153985405391
0.1690267742183064,1.176920305818402,0.06804963768367342
1.165026839027673,0.3674299590084116,1.4912675136959863
-0.0442039972520874,-0.6198225990408033,1.0101096382746435
-0.10036844258590472,0.8231145080620204,-1.1663627916482304
-0.28344456887359104,0.17749297055204177,-1.8324245504864183
1.5408149808709777,0.34988817982156517,-0.011603043664369483
0.16516901970992082,-1.661746857043168,1.2028865914932068
1.30762236025457,1.0361511773690597,0.9072398574056999
1.2882568779215793,0.9459117499139404,1.581811904495631
0.5928969406480277,1.5229993783768099,1.0629354449590398
-0.28294368432226635,-0.7498902458566153,-0.6054268543315218
1.255884025599851,1.1446160904074996,1.7894418825838132
0.9098391512286247,0.0555502869797615,-0.6494568736078611
-0.92802810507435,-2.1812963885613375,-1.7411510813123103
1.2401808380031427,3.0507988598767106,1.4745802270936386
0.15346417955462888,-0.9764855493113535,1.887157694513827
1.0519325789896101,-0.094377980626208835,1.5172970353192674
-0.7542112128175174,-0.5164981867467197,-2.330632313082247
-1.4821891196512311,-1.6636435149369853,-1.0971318152280876
0.8611318724977175,0.08695453785464635,-0.06401415267586608
-0.40451983075699605,0.35044000032752864,-0.8049408395218629
-0.22740541727361566,-0.34057124879583306,-0.7544267374895528
0.9340961708624913,-1.096413276155736,1.381992488433003
-0.46589587979095054,-0.6377730499357461,0.03394300497948144
-0.6375434985702163,-0.07868965097243408,-2.341660324643382
1.3437086261993725,1.2426717834316847,1.738694032301994
0.1815353845979385,-0.33914056337137666,-1.0566217260249533
1.2925123364171425,0.07385343242836284,1.6753039375795065
-1.6880485758647943,-1.1823839055587608,-1.6953491447197842
-0.8209935776309542,-0.051691108590456336,-0.9023164332539269
-0.8621461440997671,-0.36544480264819695,-0.580869357986894
0.09884368913795487,0.8434387297514149,-0.8459558429781746
-0.37565514419835944,-0.11425241733887936,-0.8120925316026854
0.7239041552842587,1.537610537428971,1.7411437061452597
-1.7973820185725378,-2.6380508418774276,-1.6335479063463105
-0.6637431415762234,-0.886657128821162,-0.8362916037912974
-0.6237264887291799,-0.12984409471301805,-0.16858914633139194
-0.07963243183816174,0.9308675815691917,-0.48901981541232353
0.43562476282940765,1.0363903233060765,0.4335874003381428
1.9709009697242408,1.6737099936171749,2.498427262482167
-0.5967586725091267,-0.2856387502199968,-0.4484702954672907
-0.5525072116089619,-0.9748193750634411,-0.9383993459855211
0.6959666337011066,0.7750627502177831,0.19367780789880218
-0.15566396460798487,0.2678171452395592,-0.8110582579031393
1.3488981951977312,1.3097091562205894,0.7101960688123317
-1.0685230704867748,-2.3831453301018213,-1.5053690537761275
1.06445074680413,0.7951368162881616,1.0753307871259181
-1.3127217645374814,-1.6942429067075637,-0.5686169478891577
2.063694702251905,2.5357171335143622,3.3030927709286626
0.13138301066267805,0.5950299769968266,-0.5400949556632688
-0.2316884489149378,0.1607958500915833,-1.1719699951727134
-0.39735552297345733,-0.6445470657001932,-1.138809447874578
0.8894320822813735,-0.35661510643362604,1.3938406354100121
0.5261690394967284,1.3206510190893246,0.16089689524080253
-0.17127324296261895,1.019240177296412,0.9304174020588201
0.158676897443255,-0.2516597733076691,1.0915888729860896
-0.4856650661724262,0.24841326796854934,0.6173497136079038
-0.9589060749992064,-0.31591391518487555,-0.5006854807131823
0.18051729210705494,-1.9080997478917028,-0.14140510433889378
0.7217342828189186,0.09819411671086276,1.0546953024249148
-0.36954047812079815,0.6589404412641179,1.3972001774639131
0.23753831253965707,0.7616278215635384,-1.1508440074748185
-0.6659221124149148,-0.3365242468130678,1.6374150537046952
-0.7968075098427568,-1.0959162358740016,-0.8052231170490372
-0.05169693131138336,0.5050101114154443,-1.6501913947262714
1.2869283332975139,0.4525740672714661,2.9026061976945092
-0.21414966273838976,-1.082415662150848,-2.2134509967115648
-0.5747454643014024,-0.12553430454332215,0.09638823634957205
-1.4707270442923295,-2.2088164861418824,-2.713710780668042
-1.0327384328224996,-3.0255834342950507,-1.166257269915287
-1.3065248552396684,-0.4476979855943758,-1.4088754000752104
-0.8382524073191433,-0.08885139170211165,-0.5027541072706283
-1.1306536810247796,-1.6568315833588052,-2.224225628449365
0.3687481752830159,0.22346965178404007,-1.7273166097038326
-0.20180302033087785,-0.2447585596095619,-0.22032592109809374
-1.2776599027731619,-1.8330300586507835,0.3707827632081344
-0.798012480668575,-3.0197363055875233,-1.3190711295945272
0.15908242294599803,1.7389947460854889,1.0796806485161756
0.6147976331434526,1.406743782247676,0.8388194483747091
0.6879479623864133,-0.15142798126543777,-0.8798764918518405
-0.047051011056239614,-0.5771165280377106,-2.129932501645712
2.330321678299492,3.6453799372651123,2.6505631270441206
-0.5775659909809934,-2.8501282505748655,-1.0932568093176394
0.9684791342918472,1.9743233807096927,1.1165572401281711
-0.2775356274623237,-1.6900494059015665,-0.39218724548968076
0.6848019359820163,2.229128038723898,-0.8985036211613848
-0.11511350954142208,-0.03596239344807205,-0.6753100850161278
-0.3564751798184818,-0.4966607417610818,-0.3438897515543847
-0.10577160763905523,-0.9442532336844242,1.6710199215222634
0.044882790085420045,-0.5063354830776874,0.0914733033753515
-1.726173231988193,-0.4775565785754201,-1.962195672022794
1.5557870203106003,2.7326248803650817,2.104723000093237
0.7764126917325062,0.7046563462176425,1.392060341553797
-1.0985075087534877,-2.1491375479457933,-0.05951053959550978
-1.728019753642193,-2.7472253913621625,-1.7770923927627948
0.4276382245568885,-0.34413154212298314,-0.8980510151226432
0.7445646452438042,1.3083151930667842,-0.6012893031517801
0.865220797014492,0.6941950243647246,2.661752635681287
0.30532881005607565,1.3867501513782545,1.6525458855442303
-0.11402279124744427,-0.8502070789574032,0.013491491422461893
0.42365224024831816,1.2950404400104412,-0.2621887853172713
-0.7977096868068637,-2.013555305259519,-1.6135422280359975
-0.604197249369762,2.352205873310937,-2.186971832686788
1.7150105937509008,0.7129037559068736,0.8934264288678655
-0.7159482777981069,1.142362667912605,-0.18274392241806392
-0.13323561218624216,0.35173433139649624,0.32456964763930873
-0.9997650626135801,-0.531859527874747,1.8640324587849784
1.8737601170637124,2.8419996982694107,2.194691716298169
-0.33738843202208474,-0.31206018339829084,-0.440819200487365
0.9732702886636737,0.5041769720895773,2.8168803059629326
0.987827930863454,1.177413547359989,2.4057950967047415
-0.9412566085264525,-1.7940640441990106,-1.8735104364886048
0.34918559390480997,0.8533324177472733,-0.4045513196393523
-0.5944186816878687,-0.6333719954884293,0.6051785285399678
-2.382242831344538,-0.8581420860680211,-3.975101898104538
1.0780189737107417,0.8906574921960858,1.9173148412930519
0.6682451050226197,-0.4572213686443185,0.38902736402878096
-0.9646256667311148,-0.8516662831468681,-0.45580352422060577
-1.9752373318646004,-2.408695187405496,-1.1254834626723924
-0.5847739007280536,-0.4405978402816579,-1.469611826822091
0.9692770362059434,1.9758905191568492,1.3186198453711244
0.5522923259385596,-0.3663681150439375,0.9301612320958228
-0.08215550071388814,2.1016486050353964,0.23226790769169806
-1.6767137584401717,-0.5902428599266598,-1.4857968138702522
1.212607427017995,0.9821030962039135,-0.6050513220391938
1.0004998709787847,0.21172746056235803,3.3775613117674315
0.7193289907884605,1.3311548380021974,0.7198652060653458
-0.844364152042341,-2.78844933692256,-0.984089494217985
0.6219853903474147,1.941155138685739,1.2240745874380146
-0.7226137803515873,-1.8850787530158517,-1.1147761723137766
-0.44947862513665765,-0.6086618879877804,-0.18156909336085797
-1.1955060500688839,-1.4010192656889822,-1.6190036256608153
0.3904723630168436,2.2656999597230296,-0.1229156957563663
-0.5163766426365699,-2.0746135281550444,-0.9294566233301889
0.9098689779358816,1.4375427512242636,0.9994316794725053
0.8769846529586743,0.06611044663085452,1.562287453575506
-0.8161958098718728,-3.092029656535893,1.6451047929184002
1.5392932698972028,0.28727723495244084,2.6053988660779934
1.3745257156092345,0.6347270222068491,1.5356439150288255
-0.48324871116582446,-2.563550694720488,-2.8427838645773065
0.5503499503389,1.209537032569645,0.13186445956917459
-0.8573656630070392,-2.6589057318259326,-0.708010941234757
-0.7069613661724745,-0.9793308477827478,-0.01671923474396264
-2.0970775334293394,-3.3391673434345788,-4.836774707022251
1.0994367547596884,1.0131029954092687,0.15432264680130647
0.34203408904956384,1.0785350709734765,-0.5265773960026825
0.4908294804171615,1.6818067460842725,0.9164114099629064
-0.931999025969062,-1.234561823285932,-0.6190220666299395
-1.4278919838977737,-1.3202147143600071,-1.092732714938096
0.9757650946075279,2.688735909822889,1.0767217870135053
-1.5463411877706632,-1.7498029027296902,-2.6624764966368746
0.017703479219051636,-0.11228210664642116,-0.36765928224629335
-0.7747174012219424,1.3499383424324718,-1.5533693672028108
-0.22934228724288744,-0.12855637306135795,-1.1396851752303676
-0.27438210439009375,1.575032673702028,-0.49704317563960676
1.7960637815269997,3.44142885940706,1.741004242608612
-0.47811289936665546,0.4086241961644038,-0.8158459640612685
-0.5947628530072007,0.6583497307161632,-1.2974536648853987
-2.257938217028359,-2.237166162053445,-2.110549447143957
1.6826072117979634,1.2945668562516515,2.786962509757285
0.07229068442125285,0.8057791203575392,0.23012950891464878
-0.44002409317357594,-1.6880131310906048,-0.7576734861646771
0.6265733925882672,1.5624417298431585,1.8491964069928981
-0.7997960594374119,0.41043808065532905,0.466079753277845
-1.1279860222318359,-0.21520218635759025,0.3968874222539256
-1.0250160534474875,0.37105481768915527,2.2119611488600333
0.07107172949770259,-1.835484630586645,-0.0012376892174016801
0.381711161646161,-0.8756433506060648,-0.31080243535699176
-1.622588317495715,-0.9877893061195536,-1.3291801200959457
1.900542669889818,2.769693449820587,1.7016815414601214
-0.7161791663665054,-2.4482488460972673,0.17685611074632357
0.38045966890572935,-1.2121085938973666,1.3043672642483033
0.4408428474014621,-0.2384945442116017,0.9221818801044215
0.2573258583450393,-1.0165769636912652,2.0306634487478155
-0.17944853714205228,0.8356562987188094,-0.6660931792957869
-0.6901276792599775,-3.0290099419910277,0.14814377319361405
-4.228024664900429e-4,0.27616659256447046,0.9710852397583949
0.5655808964445986,1.3819367036403216,0.4527890488390891
-1.2087470097838178,-0.881217765361799,-1.7494045243086376
-0.346171156014069,0.40205884526649194,-0.6545629447787471
-0.6501970444271025,0.31030743404331873,-1.1314634785344704
-0.8895916707850975,0.025734978516624096,0.5408868070272217
1.4770298873061727,2.2756805773892306,1.2626794810295117
-1.1954751385151083,-3.637293362520584,-0.05207081144698855
1.7504948348315243,1.673215527467683,2.3224168413229416
1.2147301437752405,0.8643862430546628,1.218438090365077
-1.5478002681410636,-2.1148897137964857,-2.556061345825947
-0.3022460324831387,0.7672645947768384,-0.8823247455034724
1.0392077163090463,1.5728160981006165,1.1270854356761748
-0.7678417255865855,-0.27002944887100466,-0.27977999802440506
1.5246725805437746,3.200342127484551,1.4428447317516429
-2.4220873072805524,-3.4915376339350512,-1.400398352822713
0.5563283175288972,0.4555728958653099,-0.208054807906368
1.105533907121132,1.0767410755350206,1.892182187879247
0.1664368158983604,-1.1451754637462075,0.7281495530731172
-0.22546229725333,-1.0128074206314077,-0.033868995588602874
-0.22841233081856877,-0.3373997574819869,0.6543276600333201
-0.2531892268440481,0.2904664705716178,0.08384667010222907
2.0682733319582534,3.7120332865664762,2.815515358800828
1.5831898584809438,0.48577432940158927,1.5244865354455348
-1.0425907453525272,-0.3213413947576368,-0.5272110468761336
-0.008387400377355934,1.6228562287544066,0.5314588197323568
-1.3340878930400921,-2.081157273747023,-1.0210726780002541
0.14653602921763023,-1.519473579112194,0.44210992575350017
-0.7878234239064678,-1.723498559328469,-0.7810988881291456
-0.288997598526688,-1.0198293499309743,-0.6069360211651291
0.6668393001051467,1.6204236890062784,1.86991167754711
-0.136631220032256,1.0189430861471565,-1.0031105678955425
0.22408930771568858,1.5179851989731805,1.0646021976825815
1.117206667122988,2.5172895015733316,1.9885262815689029
-1.4384943975735185,0.02568540325546853,-0.5784815958823458
0.6343657248119079,1.405764144567021,1.0696133121007043
-0.4991948036149262,-0.20843399325142342,-0.12932743097537108
1.1262724374900945,1.4989302944445844,0.5367526519362592
-0.1001846870418545,0.2165073726742176,1.7330737094761994
-1.1098420160748537,-1.6818510543921155,0.17788841407064182
0.6579242619450172,0.10640219638931825,0.3987194134837594
-0.043296014259524014,-0.06573555090244708,0.4009129693540359
0.628389225007118,-0.7383724613758026,2.011325584721823
-0.9368292125335645,0.14738858331809912,-1.9447168390966967
-0.35738340515339734,-0.44824986924286137,0.5569196027698522
-0.04507291793177315,-0.22074459888347892,-0.3189764765670584
-0.3480538603583716,-2.091504203204818,-2.2764732924589692
-0.35897390533341883,-1.7273543869403558,-0.7654759575927222
0.39561524532177106,0.23550007852675953,-0.9555099811131366
-0.9839441590008432,-1.8893896411306716,-2.3887767594936324
-0.022700562134601164,-1.0787625665623748,-0.35461251956653145
-0.8845502051028357,-0.9960196811576557,-2.023237364833624
0.48504043883944664,-0.8302403289710352,0.3382277309411692
-0.8315306231759775,-0.24510035318228707,-1.4630908655692867
1.1731508208764863,4.089065093274395,0.4949341963700564
0.06101546349395377,-1.0040834005823114,1.3746326781800624
0.1567536213341044,0.28778564904588205,-0.9844367101312245
0.46890575560256303,1.2083453834729667,-0.4111963520120449
0.545160795404544,0.1169655588170172,-0.21938719308907284
0.3956021630585288,0.418686176756212,0.10128917043466062
-0.9213633453428677,-1.0356812879258006,-2.492712488786148
-0.6765726109479966,0.5465713871517637,-3.080397826062203
-1.9438953057407942,-2.2918636724257793,-0.798237091727187
0.11998315664450393,-0.15293209218871395,-0.8193479726641621
1.2660772697804867,2.513720810494104,0.5478645458480973
-1.0979868005393365,-1.26109159686253,-2.6122288436577783
0.43790645824582797,-1.4124400306940141,0.12206919486264217
0.6163930437098694,1.0069515124989443,-0.9497492887339681
0.017869642281959773,0.5727505774786353,0.9890130190551231
-1.2391890314850522,-0.4101621946983307,-3.803024008444618
-0.5042209304560746,1.0185890268183546,-2.2911067767514584
1.316781677627166,2.779595694966269,0.5230391527475994
0.7944301910688399,1.4847572852239912,-0.5046628337458844
0.4850341753244855,1.361083573370714,-0.21462736676488509
2.3710318129264842,2.9197860540622225,0.32815139947664074
-0.28170504851059724,-1.1518649220298458,0.259648623219871
0.19899547718000776,-0.18813423631555948,-0.29250245886082793
0.8102352208610952,1.3255167370988876,1.554903289323506
-0.12225858550719935,0.6838005953341921,-1.3655155330395152
1.0077194424374931,1.0790007085175228,0.8207836078419211
0.5175821424184767,0.82660856998817,1.2724446524067101
-0.22997139188152596,0.439361125974185,1.1300297836973154
-0.1676337785296968,-1.0169613984546229,-0.3143543739589164
-2.4760416363138678,-1.9351515843918135,-1.955785668129689
-0.6011542264600168,-0.23009168973671446,-0.4983473293829379
0.03150861054675755,-0.7112318130498296,-0.16482072353039953
1.226124588286408,1.2273054711762146,1.4707760310088327
-0.6992148091529539,-1.3996119923263421,-3.0549790319517163
-1.5041487894400287,-3.2466931486477506,-1.4502946576409221
-0.2251810058430004,-0.7573685605283185,0.0870388613114669
-0.008936688042073185,0.7581927061025374,1.4684014194852002
-1.478361654130556,-1.2856308591802326,-2.7779360802722293
-1.8477489255378938,-1.6510027377795695,-0.7977585068160133
-0.8460308108041281,-1.735418588259884,-0.744788312591876
1.255747735320706,0.8615173425950848,2.5972136388033604
-1.3505019577740618,-2.122458952514961,-0.5408150114384171
0.3238151320439134,0.5227702365215009,-1.5936074856603175
0.11879502259051898,0.03657525087568009,-1.3843515098854116
0.6496161824337247,0.2548352592923623,1.698898518613035
0.6816177095876523,-0.13325022932501462,0.7420631912973785
2.517515646898899,2.5703304152609827,1.3708091143998276
0.3025249938558149,2.1772335026749707,0.6933945254719107
-0.6638106508321269,-1.6613618717642966,0.072327995605591
0.06295585869605148,2.3990702236712136,-0.4179762895975408
-1.1876628243157148,-0.5315207254889704,-0.9714676938319976
-0.42050339491678285,-1.3752332353764622,-0.24154069257742042
-0.747620448526455,-0.3726675198644337,-1.5947963675304946
-0.12632725456587438,-1.4115445285172452,-0.3073064938104225
-1.0186670963229907,-1.2302440810073942,-2.576984827162603
-2.839583057959953,-2.2985800402505965,-2.7128130683060365
1.5114690559699298,-0.7465741524247853,2.001113890142189
1.442354565123013,2.4733093266498996,0.4736856637917881
0.5053692836461907,0.6087539869285603,-0.21639875168232436
-0.7572932494108938,-1.7547580249532162,-0.13450662003882297
0.24923808470746264,0.29400840542740914,0.832307501932699
-0.3168525956095537,-0.13084463471751484,0.33600269550599793
0.10292134474801576,-1.2419071630137002,0.6317202901575807
-0.211608601246304,0.003440623229522821,0.972510439902249
0.27054308044967607,1.5647701427715612,0.08002889527234608
-0.3070002549446003,-0.1804269737401814,-2.0048160111816067
0.8898687177703627,1.8842788817004017,0.9923986687379668
0.3880434784068457,1.7999959746556757,1.6926090358432146
-2.2743881624148132,-1.9729186853649903,-2.755076740565076
-0.5499516879274031,-1.5223239782670839,-2.0002269976671947
0.3303800185861305,0.33017686301645427,0.03489426804597473
-0.5981446336733708,-0.11439961225139755,-0.22467480214745755
-1.2620442553680795,-1.9577815826997655,-1.3626696645327785
0.763298406393644,1.0633336371761053,0.5978718745301715
0.840964638968194,0.07831539945672072,2.5752638226535733
0.15822502652490472,1.5162946395809458,0.6697814956644166
1.0464981157308793,-1.5874966129796624,0.3101012916134639
-0.6528526390919167,-1.5698644277241387,-0.6933926096102682
-0.9607199582916492,0.10811236350195652,0.33683431655782425
-0.20114841104967418,1.4400552781116005,1.417339451653163
0.6935848469247979,0.38286086825111987,-0.2604872034043284
-0.9980268605894407,0.5633523615060461,-1.420970049861121
-0.9996368160059108,-1.4836258604017252,-2.377869028655296
-0.3633148633574288,-0.4343487295419745,0.2638797437908561
1.0576665069143607,-0.05053049055734693,1.2671911030677978
1.078958170241858,0.44999176583340006,-0.21186358615047696
1.2379969047538926,1.6683712122480305,0.4077748629531577
0.8541124142084415,0.7959979603526419,0.19736124395209687
-0.8135388863734714,-1.9052997275433203,-1.928049756993874
-0.36783506717461634,-1.020249717544783,0.3604742043155913
1.1176837066150311,-0.8722072822043385,2.1537112398506064
0.11372657720460289,-0.0593681412903285,1.374840372191236
-0.44454126361282403,-0.2447417116413856,0.4260190861460405
-1.4457198593107246,-2.8299798418081523,-2.6355558032014788
-0.3844442002617294,0.40000100221112794,-1.2080730076497808
0.5931282044836955,0.879932101236331,1.7948338040446328
0.24505147235629404,-1.0986741167263587,1.4865973799875802
-1.7458003055960574,-0.6101677815980961,-0.8667576308557169
0.0624238486927052,0.8589675786944414,0.5845832505493942
-1.086032709244357,-1.4117906232822393,-1.6494497882133001
-0.10752363806026859,-0.8268573841727335,-0.5836105986795149
0.45119457007065433,0.07261315284518594,-0.9835110956854829
1.0943695920144307,1.507062059887652,2.663305878310138
0.9059591381137247,2.897815843557714,-0.3104488884121549
-0.9975110597678817,0.32013567215135763,-1.0193982615450061
-0.715839235884119,-1.102149054881704,-0.8733833811131758
0.4226008745555821,1.1776752919005486,0.9741190924728462
0.4329333685087053,0.07621983593217202,2.350495142219221
0.08453164464411071,0.7415200598067303,0.9274042883508766
0.5520961090566112,1.9560695281848466,0.5136405604873427
-0.5377654760427704,-0.19302204890561497,-0.577403854530745
0.12574656103997492,0.09876023863952994,0.11048038195794453
1.0038873222201208,0.63425835679707665,-0.2819417414725547
1.0718372422619957,-0.6128396129404974,-0.056093621408004335
-0.4503525683745852,-2.5664730034512964,0.49992661847826975
0.9584415940279627,0.5735174455647982,1.1069173254216242
0.904324717664157,2.3274327796643948,-0.3101929056381608
-1.2313307656111026,-0.7587091026582518,0.6101904536991634
-0.2904563952425457,-0.7547543039498511,-1.1525538553628298
-1.6521089210974236,-1.5665371638934427,-0.7980340422871952
0.037409769638863506,0.26377003446891517,1.0016555011049988
-2.0426803971208973,-1.7574361535245693,-3.0288259269672
0.11126949368153813,0.2675233325373592,-0.5021736231913491
0.3112036659182971,-0.602065756978551,-1.0063268939030166
-0.6389044254284734,-2.3287917597268204,0.16644222750282356
0.9327663218121025,-0.22209502578933038,0.8787203020297529
-0.2726781486447161,-0.5548533078956217,-1.2417371439087481
1.2418399265698106,3.331592478007927,0.7611923401600131
-1.0606859657185714,-0.3587519456181486,-2.069840024058781
1.888116364478542,2.3057271320413255,2.9178593666118973
-1.1680918597977834,-2.946754434612261,-3.3302522205384903
0.419004444740453,2.537654834480427,-0.027011149761379194
-1.6524816510772782,-1.7846329971475439,-2.4832262814464663
0.17690549571890027,1.441081236803732,-0.7331320025682322
-0.14392346362010483,-0.7046392620256401,0.5092671599702361
2.3627067552091545,1.4027900963568927,2.0534057977161337
1.2169696552239313,1.601279888589722,1.590925047415908
0.40328622919790447,0.08535443927942016,0.8539950156054588
0.6376272222656022,1.0497694820938428,1.8140434828382381
-0.8890898823704668,0.04829337057692773,-2.2310316650617246
-1.3152083290312029,-0.16937773486631724,0.6676433030525839
0.17813357407522723,1.4702308436862623,0.21622185959699283
-1.423807201886488,-0.26002705254304126,-0.7307339532485734
-1.503689849927878,-1.4652255933336973,-1.1913720244291301
-1.0753985453648065,-0.7579852077540886,-3.2447396057208815
0.14179102523330753,-0.8935017916426701,0.3801792429614964
0.262194846999848,0.6956391300275864,0.7876690474837036
1.1939166892332926,1.3149174602002418,2.8849791391884834
-1.6868931199932746,0.4576111690022129,-3.1385323421125717
0.24004737074523916,-0.5768449761103502,0.6185530859090285
-1.1245269663603323,-1.5233577688968118,-1.7747494565488182
-0.8502013360567565,-0.2558550024971151,-0.9180786512851988
-0.3387355823674264,-1.6448526867459927,-0.40157394271807134
-0.059711075721859,1.0343655726654448,-0.9393685522752686
-0.15388110220697163,1.3603363956311403,-0.6699099244861876
-1.1821160058147704,-1.4707890502212142,-0.8314996038620214
0.4562593404386602,-2.0592874296737427,1.4459477432016263
-0.23828725653696306,0.737453492693959,-1.3106357634542203
0.8121637349178322,2.546281022183275,0.6313129355268627
-0.7306545232899826,-1.0290063917550454,-1.2308422647669504
-2.194281057646774,-1.9655897418052373,-2.7770980466434247
1.001539843616572,-0.05172832891082435,1.2215477483420225
1.1673795215133245,1.260284953085153,2.3056413004754925
0.7696422099501371,1.6418833393688153,1.8356327076606447
1.58798765649452,1.1380876226324144,0.7886747201224672
0.3513496991368048,-1.6753574075220299,-0.027278453891330656
-0.5343380437284829,0.38211711309890994,-0.3024593125603927
-0.2848786365619297,1.3912063221441366,0.9038033619674394
-0.05272416139710094,-0.36868881754177807,1.938435109255737
0.06444340265720999,0.05782312817769516,1.2108551149815174
-0.5786667584208588,-0.2828125461825585,0.22980188662537426
-0.012588417639887908,0.39888761750483637,-0.8128872674279699
0.9056676801680935,1.4313948893598445,1.4932154269669606
-0.5107400625061271,-1.6809795499092137,-0.42746364893846167
0.21568200475724872,-0.40636803091309703,-1.1226756543562424
-0.5837892553322629,0.07359581374016888,2.1690934963416053
-1.2170091336218658,-1.254163815044172,-2.1802575354854974
0.17022111321056937,-0.2871334286970258,2.1540260501727064
0.13108624125026716,0.03800322135626742,-1.5312158376590954
-0.23954085669379233,-0.6010223526956853,-1.1995508061959037
-0.5664789391279466,-0.8275200144771195,-0.24830337516861017
0.039040841984247225,0.659538975102532,0.5449954179016439
-1.9111221402623286,-1.6057734245756277,-3.2983847575592797
-0.025062524905353427,0.11615520594698053,-0.6828907200514764
0.6650743909233143,0.4953359261554692,1.8092735234820259
1.3228978042813753,3.6318436477922518,1.547152060181784
3.1741867451185795,3.522523713968674,1.9973313413756824
-1.8685427954461251,-2.413288590481499,-3.6176817798922296
-1.3481304023277616,-0.9499376473130163,-1.7920454898522107
2.3036543542931205,1.8041538445355036,1.99158751206022
0.25549020145448087,1.3072518240060849,-1.2349613377149513
0.8683185506655806,2.6380343373406996,2.1336802136454844
0.3558396868424863,0.6894502542707235,-0.3163238252491866
-1.1454829255024932,-0.9994051525165423,-0.8983875485568212
0.29588149204232583,0.1826106210424942,-0.37063308219523006
-0.6959670670108957,-0.030463939419889785,-1.1942844542831967
1.185022977394773,-0.2682610388305906,-1.0781422015695694
1.5251988966430308,0.9773946528564003,1.1401400445151642
0.4208493729493545,0.34652731408857423,-1.1004835548570882
1.5591613641611284,2.536604467646758,0.8814505151391991
1.628467167973679,0.8638666111635794,1.1395116463220085
0.17311142781099614,0.6146702077805211,0.41103499059184806
-0.3391579971559258,0.6352088803244529,-1.362030775022688
-1.2771928302805273,-1.4290571068578226,-1.6391748670154005
0.06042007249295157,-0.38542565541304663,-1.3215336286379236
-1.13435200576579,-1.5851162432724801,0.14481865706461838
-0.06336075249716568,-1.3914433246112303,-2.3666953743770485
-0.7325761981786512,-0.2613110738873084,-1.4130930928564704
1.0740384200688127,1.9886763798533873,0.9494788385745324
1.478864405317403,2.4350878014278403,1.2731716451619346
-2.5330093183316356,-3.2235868332135444,-3.480400217332658
-0.8197402262133772,-0.510846577266995,-1.1947321695776747
0.31886515962437495,-0.8718942938288108,0.003166553501926128
-0.9701006143795615,1.3788891023528622,-0.6202505893732471
-0.3861036339967047,-2.262496635002666,-0.7571348880452075
-0.036290468509489415,0.10725501151514807,1.186951677029098
0.7873591182097848,1.453262537688851,3.0746418031774096
0.42919359317792755,0.36084520307092055,0.5392697914340814
0.6564912173645111,0.9406924295403816,2.0076781418619785
-0.7484974829686286,-1.814383829366073,-1.4507483980105755
0.011872916381979024,-0.7748983052641798,0.47924956361257703
-0.6067853272557194,-0.5248658192533595,-1.6426787498146331
1.4059861974013776,0.08538429638854583,2.8044981609165944
-0.6300986034811761,-0.2702768330974862,-0.1243305499377344
-0.8746800954918666,-0.4367167623287585,-0.03184488920369022
-1.1930806221081063,0.710518022501164,-0.0734410131435459
0.3676713652773411,1.634268661588586,0.3560590300595467
-0.7000396959729849,0.027925350253082404,-0.3680287809103402
-0.4254430094394877,-0.27961468998139943,0.30270449796146287
1.0137237668622507,0.9758265559490208,0.2918893253239925
0.420528100896516,-0.8553200179861102,-0.4592859605522435
1.3253222031278102,1.0021421493498606,3.8618282060177975
1.0443624563110445,0.28151463745534433,1.5826935010008154
-0.6529120288573252,-1.208150697260253,-0.33255581108616494
-1.6597763192437998,-2.3637438422987183,-1.8758617523224157
-1.5099718457051328,-1.3085928287282627,-2.1064213084296606
0.3128824937433434,-0.11931893413259076,-1.0554565157766553
-1.8976774680889648,0.6744402359163342,-1.6686162741209623
-0.6052082622095544,-1.8880125204209137,0.2124585993016651
-0.3510310451202376,-0.8831847586198991,-0.28140544160474934
-1.0103516864261386,-1.4254254507814264,-1.695210537714444
-0.4484244880370152,-0.6039818526246779,-0.06469554678737571
0.8680345452771374,0.9702484454699669,1.625205475203205
0.07911410970074369,-0.8911107758762552,0.1801357265716425
-0.6665688761278222,-0.07480081506658853,-0.5060982375756686
-0.10740243044351958,0.848174671510944,-0.9532719769342496
0.4751945222460269,-0.8489146888376525,-0.2860306020960137
-0.8368566663840479,0.634889820474415,0.01354434131427018
0.4281169836424472,1.2117272810890287,-0.39495144188621345
-0.6459204919944908,-1.0392445118259752,-1.1991095516442516
0.5766474843425066,0.2349307161968217,0.2527655065444871
-0.09078939669718318,0.27201758134145143,0.04430746713321161
-0.17283157448671815,0.2705960858867144,-1.986404858135101
-0.4593061887196064,-0.035844047780750565,-1.3939821134105843
-0.581644634748717,-0.987320250465685,0.21568463190617626
-1.644680334071323,-0.9585934420979986,-2.173438982685153
-0.8199759157783731,-1.5915891291655415,-2.3091381224725764
-1.6782396385827247,-1.1787613641203927,-0.5950918888567798
0.42416496481404975,1.557449067071687,-1.0181116365980631
-0.34878657771789084,-1.9815192786736242,-0.5855059430468134
-0.052331805708249295,-0.35638433946013875,0.39290880347591506
-0.2746643307330532,-0.18999574588652318,0.43248756153473134
0.5153046630926726,-0.4653132891561934,0.629321799709893
-1.305520031216519,-1.0114360663413944,-3.9144888484534297
1.6991002066341854,2.0107310391684092,2.9718565340604806
-0.5025173386161281,-0.15373815852546707,-0.08946570844650198
-0.304903273120437,-0.4186021352066453,0.9971190643966501
-0.6547771523062655,0.08063699246335809,-1.4800214138681513
0.27351360480845316,-0.2527032501009043,-0.3228405990111342
-1.7241167568072022,-0.8099743202664106,-0.9965531262803563
-0.4895965205727512,-0.9141956047863579,-1.9615486196662826
-0.13609646591951519,-2.0478751469449312,2.375171781200757
-0.4069030000373315,-1.1093674420030664,-0.1981884566355152
1.552377501799804,4.2404075382562745e-4,1.0723362683497546
0.8653913356266605,0.7173293149913682,1.0378241416528307
0.34860658683502904,-0.5448642826292216,0.9379377483580231
-1.2584489404272754,0.41751109867365344,-0.9149246513358748
0.47583147154122646,0.5659676835612703,0.9859363489022779
0.8729256293084209,1.0119086307285288,0.7527652657305501
-0.5435758203575556,-1.5823506511264482,-0.22201930552143578
0.19443931129936115,0.18616893492102682,0.918736077435574
0.3988872873461573,1.508434376685373,0.9845328621642363
0.13051483941586137,-0.32839247404623584,-0.03280900387421559
-0.5945968556207314,-0.2590006619148571,-0.007341530970318866
0.7017398702288136,1.9081742310726368,1.188085808051734
-0.15393588677301864,-1.7555948386992666,1.4536470628369753
0.5859913931624139,1.346472930713101,1.153632431130272
1.1677880638396811,0.3066737366272563,0.031685850070235055
-2.302519747870967,-2.319947175875484,-1.8762228728586583
0.8201874140787849,1.3187704129021927,-0.40224949078003414
0.7221241886265494,2.623708240157616,0.6415660046660399
0.09764906990929707,0.9817310676807081,0.3127746411499247
1.6376785680423123,0.11541608364451617,2.7464415045207486
-0.5394124950032495,0.48353851083026655,0.770045201904423
-0.45269093499423724,-0.5410954118270055,1.6481232102454926
-1.2422332727230698,-1.3682796396662706,-2.4981528702716878
0.04424858627055331,0.27377703566974476,1.0720422961091134
0.006955417289186288,-0.6402911154224358,-1.5034752714929152
-0.9935877680056572,-2.2038522855220433,-0.6192345404453423
0.7152248604290833,1.0638819546713458,1.008745877308959
0.6002789140614011,1.9232161198373017,-0.8628099001094658
-0.05490333988006648,-0.9755014782567482,0.6458624923194971
0.6977503133040879,1.1651023314897277,-0.4407704706598701
0.8144974555826594,0.6663423473517089,-0.539618462835981
-2.3205728392497442,-1.6669197571858931,-2.7919994693646157
-0.8867847333455527,0.22233672815081462,-0.41227180697456667
0.637088235070413,-0.6037598263708979,-0.5170376596299702
1.4990900104814098,1.113584893843555,1.24653433219093
-1.5011786083222882,-2.497469928342007,-1.5622308547117494
2.6907163705707062,2.753333611307095,2.7072233032457027
-0.02356868811362319,0.2858942390694514,-1.221547007784253
-0.2404063736182405,0.3399029102036729,-0.17280032263167944
-0.893960040858941,1.2114360832187034,-1.0837384379769712
0.4573882384188161,0.41553000911925486,1.9984685291426154
-0.39941156881012485,0.0033754206613273996,0.9774053373569008
1.1676136105546708,2.450768667797375,-0.032445251020624344
-0.8733918105440179,-1.3609099668833164,1.1043266560880778
0.5640138165610942,0.8070707563389187,2.630327078634026
0.9402143568655098,-0.18886871535883165,0.09179283753301493
-0.9676251322962722,-2.759405761294893,-1.2594666622575275
0.5085997317319377,2.797061727471873,0.27637729995038357
-1.2504245676842591,-1.9190086946106704,-2.2573301014915454
0.14995698449507575,0.16788747482205352,0.9638811949226681
0.30525540245138905,0.7105867341677126,1.2624070093751834
-0.29725455951932445,1.2258248143275514,0.22128660741172468
-0.8653149961040321,-1.2910278240575526,-1.2049811522774077
-0.9275416231900498,0.08483660005153582,-1.8970530301708837
2.213607898681417,1.11567430418786,2.914978639576713
0.3441692428766046,0.6935047947051114,-0.6646859736130193
0.2700714421133344,0.5086112081169007,1.1622341938703973
-1.0959202051173733,0.7571317771324246,-0.22897613095624736
-0.8598682892123576,0.3636024168595252,-0.39182200017461494
-0.8718505439360554,-0.9156230759816524,-0.7594049462736364
-0.8998439956645201,0.48852960235047904,-1.1558376602834102
1.3273958359119864,1.1750519382574989,1.2120780562345448
0.5266713249819491,-0.004308590294282877,0.7163470042776838
0.48305913031324005,-1.5484403341017607,1.3875811477343996
0.16131077037400932,0.475751219297658,0.3550254232372182
-0.24868547537907376,-0.1484431868749997,-0.7943033976186689
-0.7941987559722505,0.0028691335104672477,0.3284826683393518
1.8277478839036716,0.37017550350128614,3.3161352398039607
0.8182779624425841,1.0632183071538397,1.8405530152932728
0.7254196649004631,0.9819372687529191,2.93727838912319
-0.18796936162948796,-0.9733316339131072,-2.1583545498636454
0.6800054920190046,0.8350679001250567,2.3034890715891834
0.5151202205009248,1.6879698995935102,1.6198659072141095
-0.07396169163826562,1.5103807921937522,0.46250480604594146
1.1187474438489857,2.7565696284110848,1.2609690050980336
0.6735189604706678,1.8485579953478206,0.34841937930197836
-1.2423555481692063,-1.754356964070682,-3.8651927753405664
-0.5509662563194109,-0.5576902723860486,-2.437898757148222
0.7527647049055122,-0.4256400784564147,2.8415145746934805
-1.8133532539964357,-3.287245970849216,-2.740459591970205
-0.2846970758501541,0.33621949876233354,0.18667816163971723
-0.360438135999379,0.5240986034751975,-2.292397761927626
-2.1532042049625275,-2.0246666654770844,-1.9843996563736517
-0.5727422950864477,1.1989714813169483,1.6168314012922256
0.7410241276331118,1.0947617185954348,-0.2823124963881507
-0.23280048234833103,1.5005966433704765,0.38881356815822044
-1.3468949822151235,-2.9853993533463994,-1.2821081516296184
-0.8018558865406548,-0.07864195912032013,-0.9494346592957167
1.6048710572039846,0.8849236428002067,0.5674395855277816
1.098818283401711,4.267826207217025,1.9010227016032863
-1.0159327228198294,-0.20232425492644646,-1.5598484910990478
0.048023963085214914,-0.935334206038081,0.24570265385349394
0.7714624977595267,0.5111620635222496,1.3865982058188544
0.7177503395096373,0.03493961516401545,2.463416124095895
0.5640530076601118,-0.07530351233501775,-0.30727252833367735
-0.24106082433546444,0.06521178430576319,1.0207172209581248
-2.065059975737048,-2.135476019301637,-1.4519353113055762
1.325072085199619,-0.0024206576029661697,2.4114024165198957
0.7439464318775555,1.2294020499924634,-0.35288252364699857
-0.2827870903444266,-1.8338881390515218,-0.9373832872544491
-0.39094563934874704,0.8008571279645108,-1.5303919819511953
-0.40878216671111023,0.4073983990130744,0.3996853499539649
-0.498667368420193,-2.2420474181126764,0.13105776779471667
0.8818950077144552,1.6756452791993486,0.9406500344474441
0.5782305852485914,-1.3356389351913296,-0.15592071198666013
0.02884006966664776,0.024542411330493532,-0.47608046428371054
1.0632481787571662,2.5309516882224457,1.558892186036793
-0.2578350832618141,-0.02651130034050811,-0.9613850002657549
-0.6869471697249149,-1.2968570640040737,-0.13766816039874208
-2.2414019048051648,-2.220113445262674,-2.5554871019729406
0.03027516152792347,1.1289183333451065,0.4971204459622886
0.4378388988952862,2.5703745098594926,0.448758602292429
-0.502908160730309,0.23542974379002224,-0.10363852962869124
0.4541506188768984,0.37518632207102215,0.2135043790704772
0.3798489072360878,-0.9792852364178426,0.5436408361335413
-1.1562630743064453,-1.0570449932592254,-1.8707034062996826
1.0388490176841256,-0.2669220492497364,1.513164831286104
1.1624827682355,0.932117406017311,0.7177866743172507
-0.3690659347335061,-0.42244723101294207,-0.3832384600996059
0.34360709574892623,0.2716460364119388,1.0089087941551869
0.17075566183507607,-0.0026475771005117776,-0.4971743311641753
0.777210051255735,0.26950483705615635,1.3807223783409177
-1.1614631212204878,0.2520054769643214,-1.228562294521236
0.19475560537956277,-0.8560745383254704,1.5292538342711617
0.25969272131116594,1.0984243057204655,0.6917872571688852
-0.5021007557645017,-0.37702540249348226,-2.4908198671814303
0.04343253616162482,1.1364734854483967,-0.020747628932184
-2.332970637367699,-2.86761126587405,-2.7802664864531246
-0.8058554634228864,0.5454843676940698,-1.8401049747140683
0.8246040036962932,1.5478451727253977,0.7397962593623911
-1.5950659677334436,-2.188149844419271,-0.20306232969672022
1.4961306604022306,0.861209333849407,2.1931947744430103
0.2988594577915377,1.2680265696608561,0.6189725852880961
0.056034441101111145,-1.1490238997049484,-0.519350868678607
-0.07867610085588612,0.0012349480269300134,0.1212262258651247
-0.639713806034331,-0.9712928495495861,-0.5315860002557542
-0.3357964824925286,-0.4991871640820138,-0.043623039839327526
0.05982537966652705,-1.430860658708499,0.9484142814297835
1.36242992844398,2.1254851378198425,3.0544269537434023
-0.4929832162473109,1.5422077172152169,0.43573565120381996
-1.1419632700406868,0.061318879812156224,-0.46419625444341617
0.5024200918685622,0.706510399871972,0.3294135489408817
0.2680684727413678,-0.006179136374761307,2.7468706793919186
2.0977649588731566,1.1788189494395267,3.7099060545828815
0.399064805199879,1.323241410985544,-0.7926094019053849
1.5904899836788151,-0.1941033062083668,2.5391425859327104
-0.10727225075468597,-0.417294688760949,0.2224393345803081
0.7404709300634655,3.4320771100740224,1.7842235919595635
-0.07864182234495118,1.9528920818646596,-0.7933404969711638
0.3412150956960201,1.9502230463102619,0.37467131598170383
-1.9713202332273696,-1.0557834291889123,-0.9239933692388052
-0.12263564784880351,-0.41000038981847375,-0.621007393500465
0.9128782612485646,-0.15037728724197286,0.6964118020664515
0.37761598621189785,1.6721588279970976,0.5200491597057019
-0.4406109164704508,0.2194317224081228,-2.0929523105703765
1.546075803673353,1.0166810967373916,1.2719033477990183
1.5070421277542025,1.5348421728251556,2.5287691430873798
0.38524976386203924,1.9026217800436722,1.1762068724781234
0.43583243936802185,0.5688579796020093,0.7792107438406031
-1.4681869699206944,-1.3259078207153874,-0.09534785161610038
-0.6732243726891803,0.12497447120207739,0.07313229455153125
-1.1493654858187103,-1.3892897617695477,-0.12423196227706912
-0.29838290089533687,0.7389703001646553,-0.3119341651697221
0.27088188428103666,-0.8174838315890597,-0.2678442389933453
0.41939695402452476,0.872884916239013,0.19055825771949506
-0.9009921180556354,-0.40995305986420016,-2.301916429412131
0.7470112862937048,-0.17349176108318143,1.4658257022063368
1.3713906343126385,1.141290042802557,0.8008226625867487
0.7827098869926769,-0.4894348966882657,1.6345514790140272
-2.5986515492570796,-2.5668721958053715,-3.1004761597755106
-1.4455333945814526,-0.6999723540264644,-1.8498306114493488
0.10473742694654217,-0.9128346105936818,-0.0906030396190256
0.20397686396743966,-1.6357134669743052,2.02944302740643
-0.6288249841166029,-0.8648557903215142,-1.3916377947457323
-1.0702541053490127,-0.2844105405960071,-1.6174900329048265
-0.9188253345125093,-0.7937103115944009,-0.4847687479245927
-0.14660634025222588,1.7946814073009272,0.7847503067690184
0.6831689279941356,1.0499654578624247,1.5845601112420327
-0.9542471203556384,-2.0927372232461927,-0.21449373478359046
-0.23411751072823273,0.15371066016249962,-0.036176664399058034
-0.6310950732865425,-0.8376883672506024,-0.22736289142304406
0.4138320839500344,0.008299968038219696,-0.4109286947933413
0.5611550438902517,-1.6073629854748002,0.42800349446348845
-0.4925805382728911,-1.9577651649481522,-0.4074938498422118
0.9287591923585583,0.4266049512149038,0.5513740142680974
-0.83915561668796,-0.12699764853484474,-0.17681013813229263
0.638765873072285,-0.03743847265895117,-0.26386199404915867
-0.20850615288624297,0.06078157629277259,0.7438559697715738
-0.18575528236676117,-1.0823458350432227,-0.03386539906107386
0.011868497555465787,-2.1147908387917576,0.5930361574962006
-1.7137195490392427,-3.195856716079093,-1.950921801215681
-0.309903553373888,-0.6952650786491115,-0.5247779497453045
-0.6473175103844512,-2.3122703976762065,-0.23424471558154208
-0.6116352801347574,0.3172760883932956,0.26897902522107886
0.2873622752144252,0.937831286781803,-0.8031290371377087
0.31930865642722545,1.142769358512742,0.816382544747283
1.4239609046903923,0.5977704888084049,2.587058219604254
-0.12722988056356505,0.5093568821088166,0.2560652658193765
0.7517252464520487,0.49822064065436933,0.3643772128406671
-0.6449928147178817,-0.10538652470522869,-1.6170202571001226
-1.502938668073976,-2.301296530368957,-1.564051090735747
-0.44161855725561344,0.10960924479473039,0.023722788396269734
1.348716174836698,-0.10339242617731137,0.6266689148319564
1.1248484580387506,1.358424497839972,-0.17205474951664357
0.6816331147308562,-0.42358290012421296,0.8059539710818044
0.1378766515991987,0.5523372040891104,1.2184843645035062
-0.20637678118103922,1.6775179698390295,-1.6549749734470247
-1.956834717849338,-1.4236928335873258,-1.2330955260259202
0.31125123331289195,-0.8329294557314862,0.45748554338227615
1.7381742687674515,0.8474315668507476,3.2345677379591913
0.115043131978152,0.39679739301172867,-0.5375460655332339
2.449212488792514,2.9549714397044458,0.7050801988073889
-0.5997860577897188,-0.4806714510784085,-0.09248590530708423
-0.06967567922987661,-1.5113045486437406,-1.3967996148834216
0.74297916262842,-0.5400870241794758,0.8651612447178937
-0.5402828916364926,0.6673988007659624,-1.6621339652542997
0.1545493549327371,0.2593342393933655,-0.232054022166319
-0.6943387378449829,-0.16578883605705852,-0.7273814736304942
-1.2944460294244686,-0.9926654687735024,-0.6987623942248808
-0.8488732726696302,0.5762101909865451,-2.6448868253962017
1.5128859362870464,2.485095383471464,1.217332779072047
1.0131922617293174,1.4710938292050786,1.6412159798394224
0.9567345996323873,0.8953433567319393,1.1950416311686212
0.4482787899645615,0.5741559429667001,1.2782209897404517
-1.0005401593697678,-0.7184630695969669,-0.5013031905486256
0.567431577359266,1.0617203946730487,1.7683350388631767
2.1683300027990535,3.2546762860652714,1.351106824700989
-0.7632557091295544,-0.8172167638367293,-0.48910645532763736
2.387805962074146,3.6396696223869167,2.7618769570888255
-0.5621269487326007,0.1436816015447625,0.14416301362057027
0.7630325968005626,2.091574288994522,0.12764365790805543
0.4875196232439865,1.6109234391290606,-1.0582007502717512
-0.5590896416936982,-1.0067120571874217,-0.6400505139465796
0.42841517086211917,1.0462624417722002,-0.5939946254419177
1.041142827565904,0.8711461173004807,1.2787638714264375
0.9747172747457943,-0.295787829067757,1.2040184353129606
-0.8636018425242133,-0.1531662745902279,-1.061169248798604
-0.5048082364340793,-0.8767545561656358,1.3545922123698386
0.7197212114511643,0.7014367704694333,3.0571010741195175
0.28552249687720876,-0.04255606216477237,0.1882244567930359
-0.5844084850867972,0.5688648899195057,-2.2888744950969633
0.5089712166215112,2.2371553684593297,0.3071355090125143
-1.0043873455470673,-2.9112538602448774,-2.5836503875695813
-0.4548988668007523,0.375446715999181,0.23661447214197506
-0.33389527064813185,-1.2923131276943556,0.42029480258309215
0.2446400465033574,0.07608562970737945,-1.4444732998455292
-1.2053774911596822,-1.5661882481122569,0.2723453731159322
-1.4593743474820253,-2.3342802748734606,-1.5029850309095811
0.3741459870711385,-0.6833528665762882,-0.22653256446686648
0.16619082048797054,-0.3645306520790468,-0.5512703351749799
1.3969999418786807,0.9157211347928157,-0.5366058404092144
-1.020438957284158,-2.2382982546891643,-1.9559327157723512
0.28898088755447154,0.08329887745930509,0.27432898019483326
1.9587241104847537,0.5832395357967239,2.0556069309601854
0.01620137202581015,-0.6431978856239934,0.34730723147639586
-2.4233444164197087,-0.11911582775792162,-2.1915769385482977
-1.4893645164085796,-0.067902698999736,0.34461286659806323
-0.5344477152308367,-0.26349805774080837,-1.348239872218906
-0.08404040084733772,-0.7681095577704335,0.473361860040945
0.16875796579974886,-1.1896003400088122,0.5816074872249848
-0.1989332552822906,-1.0418887575295943,0.25898156686454665
1.247793928968032,0.46998602958253677,2.41395160433763
0.4327634327914958,0.41455462276096705,0.43375377748061356
-0.07648674832873943,-1.6790249016559624,0.004330938300561943
-0.13949574042239105,-0.06895316140370689,0.8506129970739171
-0.24122311718515274,-2.758647290860287,-1.5048042971585094
-0.7946983792118377,-1.4734286277248156,-1.1713553848786649
0.9533271244317628,1.3667785668858499,2.091994467809849
-1.0517717515509364,0.017104690565068026,0.3550911725356498
-0.7926827928275069,-2.0154485824343373,0.07786594661903545
2.3967300550741495,2.6730575473886082,3.168160909769872
-1.0962207498979961,-1.3328487225194583,0.20706114718600865
0.3319615478029188,-0.0448015968168724,-0.04787328298192445
-1.3881833456819903,1.3135954686743898,-2.839157821628352
1.2142962027855682,1.1379170087806156,1.1294245422632752
-1.0062392598006837,-0.40101387341469097,-2.1270440538785893
-0.5657034468504792,-1.5716204670499385,-3.347450520752655
0.06528617435224479,0.3488050288097774,-1.769619532094903
-0.9833670684961402,-1.7102992932584766,-0.2552542277924529
-1.4993310131808149,-1.2157934678687048,-2.6503008880198298
-0.42370989367272466,-0.5185662522414006,0.12346224535176659
-1.020926571824911,-1.5370567314136034,-2.2271163544167982
-0.624601937287874,-1.0471011042181186,-1.4746721674429164
0.9939845673640224,0.7357512712475682,2.3850696993763605
-1.5169428667675677,-1.087450484718904,-1.3693519360136674
-0.01582281637773501,0.5152917969535804,1.45181519690865
-1.1996615702134723,-1.85340271889486,0.009594310441227272
0.22345570865351577,-0.674234635424547,1.1734903530737142
0.5318609012553006,-0.036906540605705085,2.002411043276634
-0.23538218876171108,1.0321786447902406,-1.3873423402303715
-0.07826443014649878,0.13787589979763656,-0.3255826715872234
-0.16428904016847018,0.018351570765032216,1.0663093008878368
0.9943372116672661,1.8500412826656474,-0.048469066329430155
0.23612993430884233,0.2055341794546672,0.15567533955283785
-0.5306576608929825,-1.1651481869052414,0.5086548503884929
0.3073060042286464,-0.19511000287719138,1.3253370189229101
0.11884243079209829,-0.8432816409898817,-0.6263048361992007
1.6530453987368652,0.785144542117821,0.8791253797798879
-1.095928851098763,-1.1576181095116738,-2.6557431550000743
-1.2606332903285558,-1.4903010772844945,-0.8103996150110304
-0.4663862562855756,-0.27241126978262353,0.9050145154129887
-2.3672939646780837,-2.9309963829393375,-3.8747560320969887
-0.2161606474362544,-0.32144315865367845,-0.14268209744852078
-0.5684271766183572,0.3480354404820085,-2.322737941472195
1.0031695928139392,1.6460930598194892,0.049678870037846545
2.090097744336252,1.7838325184335229,1.3529415531553781
-1.0670977496824088,-1.3690559184613629,-1.6053360311094096
-0.44384123834698624,-1.7850807994881575,-0.11679958384302075
-0.6240413013123837,-0.4371672009159272,-2.4212189078211352
0.8089637627208054,1.532730577530487,1.0855314973677717
0.628481621486531,-1.4726082772607518,-0.1631645356400846
-0.21131465405675895,-1.3183025037436986,0.6397152511240968
0.801310039739386,2.0640722875174173,0.7514675320401336
-1.5973922200197332,-2.6094745518448406,-3.0234626027885936
1.058328482426676,0.952037413280189,0.99041342238228
-0.21750224169542473,0.1083478200633701,-1.0799569585273525
0.4118448034756074,0.36402917719277794,1.2940817147430235
1.6367907972937947,1.7664669444718262,1.3877737427909367
-0.04635387994984803,0.027489286070376005,0.1022041675429824
0.11839814471066464,-0.6963269079791419,0.32633155580290335
1.6721436825982758,0.21356958122196068,2.3057218363045626
-0.19105983079369077,-0.9187202472272666,-3.236178445543919
-0.13755892236391234,0.05115291625495838,-1.0135801075516209
-0.21082359284662794,0.43714714149892614,-0.2880076735198033
0.2416438473495713,0.346707809616236,0.9768787183945504
-0.42763243637023907,-0.35325961965030633,-0.04816203423732918
0.08785420659497517,0.267948747625473,1.860464320169021
1.5228577016394742,1.7807130744027175,1.651334503620108
-0.7603689153926029,-1.5996242192671515,-0.34049996959100887
0.0725334371528212,-0.4400915865492061,1.8571640529662046
-1.8324578874971793,-0.9954688454219447,-1.5288533237655122
-1.2670333039572808,-0.5428744500483631,-1.9627124219354752
0.2664096173817025,-0.03694968838254081,-1.114459450875901
0.31944721031405304,1.0800005886667043,0.34749658306555664
-0.5224024109532684,-1.5463328258570153,-0.9974195060244806
0.8801449892020207,0.44985942190576167,0.44154230422544977
-0.551021963936321,0.19758915441944624,0.8836864744174229
-0.3568449808932082,1.5520256930080654,0.49604403631640054
1.2286016242639723,1.029620146470779,0.5792231985450361
-0.5602196257764966,0.2379583497655655,-0.6326395632549919
-1.5249580218749537,-1.6498477890000702,-0.9386850619021805
0.25143924339364765,-1.7862724459241803,-1.5748955931940753
1.235614952400541,1.986195084300696,1.5313245640804154
1.7032702466086442,2.6784114327695647,3.2447066092194747
-1.0754966816232272,-2.7368796086031533,-0.10344408536812844
0.55495469838677,1.6560993124433576,2.3027314849918312
-1.1136590033029072,-0.784089054225978,0.13422282131896157
-0.4380945934349109,-0.3562524920760466,-0.41760133878274974
0.7877391508282809,-0.083761033194232,2.7672366755226077
-0.6242573209415041,-1.1759854737321074,-0.8574414839321296
-0.64303422149775,-0.3116479732672393,-2.17022985631416
0.6450295084092312,0.11491205982604735,-0.46515139678650996
0.17576459007268963,0.9314791811482637,0.007111344790483365
0.31503016653120625,0.06119519913657839,1.2787840397859969
-0.37146425914468595,-0.4795726500100934,0.5867257362503191
-1.5954541629706989,-2.9093083576970766,-1.377210779205158
-1.2402476109942528,-0.9660005672376637,-0.007904236762843242
0.23964505332548533,-0.4765894936144034,-0.5037752971639796
2.5253021714148973,1.908437265637765,2.6922603761540755
0.2225000674503874,-1.5833137068586696,0.13660653519377078
-2.079357582794465,-2.1838446012096577,-2.6023926881376855
1.663222009438848,1.6795169604055542,-0.6461922705555099
-1.882467393468897,-1.0142063992378194,-3.2693502782578134
-0.10196485616338061,-0.4099465718594657,-0.040073871759515885
-0.0033995260204445358,-0.9728530769678428,1.2883910087290262
-0.42967355099695864,0.548150917668299,0.11650035104341644
0.10869622881369641,-0.29135716301418657,0.5970574209151421
1.1218639190402246,0.122001695059621,1.6633697858457104
-1.3428740456350539,0.08645545248703712,-2.2553490136576384
0.11376168371024999,-1.3936765010790129,-0.23288219636809004
-0.3606482215432266,-1.4493761411175088,-0.6954349716813609
-1.055604148647126,-2.0743486007262018,-0.07662796680942396
1.3543128008618757,1.6389597937287492,0.023465705563455286
1.109136255083364,1.9221287149487836,-0.5802967290973748
-1.124484274494785,-0.3129131162693214,-3.756324945356506
0.5558552211974318,-0.29909132405657035,-0.44876993273368126
-0.13308430668034854,0.7575591836168251,-1.4894304444205981
-1.1899155665834815,-0.9079300443677638,-3.44737127341551
-1.2480262377110762,-2.962920532525003,-0.17544306739818416
0.9246776822235719,0.2312291142284747,0.47768979843512865
-2.0517929552797534,-1.9489037749540705,-0.8541215301262304
0.23939817974229463,-0.5964054811657873,0.8610394626343224
-0.8565505653586709,-0.916919687043455,-1.195789359656489
0.8331674931923573,1.578609145648537,-0.563689657742282
0.3013125990313435,1.3695586415599663,0.6880726028713138
0.039536772243578405,0.4094830450704059,-1.8645624251440056
-1.4292410208538526,-1.48593695554851,-2.9241537434332505
0.6221380315201903,0.40186840924633505,-0.5785929290161811
-0.48037623643886607,-1.0274887878931,0.10513399471765894
-0.3229530263501473,-0.17736406847003983,-1.0052326834183016
-1.6603656520529935,-0.774017348842322,-1.1599111932874382
0.4958602771096561,1.0116106011028048,-0.21943166360515176
-0.39759315219110947,-0.7021119974807519,-1.6434188387216997
1.286737744047003,0.5139645575222531,1.500482912686359
1.0690642372483614,1.937670374285692,-2.2051341045011763
0.7686002722755941,1.0560282885984666,1.622274379759201
0.1383041440683478,-0.6018855972834809,-0.33953485427226654
-0.09003367619215068,0.9205210792702031,0.5426719096241682
0.49230727652575634,-0.49547573565522485,0.21075662509646825
0.9542194773060575,-0.30224968904321936,1.1216394394866338
2.3332495359289,1.8730768514671017,1.0120534032447754
0.031008527124802617,1.7145058889719398,0.15401321479175142
0.36779814348228324,0.6481085712442948,-1.63121846050924
-1.1378140709199642,-0.8121944981637356,-2.129981307676103
-0.06891716227111332,-0.029818863376386534,-1.2872495172286167
-1.3550544720278401,-0.7623861197156098,-1.0946751786625797
-0.09063027091181167,-0.6868347765625548,-0.6176809305686146
-0.062464517506553,-1.142571288839201,0.01682920234031072
-0.26151070649296904,-1.7617026429069278,1.1680724498146131
-1.124028106762896,-1.4521164274092144,-1.1733883223621135
-0.3705769066074197,-0.8317561958418584,1.3877192438521408
-1.542172391972979,-2.953522479317214,-0.8798539506349577
0.6884000476484057,1.440994035806653,0.3159884016654414
-1.393746457934407,-1.3175337162953826,-0.7511227441916598
0.9683444832317023,0.06830081799311738,0.9397284505708622
0.2942611663665329,1.5272127755055507,0.24390586672378292
-0.2526785149919564,0.8242477378259292,-0.9469091747383209
1.113706810601616,1.9965667301875043,2.321151186004385
-1.855018681630962,-1.419606067553051,-3.9706277999334274
1.569867731975586,2.9229857853097445,3.6796789791238336
0.017452837485839572,0.674433194806327,0.7188478235471167
-1.479219254918968,-1.6001558871405832,-0.3424346800140523
1.193679432114211,2.026026083046517,2.0505180597671746
-0.6316483872471222,0.5274208632361129,-0.11853187197875992
1.063632461495217,1.2146378901909842,1.1653280402112807
-1.531950572928752,-1.2726716761179389,-1.9238935100274084
0.2595138204498015,1.9828233393393528,0.8121055039797116
-1.0728751668807228,-1.78697991980483,0.005757843218778813
-1.3129186529513135,-2.0560185121873573,-2.167897900415066
-0.589071474952856,0.21335970271399918,-1.8240642271238792
-0.9429379060617941,-1.035100324906678,-1.245746194184083
-1.7570509105328629,-2.185690649962499,-2.2285625050631888
0.11406936542127177,0.23952368764564436,1.145453889541601
-0.20135924266856423,0.8898221922122376,-1.227444498612193
0.8119475317576237,1.7653967261770376,2.582479110034872
0.8753985645015894,0.4957451465819887,2.2771334594995487
1.0220231994770577,2.4661025530456775,-0.07067866489624786
0.6422129280212246,1.3734883978307524,1.9212670667802083
-0.5833955027464293,-0.0026182181532204973,-0.7408434525046859
-1.4179521719065311,-0.7239256765009635,-3.042911602816675
0.8220220026843642,1.0875376237820782,-0.6673583464502796
-1.776891272776408,-1.797963919409235,-3.019715815176129
0.10302380872976086,0.1483277802877106,1.1149871284215496
0.3252719139445657,-1.6158176755758187,1.2167785209472783
-0.43750761297236473,-0.018817763277217736,0.6576272427135943
0.5707006302599894,0.3211835890354017,0.6308335713144076
1.276331566417891,1.5544562642048436,-0.39466232318309347
-1.8740970627309703,-0.017951338360974844,-2.0324662795197748
1.3909300375865667,1.1026283435719433,1.7800915147860494
-0.2998870926549301,-0.07721225189018172,-0.6800396109489922
-0.42966611269457033,-1.5782118337518236,1.547977063431592
-2.3970523605932375,-1.9949038952493952,-3.8150374300853604
1.0804868975823143,2.2555496303905724,-1.9568806083262786
-0.85404309604086,-2.4509902640803594,-0.9771633209969705
0.17343574945367,-0.6455202608312757,0.4327964137820459
-0.4172910982247589,0.2490635365060993,0.7258302856441361
-0.0933412166842987,0.024166966246771573,0.8821833694999527
-0.24437343440463463,0.6046693600556466,-1.0450832508526373
-0.1659846251442181,-0.3133420676811235,-0.7586417039870472
-0.8990800730346401,-0.7746137418858855,-2.0646848336138213
0.33446623351665433,0.9587061712274083,0.6093226122827852
-2.448134014996335,-3.0598909206148117,-1.619573707646575
-0.9296842686383597,-2.3805697160402586,-1.7971771200613482
0.7104086618391255,0.05444031849038866,0.9767384381926567
0.8184784703992002,-0.11362417606458852,0.705472123333072
1.8147052617524002,0.09437359653657995,2.0062307162209856
0.5928803991487857,0.8991148319012048,0.6343086713677848
-0.5014242444074121,2.907231316604095,0.37046369500619447
0.2974911775903595,0.17908994257593322,1.2740700044399051
-0.24792811177999488,-1.3937426938419673,0.12368247574945737
0.4443326140750876,-0.0019667300762861717,0.4380696651666456
-0.24104563632533293,1.387316870706043,-1.4779966415988919
0.2885353828122385,0.07584219179828997,1.5721123276432767
0.3434325822433758,0.587961556051522,0.638157144419668
0.40054789674485347,1.1959439175727535,0.45052227746616397
0.08505164668948602,-1.039549990155183,0.3005018828058089
-0.7008185717513199,-1.9563767846665256,-1.9599439546466466
0.3885496825684527,1.130012205199424,0.7128751465043675
1.3123973925015628,0.40680558277924617,2.5468663143063814
-0.07795538869059201,0.5838713893467966,-1.5242516028976896
0.5906503328282711,1.5340427259118146,0.023385496301801978
0.9576859306289123,0.11046269663444075,0.6604272428012301
0.1766140453992066,1.0331560929504575,1.3488024949392172
1.6890457396696292,1.8162738533461624,2.1473393255319193
-1.347342037699957,-0.7762145460339874,-2.119333479082293
1.0756224129896035,0.9192340732317084,1.1531567659349264
-0.4562089779151457,-1.2795920597936734,-0.4658455664198412
-0.681444594104828,-0.02557946389567267,-1.6100908658793265
-0.0626754560452744,-1.1412219507679975,-0.49264160292868453
1.6562947885535584,-0.22112139442974876,1.6454799124982755
-0.1911995012430488,-1.42958878249829,1.1750247354533894
-0.22894510587454894,-0.6225377792648761,-0.5983672183002329
0.13260504347761595,1.5019377127722935,0.24934404788321987
0.3893634545020548,1.0097555428176008,0.8496577312154995
-0.15120046874804866,0.07840978204635587,-0.6882502334743814
0.4798046582107043,-0.22328889218251613,-0.12810311950212472
-0.5522688318117324,-0.10129137095401569,0.18484212981887538
-0.546437895994637,0.678287925138761,-1.9902304056634395
0.8073849859331604,1.9112657978782592,-1.0948046672918803
0.012297710973074371,-1.274559943873426,-1.4620756015178829
0.8604282275349506,1.7716411446584144,2.787816827202275
-1.7337380835970397,0.3205482339915684,-2.0566636128853073
-0.7184732968091575,-1.1102727713138323,-0.7061040700177319
-0.46637156371519567,-1.5871453806852125,0.7457267417362836
-2.1117923532076053,-1.827324674211609,-2.255906557729653
1.1564797476222901,1.545751926736902,1.429139747634826
0.1813937211798026,0.51426816959382,2.479848700192654
-0.2962208654594608,-2.621540340433398,0.8237186024189803
-1.0128004192395197,-1.5426595645769323,0.18156319593214287
-0.819034877211126,-0.25648484845736763,-0.8979436267371442
-0.6437516622102152,-0.8177520119090396,-0.4314122503004995
0.4681264657482902,-0.5081157556928446,-0.7013615174828169
-0.5833566779728458,-0.4583811657632402,-0.05308864046994022
-0.8353316062168248,1.041663496167586,-0.9192673659425531
1.289373196764969,1.4320550592089691,0.4777528061270637
-1.2149763089503023,-0.594692351292448,-1.470035579049742
-0.02023718546523109,-0.4313723163469781,0.09026949243703122
0.9959940141941236,1.685380393145791,1.920903474156416
-2.5416869062131653,-3.4863526379911627,-1.368365289123904
0.08418709125752681,0.49260376677637885,2.0360601408921757
-1.119254069885215,-1.117240668829436,-1.4288597675099377
1.4631426905169738,1.8560300646449257,2.188380174550999
-0.581011062711819,0.1251015329488505,-1.5644643530000018
1.034158951858408,2.0232015984793055,1.9575725611464927
0.3433401692586349,-0.09508443355059404,0.35324479707688794
0.9196406334710815,0.36260322498905073,-0.7499509841977868
-0.02270157025059897,-1.8059403396290155,0.2563722923511718
-0.24075059563025378,0.7494829273965036,0.20907534769682176
2.5421717755329225,3.587698317680654,3.7788495850366077
0.10829837795753218,-0.24575703882758837,-0.16771218146689965
1.5582808963486738,0.725074085960651,1.8655579973231466
0.48492418541985105,0.09189686402526565,-0.7339724503314206
0.3800385511519242,1.2300877265389052,-0.36995874136036777
0.7554258430479589,-0.26898213771620105,0.138368313263726
-2.2325161725382463,-1.125012180242412,-1.2808777951613566
0.9016770537387672,2.664611599503881,0.4429230330904387
-1.2181183775078386,-2.624740751464735,-0.5573584090471895
0.8337484888624689,-0.2884537474870228,-0.059803396427057454
0.41822194669998036,1.610030430307663,1.638204254946125
0.8325269496066615,0.7966505350922187,0.6348927246139137
-0.7863374175463084,-0.4625778263193035,0.18937705192673482
0.49830664598343194,1.0909387537466781,0.936993985903825
0.3349951669107518,1.0412998566802103,1.0786628933420688
2.3343963587672953,3.096043296687719,0.5848301087783576
-1.2809762344278035,-1.6186793873755465,-0.2600905848966679
0.7956866484716524,1.4489185117600507,0.7698558266460152
0.4589086805837853,0.14214455381837193,2.1240063242254115
-0.3546968755846606,-1.23455220177969,-0.10054526807839359
1.0589365368552257,1.3311498653518705,-2.484356575942825
1.0641379709298346,2.3072542121740485,2.350183892487969
-0.6574106010096138,-2.1980404259463833,-1.4265297498986493
-0.013508900405020756,-0.32065077720419943,0.30042144222163575
1.2798648603788039,0.6365565733969168,0.5210230446941829
-0.7897208704809426,-0.015771162400367023,-0.7350568900582948
-1.0267641271402248,-1.2258711285455401,-2.4782923925804248
-0.29982180760895977,0.5090519567343883,-1.4627706670099727
1.655847989036622,2.112846992705771,1.709481218776755
-1.4580254206127379,-0.7745478604981343,-0.9296221696848255
-0.6895881677828074,-0.7014471348297534,-1.224705439264556
0.6996523343163273,0.9039312242046875,-0.7632489488740174
-0.48791335213242143,-1.1013495794383104,-0.32007452240272216
0.20523612764789076,0.9353121287066438,-0.10641123828375873
0.5265734974823915,1.4732585191816416,1.0149967118927528
0.34160855882995,0.14734160903870527,2.1435088573514167
-0.4189181791074833,-0.11903985246268056,-0.014061321301484075
0.2598793698841945,2.0091555441643627,0.7255097762285929
0.7609245607528926,-0.8374829610657512,2.5882766899899936
0.0023896533777353355,-0.33286584894693183,0.9136059632922464
0.28611635915551775,0.5271360897478763,-0.0024167211002063538
-0.29215008252320995,0.3088996700711498,-1.5128431842508987
1.3128441977215537,1.5443451201174578,1.4889990443464842
0.957378065830306,0.2619980272931227,0.5444832937278541
1.1164555353898593,1.1584245283179706,0.7364016472992859
-0.41983704766175817,0.006732225314361684,-0.5696701853474992
2.19375562506752,1.9509799777210373,2.5668373084710727
-0.024647685897176797,1.2649834335822772,0.46302963691600574
-3.0242476983140936,-2.649084602982782,-4.11884092901564
-1.2335703686000024,0.09982717892773052,0.8604439326953481
0.9782476482216497,0.7393194883171161,0.8851368405346133
-0.3127155646489592,0.8981591135187434,0.9460766307711967
2.853485300964884,3.468011896102021,3.8622694091500267
-0.24971262401882469,-1.0482337661567667,-0.41010071351705757
-1.1319941105298115,-1.5968442338354785,-3.7794757670983588
-0.6031070310743704,0.6135676617662448,-1.9620403621858995
-0.1051017256340249,-0.6217587993586547,0.19132518767056675
-1.8771581563350697,-2.4789921161786994,-2.6638148778238744
0.5664939719291523,1.5565526891908674,-0.0738089664481798
-3.2742947527921475,-5.4145523531639235,-3.0734915336168838
-0.7444420434453681,-1.311081303766818,-1.516556855181597
-0.5693012486290203,-1.065074989773611,0.1896006720896507
0.16623349729606762,-2.078113552380125,-0.917348529555356
0.31787478612562164,-0.41321948094472355,-0.1612506474231325
0.23831371340334093,0.02179813905892669,0.2272280793227304
-0.9491209337635029,-1.345456126861936,-0.942468878886202
0.029567284665301306,1.0569340554331048,0.6758882003132936
0.6091861061801441,0.4021534311128244,-0.46384992230089195
-0.9789212386592389,-1.5923791107503988,-0.4603375467039379
-0.11050790559656075,0.0022656597688460733,0.591778179377148
-0.1488142024174041,-0.5943003996145005,0.9896752117111042
-0.4673927630367753,-0.9306578430352394,-1.345808942553624
1.135741123370535,1.658072158659211,0.31721075522831443
0.2639595957581528,-0.12854226996909657,0.3100068545842426
-1.2335378567713966,-3.016949009372693,-3.003575287696848
0.7371991425895239,2.3616282684933934,-0.9590134182131116
0.4491437269203433,-0.35091550903628044,0.1609745247796573
1.0078661719849746,-0.0904675632752523,1.3017661203376143
-0.4343237196786535,0.06633222541997158,-0.9069583076596135
0.9453513236004902,3.2124266623175135,1.4704494500769227
-0.9383647456120289,-1.9862765106650904,-2.2837967445553686
-0.44604728601125165,-1.1127444988140396,-0.4263432344535658
1.8478102977435928,0.8663635107817765,-0.6448458998279047
0.6055421109628737,-1.0096689906097112,1.163117765962025
0.8381184705664803,-0.85299189401991,0.06447807344068568
-1.4670984890533378,-1.868501817767826,-1.8550750922753565
-0.24184276729417356,-0.32002878193111606,-0.4034194213007643
1.4611487637643974,3.3172143280203112,0.4015546190668673
-1.5651593789829386,-1.491947253147878,-1.3278822543494517
0.3967681378810045,2.308435883450979,2.342559306875832
0.3225921459729712,-0.5216832438690371,0.9770692928963858
0.7941412969954152,2.257053797001749,1.4211176451482492
-0.3474632056640728,0.4510664298446892,-0.8082841677865217
0.16109322518494382,-0.5733103689416873,-1.3386337822028447
1.015703220415358,0.5331532991797292,1.5446999572043283
-1.6857785694570935,-0.2436452198602177,-1.452929351611448
0.49517310826749344,0.0488909380640033,-0.13129665824065467
0.2542356077010975,-0.19843451793646566,-0.24735738672117552
0.2677274981606098,-2.0742819070778835,-0.542695221899422
0.9622036219944061,0.12044853207419381,3.0657853006412266
-0.22260737854308243,-2.1626777668929895,-0.8634084687677881
-0.8959489308148301,-0.42824788196976216,-1.1759486801745749
0.8488350411174902,2.4439397870710504,0.4952035060348517
-0.5513585532415203,0.7738992697222545,-1.159247947039542
-1.878313971928327,-2.448197006074473,-2.028089748694298
1.5051473088380276,1.692170130232549,1.1530330844505028
-1.5893499537035736,-0.3451205841559777,-3.299365943885856
-0.4179477191927724,-0.44327335588679945,-0.16986076527764102
2.3758553780511042,2.182029274203503,1.7209320395364078
0.8891182514611377,0.4148408242600756,1.784665562388425
0.7634288405520113,1.6141610688690102,2.193536300251118
0.3213589716210017,-0.4296864324549543,0.6440418943481838
1.137934798079764,1.586321499258714,1.637906518135963
-1.1292413348172996,-0.6027298210197257,-0.9279083590929502
-0.30718976579391044,1.0216082732473772,-1.7944678241454033
-0.4063586425921457,-1.549007436867093,0.7317352713282865
-0.31263723108954744,-1.0084828144992757,0.6978072945742212
1.0167327630954912,1.4233382283760188,-0.3481058227584375
0.43473086344348144,0.9741258204289037,-0.8732584409963124
-1.3594961383632207,-1.6662808695329905,-3.418922918533748
-0.5655314366818972,1.7463782058551134,1.7487206063026979
-0.06827611266699758,-0.06408987290469793,0.9623914413784219
-0.23536978316706245,-1.4895575021322227,-1.681923131742025
-0.9251533177484432,0.0039261142593650655,-1.1222552961886143
2.132993130100256,2.219559492277118,3.0925022561545776
-1.2002027412408358,-2.1467970118605426,-1.997309048285826
0.08890357158103128,-0.361898947787645,-0.13759202231517198
0.9145629434204873,1.197545057413619,-0.18681777555787937
-0.3766284320925489,-0.833516348024091,0.29634292460974143
-0.3775420938583867,-2.180247970201487,-2.242686407384751
-0.1234642336977355,-0.8653978979782142,-0.8874964504045605
0.44289883491638704,-0.20625496227477347,0.6805838162482627
-0.3914601920574996,-0.25253678291884807,-3.9398888344357315
-0.8058012405860244,-1.5311118392907563,0.8254760387382132
0.3908066057152918,1.2486142568954135,0.7369811529514217
-1.908617922204148,-3.6245003241837135,-1.7994655969667466
0.6905199445554254,1.0112529163000705,9.358408412289965e-4
-0.4252087620179167,0.47194338889530796,-2.4188795244463543
-1.7359862216289113,-1.3029506815352179,-3.2059628905861928
0.3191078736000379,-1.1766692366263682,1.0807581598595708
-0.5584316132163648,-0.005365159346849224,-2.560102470931579
-0.4069354098682754,-0.9001421198701016,-0.006204006366431314
0.09935972738317482,-2.0056127482842174,0.9690801835794016
-0.9619366509492002,-1.1353015146455692,-0.5391902626443307
0.11242135211744642,0.7649698160281783,-1.9015409276181223
0.36028582482477595,-0.4242644178873776,0.6831960900087363
-0.703899167021112,-2.4752499272663675,-0.8655293889708536
-0.4777766859068303,0.45694702158884326,-0.4076182853786657
-0.6663521306039708,-0.39776265814269607,-1.0654132870482937
0.29596079327792635,0.7972550790061156,0.2505415958081946
1.5726652449558514,2.0090340167115137,2.0811907717852156
0.04752172600033375,1.240048054291632,-1.3522979630298626
0.48811126509488095,1.6159420013967438,0.7799362054376986
-0.23971807830769437,0.8770006523559077,0.5230372707707731
0.03349123838679483,-0.1257909301667933,0.6593201070711121
-1.4584967360312848,-0.4852879384581801,-1.6494053821732466
2.0582333315608636,1.8491523276484325,-0.10082030914546669
-0.10141339647609134,2.0497464413201385,1.0329350294931399
1.060088732735805,1.773197194804447,1.6610174925064276
-0.503239132911448,0.9481590202040168,1.6502218919835179
-0.3420344448366355,-0.8875870197389435,-0.42882697929955427
-0.5825195266774349,-0.5453872856158599,-0.5981816460472605
-0.11422386178025504,0.7953324585873571,-0.7597445224385146
0.5050263266169844,0.779909821122427,0.6047082859512214
-1.9239127996201542,-0.9097775201992211,-1.3221458072622991
-0.4287651592785038,-1.8794726699493562,-0.874322215970833
1.0137370176162244,0.014108505611592603,1.3196473186720155
1.0821182536195675,1.88076399878777,2.1899604989132495
0.336702648491195,0.8179378097903542,0.2524002092563035
-0.19922951080861961,0.06362271223867416,-1.2335319417779673
-0.14556207166686239,0.4314294645536779,-0.7212733265004444
-1.4037033893051911,-1.569030634580376,-2.5604380305441765
1.676806831242898,1.8635736753573107,2.2138600043211323
-0.2526494151809756,-0.14095505150645268,1.8207869946035449
-0.7334093628210353,-2.117277748364846,-0.6284741402813986
1.8112883048067512,4.05784978636523,3.082765740394014
-0.11193604002707028,-0.9740804104343587,-1.069143177560666
1.262201347951275,0.33544246764762065,1.0826368927415129
0.8691567878866772,-0.5911265703931586,1.8356038255321874
-0.7390274533904015,-1.337449916620475,-0.2643687905322313
1.355753733912683,0.9550266667822866,2.7531243841354223
0.4682318074136604,-0.5684717809989108,0.15643467305590386
-0.1356735396869175,-2.4494582132530507,0.609642006366951
0.22424664505780004,-0.32325984245260797,1.2632090996190106
0.4992445956634008,1.3576800528279824,1.3869842309777836
-0.3936095886941105,0.27450230370854417,-0.4028448816197395
0.14922728815054215,0.8655502117187936,1.3124537522351796
-0.8176867377907379,-1.1229541985100036,-0.2747741179499872
-1.2420277745927792,-0.09894355604438987,-0.2966953272423314
-1.2186460813523747,-0.4091134990126236,-2.276647103866432
-1.2497798094927501,-1.1362551644209988,-0.5601570495558534
-1.1930560610850296,-1.5340912713934065,0.3623739381717379
0.4330363149665303,-0.18275605599214784,-1.1251509810265832
-0.04737389732869268,1.1604554214516245,-0.6392031322790299
1.4410973711195727,0.18915941113855061,1.4852347277286528
-0.430175781309296,1.4018235190313613,-1.0606301311760202
-0.2347092300000358,-1.5964048644405486,-1.668942829683636
0.19952669788328387,-0.9604887519047061,-0.14281590907553282
-0.3268304883202138,-2.2026919182877567,1.9969920968928765
0.3333214726921446,-0.0724134989872926,1.3225705357557052
-0.826457314102631,-0.29535946108888333,-0.7528277051821153
1.3654873141360713,2.3778444314118303,1.404143672047009
0.05253846493845219,0.44750876168874015,-1.8956855064263283
-0.0380366659092288,-0.27385969923800374,0.3092017265164343
1.8415047942463918,2.9343001998135945,3.34766429910922
-1.5548505013323584,-2.06305254681694,-1.2909671196397283
0.32749600244916216,1.5636071609006728,1.067137365718869
-2.3813614368698968,-1.471651861045269,-1.8026014602325158
-0.6762463354019898,-0.3426985012977005,-2.3533035424446234
0.48054117764782317,-0.36358440179658064,0.4227458421182603
-0.6196134107242339,1.4499103713778076,0.2804336477994468
-1.6194494743967256,-2.278454620137108,-2.871461220022912
-1.5075470819070507,-1.8255531090523895,-3.21268817635037
1.099858663781147,-0.1796669670419344,1.8224706176540384
-2.100129770653655,-3.763061867807971,-3.4661070877454003
0.3701432221041144,-0.05499174514467331,0.6522441586576875
-0.07502635980712109,-1.2372251904590852,-0.09950478733315157
1.4690696864607258,0.09694277020935482,3.2940382124588847
-0.6511845960387898,-0.6776197570937595,-1.5708676305165274
-0.3412327004590942,0.7392672084976906,-2.1183485714594625
-0.2516175434119304,0.9543275934670328,0.707410802608442
-1.8467706655781033,-0.36021089885708846,-1.1532574866554675
-1.4520538456953596,-0.904505813759976,-0.8121746637377986
2.4233682419094142,2.293312970311214,2.1354741237628128
1.1092372870719234,2.731760899642908,1.8518268548571046
0.25924005884255696,-0.43629119496093505,1.113788112032795
-0.7336474276519939,0.548330731910403,-0.7020499697645303
0.1295915453122488,-0.25102044473981605,-0.9987598388345699
-0.4579595429148863,-0.8003313183351627,-0.7392710229426585
1.1946448172551098,3.9490616922734416,2.626938031412618
-1.3178484314083934,-2.4237962976012435,-1.8089819996020906
-0.1996637092080713,0.058627587170163475,-0.7133708375160555
-0.48812347180769805,-2.0587199200805553,-0.24868073343439806
-0.42360054554305404,-1.9650492557263555,-1.5162311199907692
0.24380581926756748,-0.9493745202555465,0.47167884886179734
-0.5511830877346728,-1.1850324201136178,-1.993510497195343
-0.45649318058095883,-0.3633967307790956,0.26530953866993084
-1.1171145252835069,-1.5507515069193174,-2.477685457579602
-0.30795110673325377,-0.01748381392131687,-0.8239454840251366
0.255151428436542,-0.5618241106564172,-0.010045031730425924
-0.06504196501780347,0.34122298992996203,-0.5393239566176334
-0.691795231318421,0.384109924959416,0.38256570137256785
-1.5053650292710616,-1.0013610620588143,-1.0075282389061544
-0.9918504167595387,-2.3925940533726275,-0.5045160784990332
1.1419370930269968,2.0833626607178557,0.5602505648346524
-0.8394300731665146,-1.5423761251062398,-0.7520932271923522
2.408597502226498,3.3156065655785785,4.621709882407284
1.7264648095483583,1.0746301101935634,2.0475917887927437
-0.8307302163606501,-1.249500454141707,-0.9770032464111889
-0.6966493492563578,-2.7456922146040044,-0.8298068866188366
0.84109855155342,2.168146938423147,-1.260218899341309
-0.5266931271042335,1.7296521053231477,-0.4042813754736399
-0.5021974537500189,0.9809307131886476,-0.3853187793999689
1.6243141924888425,1.3066655852740103,1.3950634172715715
1.3674710961142833,-0.1476316808024427,1.0841611203609363
0.9731016500797153,0.2575740923484864,-1.123233581271195
-0.7746420664421212,-2.2159204978168825,-1.563699989370206
0.44876022560484247,1.3533737225851659,0.5621615962584203
0.874307901372329,1.146407052962821,1.5462116892709177
1.7124422547389297,1.5075167112124273,2.954271992774161
0.4585962916015366,-1.207274995367912,-0.30539914065548024
-0.5451135292127388,-0.44389381730912614,-1.1677313954952835
0.6968747394923707,0.9617468191832104,-0.24761861069278934
0.07147473885495206,-0.10757887672188646,-2.178450490438964
-1.3940807357508873,-1.6260341898837938,-1.3297139559050746
0.1828852325650445,0.3150414603286446,-0.3499599499535403
-0.5789689189846687,-0.7161927837348697,0.49058914943772525
-1.4167674832308277,-0.9699027183580284,-3.2381923883165493
-0.9653289761351213,-1.2234652111355921,-0.9946435337479856
-0.03392738303072127,0.9779471374693137,-0.18463602390695102
0.08812401409191635,0.38458163421447616,-0.8605880247723596
-0.24344775199566526,0.01905044675994433,0.20134461766890072
-0.9657000027619749,-1.0658182320990008,-1.0696306105173443
0.8150470674088544,0.7158467765991897,1.4108347134715475
0.10834266492693123,0.38748767513398075,2.4661480803351647
0.03640606809419868,0.6537195587644831,1.1169656813074995
0.7436817344225849,2.5569123873901294,1.2138213192045264
-0.0716796315965069,-0.3086348628347588,-0.9954156209907241
0.8935467612596094,1.9326419595884898,0.7482621633802974
1.678377287514905,2.661803815725116,0.5584776737159398
-0.16551785029487578,0.006489118006319683,1.8602576965285138
-1.2077009463613417,0.04237107703284804,-1.119426546695183
-0.853173112389649,-0.43294241359659924,-1.4520230874518605
1.4285681575538187,0.9599233936046307,1.5412618933963926
-0.34140570691850625,-1.3797843889170491,-1.896746451969225
-0.7655713668680879,-0.8719196421940698,0.4392815603455118
0.4279731959751579,0.5760189661943707,0.4193578609795893
-2.2800521337551443,-3.0407644787821306,-1.803104211274848
1.3286474966573905,0.5406406649830264,1.8202622851809613
-0.9826069879048952,0.6077417942781168,-1.0991506277358303
-0.1110907977176521,-2.2739391282576586,-0.5563267120288079
-0.3051262331688867,0.703794438115487,-0.02065558708505938
-1.377151276452602,0.08877745415573113,0.11200854735437415
-1.4004886669722496,-2.7590423767501293,0.0768544467829102
0.40432898769149667,-1.046927462035517,0.7761172055159895
1.0797259617234876,0.01092824027284145,1.990577465475197
0.47567555319147603,-1.3717155176314848,-0.36810935883759477
0.9626180557656244,1.0437006536374875,-0.0412479108104159
0.6883685199825736,2.679005959188102,1.732568020309031
0.026195247398994925,0.6675679422642474,-0.5828167314666299
-1.0432192108906122,-0.28933613990928997,0.17344429312620613
0.20673309438216342,0.9621670576223091,-0.990888501471656
1.7661081779604686,1.3058249709736913,1.5456616512144263
1.3524955309437658,1.0217270827377236,0.3527865874261674
1.0571389489570389,1.6034038865445748,0.11649059158279529
-0.30865624782963946,-1.80134109056793,-0.04994309499937816
-0.1440677011671377,-2.882088532888532,0.6020477529379401
-0.010875184360563658,0.684789438544155,0.7508473076422023
0.06489214602105821,0.7726211192159254,-0.024550112275465052
1.560983818102321,2.1694460851130435,1.708732675102031
-0.6991592103278994,-0.6935692102021923,-0.6207041932546362
0.3287175010581256,0.45834239161328283,0.2147129010419909
-0.06908903301303582,-0.14748988438655827,-0.5589377452873145
0.42441780118459116,-0.36032676430928445,0.24235494299966276
1.271549106309336,2.1707802748808147,2.2402523767191602
0.0555496335151559,0.21601022498695138,-0.8562177399300624
-0.7257805365028873,-1.3705386990209778,-1.523697937804927
1.505651618603287,0.652059072501698,2.406425868371289
0.5204510534600681,0.22696094092828512,-1.278839808240603
0.5556206369156323,0.2814583445658901,2.086225929660944
-0.5952524816857448,-0.6010420523722517,0.051424533584474075
-1.859457448581256,-3.4916729868245473,-0.09723249225919917
0.3970108938141374,0.3975964748164313,1.4711799989377343
-0.679809214604857,-0.8297219587904922,0.3185370442840497
-0.06262086255247519,1.6710597574231527,0.7077257272042236
-0.8364734386372535,-1.7109487053437453,-1.713536246579177
0.7558186358078426,1.5024849783194874,0.9405906056253317
0.3645859107329334,-1.1363897857544767,1.7867028793505055
-2.3468084296903564,-3.212952453835211,-2.8868889009693355
0.502729529924111,0.22057060274940282,2.0353309805050412
-0.9013716519004679,-2.167748162559273,-1.57206384760606
0.09036641825560827,0.08184976179130901,-0.12390169160568608
0.7456782831454379,0.6586204533989779,0.5122413692964343
0.775200140443049,1.3351793906653027,0.014594135818791765
-0.07353086097159728,-0.06027806541583536,-1.3947499859724724
-0.3443653124192706,0.2735193294767698,-1.0954969932335499
-0.6791063330757554,-0.4478597201058637,0.012968214409472933
0.6836395312292504,0.7438569794947523,1.6173989859870272
0.1472250518105317,0.22689033656872,0.4917659438068576
1.0041102993465636,0.03591541412336696,1.0873003425594174
0.5467383473401396,0.4276697627935679,-0.24290311873348658
0.7229012531834648,0.6412011900694824,0.16411056292678694
-1.3171692074845844,-1.6601271347201947,-1.5637618681032475
-0.0999299247910282,0.9118169274354498,0.06812126435553591
-0.8727756489509597,0.010982998973854685,-2.5468303604810956
-2.0307803537679705,-0.6678737901371934,-1.8808543665098323
1.8034508324040817,2.218799324956129,0.39113556911280734
0.2626375028174305,-0.3701625866722371,-1.827242860742301
2.137287910079193,2.478500498769266,0.33536813116566866
-0.7643301242944573,-0.19815153170011057,0.316474619191528
-1.5862550067455543,-0.042371099009286484,-2.98614206280358
0.14050065818390095,0.7148703454586451,-1.5174311916191905
-0.1762375527942864,0.47254989117395285,-1.5198049985125623
0.48626757627059986,0.15187944765984396,2.002755715032746
-0.9558131600443805,-1.0803305780481098,0.7758332772201181
-0.6200613644551299,-1.263165938056212,0.35684883776024967
-0.13282994819832858,1.1344459697807063,-0.3102370877167725
1.5037601748954332,1.7620312345258429,0.8659586287900191
-1.3524943733238937,-1.9331089500698617,-3.067628347216686
-0.7486183933317078,-0.6928086206071487,-2.2552413637249593
0.1067042718612005,0.7229606660585359,2.5545242153746854
0.7971399565548589,0.9780168196601877,2.4266568989950565
1.94696587400176,2.3637512221220143,2.314561487974237
0.45900904630239414,-2.2506486524949914,0.08138534438869599
-0.1589323616207145,1.4787103606972256,1.1887887703930125
-2.8388044707206115,-2.2060359287211,-1.0728652860404235
1.7903612130329203,2.1548675952839074,0.9168628661943096
-1.905806883915446,-2.7063157048637247,-2.577016400888258
-0.726145274311491,-1.1555208488133986,1.5402824081685336
-0.2813120070769795,0.1967221250791551,-2.3120040551916063
0.21363048540812873,-0.9468855076648364,-0.14411103940804704
-1.2683502012932526,-0.1991714856834581,-0.6572976863401193
-1.3381194166539727,-0.298063082294884,-1.7845104136319907
-1.5165091674057585,-3.0460408077893186,-2.377748561853152
0.7914612660725988,0.6747281743630043,1.2161334390356295
-0.6741629095781871,-2.6275890606967565,0.2085552463004754
-1.7410173119732275,-1.3659025091372683,-2.0093638512947383
2.3462547906903217,2.6645532034056902,3.2088121210263947
-1.4054207330601198,-2.340437631134529,-1.8852297897482506
0.8489750107513927,2.1417765472893953,1.8524697098522689
1.6499730427382204,2.230931484803176,1.2149784241338089
-0.22129971463611994,0.4507064178117304,-0.31134346016143805
-1.8056804204635057,-2.0523603400506456,-1.957635077853385
-0.5929622436247622,0.1040944351762616,-1.2799040226024747
0.18955435827538014,-0.24250131151759996,-0.5250950889250389
-0.6143829916834121,-0.4558748729142134,-0.6325340526901057
-0.34799066568669296,-0.4369300145200788,-1.046673300515711
0.3476341096533314,-0.5197641528026269,0.4062544146983314
-0.4672300047799894,-0.2689478049898335,-0.8877901957068675
-1.0354258261343838,-1.4451251501353863,-0.24949748171945085
1.8642471813877475,0.9110306983543053,1.6334986356098742
-0.4348657039863842,-0.6295287380122256,-1.3270726619672797
0.1364502451622771,1.2099070746806442,0.34787232421994096
-0.7276823034801223,-0.8552197617113937,-0.8238311932265244
-0.12536562975333615,-0.05272796111955162,1.6839531014712916
1.2039752427063195,1.5255844999533177,1.6669598962419934
2.2380965650699003,-0.5787799426422824,1.793367102377825
0.17943493449492487,0.7862533463300115,-0.1276571437836232
0.7880181947323407,0.47883388841479374,1.039469525324865
-0.8599633760390024,0.32237830255252864,-0.694657707411114
-1.5941543097166253,0.22443936511146045,-1.0874024098456965
-0.6679020630412499,-1.307484057805683,-1.2703390002773383
-0.3865472066217585,0.21376560979679654,-0.43101491972936273
-0.9595938597480782,-1.221374185978913,-2.817635024926046
0.21089748125778768,-0.05894095669228899,0.14630177152436596
-0.2770893766462777,-1.4435101708783908,-0.45777781532142525
-1.4928595391994983,-0.013592024437912631,-0.05640567067413649
-0.4127303525187892,-0.7836121512697805,0.3993704087171086
-1.231482198994978,-1.6487697396926393,-0.23343533703118813
0.5945011459019399,0.09901746281684815,0.4170643507085341
1.128118946241403,1.386245219642491,2.8508826600662305
0.6350301468199355,1.1980789643818772,0.3137663546521092
1.9462303579311062,1.9597930799374417,0.8760687514799166
-1.1651357358993795,-3.3738780721237434,-0.7994256674769835
1.212364588001156,1.728587195286842,0.826294963101679
-0.3424560511263475,-0.7820225760903995,-1.454306666037196
0.7439258447116235,0.4164907966635163,0.06259469951152496
-0.9397240273598186,0.43266813769862433,-0.3433465306346547
0.9434876886790746,2.232406871491917,1.5865539574179155
0.28337182262124105,1.8967579762262115,0.4429798832859755
1.2057308072833806,0.9797920458788869,1.911057714468093
-0.6826926551781021,0.4274572116178408,0.6600935019454834
-0.2667075466067084,0.5276275818936849,0.4156704914427782
0.06214850064451039,-0.31461822581955445,1.23327416557869
0.01585477077854994,-0.132733668492982,-0.688967431169473
-1.0048433677771433,0.40849100653697623,0.2692965350770402
0.9820183525767625,0.8794361070450406,-0.6059059872485741
-0.3816085527951802,-1.397919461759891,-1.0340008646111725
0.5341908924498047,0.5385824641784391,1.0531250477393328
-0.27950936809909666,-0.9669419890889932,0.25330578626721845
0.9129207506373554,1.108708028738197,1.495906983578835
0.545608304130959,0.6620580672989798,0.10801892895268284
-0.08566841592853539,0.4280882928055195,-0.07017149914141568
0.4840685674108046,-0.731898459520047,1.0378869752354107
1.3242423332389346,1.7850544815600888,-0.5067148057428921
0.37114352967742353,1.3168393686065032,0.3639767424509501
-1.1889158827838584,-2.0471040548214496,-1.5429861696421758
0.8138743899543008,2.4333124570948717,-0.058589678601519646
0.2717228560317325,-0.4329559086849969,0.42779516582143007
0.37098822940676807,0.6047766033505289,0.26304211386419507
1.5464349403255373,1.0632212179973548,3.1350176805506846
-1.2651288975484283,-0.11876752051752204,-2.2039690262477882
-1.0759406636450026,-1.0569402679193725,-1.9582000879895023
0.3016978420070799,1.086078395729153,0.5326496979051556
-0.5056213254239268,-0.12707454166637816,-0.9742528604051777
-0.40095284829138617,-1.1324882177758882,1.095955484275997
-0.12049191853356012,-0.14708680921403805,-0.6389989033412651
0.11174970389872305,-0.5666045990383385,0.11615080306182987
0.65370348883047,0.27263979181109194,0.9753643455602908
-0.11239006996232179,-0.964715418267299,-1.9159805613786467
-0.036396081557989894,0.2929152778660791,-1.3305005086313653
1.0917863505986045,1.9504452525126998,-0.5026936970859786
-0.5640104383949807,1.6410855325691422,-2.821541297971784
-0.7405759734256209,-2.115671070509053,-3.2923616707145684
-0.7407024695357073,0.07503227009996294,0.1267841897545886
-0.18695172609705785,0.08994322109866637,-0.7079447947422077
-0.13425144268284592,1.4803187628681185,-0.35349080217550644
-0.9421407044883138,-2.012862977676764,-0.2229306432690894
-0.34947212171601505,-0.9986170015348161,0.9871443681420906
1.5568594286354676,2.565036980988367,0.7807528817560523
-0.17530733087423347,-1.9906082366572087,1.7719511049871788
0.6083751648646885,-0.12229905263787255,0.9037424232905675
-0.25873443861095463,0.33861172848767757,0.1634502739302025
-0.00933703909370001,0.20895786662977808,-0.1445234657944356
-0.434163470481666,-0.8607183124471446,-1.859483742697903
0.8559133564061894,0.6373413624322227,0.7573286398076988
-1.4094920982125545,-1.9785976782521413,-1.0873647054032423
-1.6551186692075812,-2.064350688948727,-1.103336579384886
-0.8876985876958601,-2.283625552860276,-2.9111971255247875
1.043308468071149,1.9592004974137174,1.2860279649993125
-0.02891720169630842,-0.4056478732832471,0.3258111324230193
-0.20389305667651839,1.7317426003103302,-1.4632836207545112
1.2012773527774547,0.39526192617306455,1.4031615116525624
1.3942762910325122,1.98707571103072,1.404810086205994
0.9620518914973345,0.7709064617204594,1.2225922858308316
0.40515469419176525,0.35915217943447986,0.17156338434392865
-0.6109289922274597,-1.2511433157955054,0.06571774759271054
-0.896434055902201,0.9859904743598666,-3.0209657437027575
1.1151423956081254,1.270588895146242,1.4889546719718327
0.8398123332904637,0.47170894180807327,1.6227263321193188
-1.9184028260162336,-1.4069786828796251,-2.4596309667778575
-0.9287551142796283,0.7538668282149329,-1.8322749909074685
0.9169016619790759,1.8165734435160141,1.3410554691515402
1.9895696179252724,0.737514563581326,2.0320772068449493
-0.014739025650086501,0.49702866285621067,-0.19703326570605006
0.9701016794324112,0.3503489943603255,0.26446335574060564
0.17035296784611656,-0.6989718141629547,1.6141539267301637
1.8524097456980688,2.6538620720517065,-0.5399166949184173
0.5159045359162323,0.32304268376882883,0.3409573886879584
-0.14106116114990525,0.2878413895509672,-0.3504034726546181
0.4046054098660006,-0.06287277615549192,-0.5540119270187043
0.22507007933180861,1.4687374868516951,0.0733946100200498
0.7030639076941387,1.1844456167962552,0.6454585353494574
1.301691548709269,3.3882409649207808,0.8308032280567601
0.6123879485126478,0.06352924821062078,-1.1195109089848032
-0.14950788953077052,-0.387608804028153,2.6723210234678043
-0.8033775624145559,-0.4723083349130858,-0.5477310375758169
-1.2857379452430957,-1.28709323220702,0.02661253204380487
0.5454628678696478,-0.39249479593554115,0.21783695067208436
-0.5156543907073707,0.30101036378123536,-0.8603889451576414
-0.5054227945645977,-1.551637445967796,-1.7095735165454178
0.7522124605697443,1.673938670389422,0.6318691771774796
0.7689894535997496,0.03592287097099578,0.8946893180623767
-1.124525829131224,-1.7228357623645392,-2.5279240530980056
-1.1261693968010424,-1.1930102854992857,-1.8507093942442623
0.0035392599071365507,-0.058390421134302324,0.8489598189131393
-0.33561290878156635,-0.7705081470278019,0.13026896585876835
0.32609498747133153,0.5866397630716909,-0.6319928076402335
-0.44611484262889467,-0.7078702007841435,-0.8010954441673659
0.2658908866463477,1.0921761682508349,0.11325273206382139
0.8487752832640043,1.5453889216100891,2.2803403699204843
-0.9374042330191202,-1.7122653761159987,-1.7070569150908925
-0.14487734141077585,-0.03865062369536944,0.7315559311712341
-1.418157752208461,-1.401489934204977,-0.629026631649718
0.9240231875399858,-0.2640586041583002,0.9245140151467349
-0.9689815754940598,-0.4989858379328592,-0.49533770616766587
-0.1627334451770158,-0.6907326940215567,0.5739818732155275
0.7985639482709401,0.2980656711924169,0.922836506125826
-0.4579443266161121,0.2809534687335548,-0.08041589168211749
-0.626435570607345,-0.07853586726645712,-1.311352603940629
1.5770671734764192,0.4504217302439024,1.4024465910913602
-1.1627921028735784,0.6210953519989055,-1.8518038458041932
-1.6432378796780516,-2.5466897845214462,-2.0005076605331134
-0.4143700129960113,-3.705186355452895,1.0014408986599104
0.9278978702065531,1.1707150886085829,1.1220462547735748
-0.5221635500195592,0.6728875745233673,-0.8189812220947428
0.7121708201136049,2.4560255204123758,3.3749774523865956
-1.4780492533296712,-2.4214425557759944,-0.4212177540445692
0.7357593743445364,0.272009186665252,1.1047080889496899
0.20440892632222105,0.25040565907947576,0.6533000489212303
-0.6858795162808754,-0.3229275640015544,0.1955523381362565
-0.3760301866267924,1.1137597313533432,-1.5660462417808234
-0.2259927501633345,0.09650164071709857,1.5921216214664426
2.3754104078229616,3.3881387784930963,2.227524389422519
0.24512498299608018,1.195062007543931,-1.1430004624322496
0.5499083191396468,1.9024011238026133,0.4533155698793737
1.8594680190006974,0.8832579506232645,3.2741768587449838
1.014463037009839,2.143735230160379,0.48983496074371113
0.23234458415990278,2.038379468092428,-1.466060132154954
-0.7172601788188574,-2.4871465463647695,-0.8318058593972308
-1.0844689732538595,-2.922759937741496,-2.5543455031415867
-0.8146223686520306,-2.2636862666034814,-0.07562758919147983
-1.6987680022635847,0.696387845011702,-3.3036737518828625
0.08662612032790958,1.3794980237817485,1.0721832804742708
0.3950851944728284,0.3940399455193611,-1.2254053486739922
-1.4960917489296617,-1.0593723338284615,-2.0840029907059407
0.3744146377925089,0.6019013132236144,0.380146451886134
1.4851695816148813,2.044699309308223,2.0558854366191657
-1.619406863142102,-1.807675369284995,-1.8501728386058767
1.1172473419404794,-1.5897454697454187,0.0774710273677377
-2.282256913321804,-2.3899150296020375,-2.604865246548309
-1.6513259530394349,-0.00333285582442322,-1.2605000322456277
0.2509678336300132,0.909898702422031,1.538789155967147
-0.5867726094495044,0.5635937335574387,-0.739904380969046
0.14768387256700566,-0.0021974498268741705,-0.6337913891690118
0.27671961889933416,0.7712302060043427,0.5458602509272621
-1.0080756972621245,-0.7649996973403973,-2.6053765614473834
-0.39354266786561337,-1.1399290869341823,-0.3556326836394243
-0.1163647801624901,0.11795498823984293,-1.3995796124989817
0.7636429408013754,0.5825963150275333,0.8617164599786794
-0.11163113780547347,0.48391509671400185,0.3453527049283017
-0.21285471442061846,0.04889708632659731,0.3134856884637476
-0.3451571688257011,0.4357667165087232,-0.915233352324349
0.03910073632658181,-1.4173921220366374,-1.094611303011605
1.2619897631586496,-0.5528707763245642,1.1191936044857334
1.1718256951789712,1.6578572162648106,0.8442411187120316
0.6264544101129452,1.5857923204743396,0.39142405969650795
0.41811783755947207,1.6945735888795335,-0.0020494043227258785
0.48735253660377376,1.218696126577711,0.7563131378241112
-0.5421267437550551,-1.9114934478383212,0.351656009031
-0.41091537468742917,-0.30747218595098713,0.10274038305852745
0.09158894834082618,0.5680984816449219,-0.590008526736162
-0.28945970466174886,-0.5541331514863965,0.29789789618492646
1.576952967996146,2.3221119695209653,1.1510173736389697
1.0041737652562566,2.174349672606622,1.7521197507841793
1.0672477677064303,3.919392542182508,0.33554474604002127
1.1155460157216297,0.663665393266642,1.2287385141489793
1.2063325089205597,1.7077082772407288,1.3414334169375435
1.8681501601488686,2.9792564206220344,1.6874992369646657
0.6320588510801579,1.3315360835666117,-0.027647083852443743
-1.6787547763712143,-0.8766093694193078,-1.604230440088286
1.5960362489759103,0.2109335819980247,1.3898560917872795
1.578091429661715,2.0024789494743946,3.224025798406723
0.5564482308473916,1.2777600011835228,0.3577073737888813
1.331663690656704,1.8796013179577087,1.3461807423773544
1.154709190809264,1.192391654443762,0.496185077455226
-3.1734247435248912,-3.618731276522126,-3.7302334600287166
-1.058850366768428,-1.8906614445924905,-0.9582218254744086
1.6572232836505292,2.477337678965436,2.307415733065951
1.53304761474978,3.810672445044494,1.239569998073389
-0.24954099627013898,-1.2142165452057396,-2.081007300524294
-0.8199792364294559,-1.7053527856971331,-0.881237817530995
-1.5913924775211636,-2.3357669109979433,-1.190771725909765
-0.38233028913918166,-1.5796554589048517,1.2726344094713733
-0.26226457129125763,-0.6806142469182762,-0.2807603094321286
-0.4406561261241719,1.0749463223279179,-0.2959077198115055
-0.3646833931556935,0.2021059343516663,0.8865592503334907
-0.08377836163646331,-1.3270618952798081,-0.16026122321159134
1.1455187198551262,0.5714985410848804,2.9730372397715463
-0.12867323693034347,-0.19778607611462515,-1.2199901321569782
-0.044752828966615844,-1.6270547289047428,-1.4014935023427069
0.030395572685375048,-0.5120417665277812,0.34439587780433867
0.406792398125997,1.2907930102745535,0.2771701966867435
-0.8379505206681296,0.0287598745303147,0.5264324323663004
-0.10458611071579187,0.6019662606317162,1.289681494658427
-0.8589762311633279,-0.24813600374341271,-1.1360082232936932
2.018918908770383,1.558699563290011,0.07906835553114022
0.140449396920599,-0.2600514850133249,-1.4370904020025717
-1.7554604275207237,-0.6147116288575438,-1.6355479822410361
-0.5826480904283157,0.26119726151844924,-0.26021149306058333
0.15589026482929205,1.2661806475643578,-0.8042954442805645
0.6997353054791409,-0.9699410880287118,1.9441386969376282
1.4294398156126893,-0.549733627923886,1.0257716066763196
-0.9675643437440632,-1.1305259206541254,-1.131474334718791
1.0950338754131483,-0.5966832536181159,2.9930802628764632
-1.648856675297219,-1.3266959340786864,-0.16405518433917488
0.6068568110105859,0.49368023858202725,2.657413285681196
-0.4146161071244691,1.0218351635370766,-2.0631182580540486
-0.28935916479801155,-0.3519911371086679,-1.177770262323998
1.0139943783006433,1.0307757229061543,0.7214609535676293
1.0980796424114143,0.48394767222609825,0.7237077756223288
0.028348206936840425,0.56224649504834745,0.4442857146764418
0.07635653924486631,-1.5429931446522462,1.2537741902415305
1.6012153814070789,1.3846886028711123,2.8387545663749503
-0.8292265006769095,-1.0156509416540938,-1.4385274164590736
1.457198491680681,2.895850070424886,2.546723328451449
-0.3507943372342804,0.19847254533686037,-1.225219626129003
-0.08366789013860092,-1.8935696537895355,-1.630179497813464
0.39067430250095553,1.7844917929561301,-1.6792652480908044
0.6917030866095355,1.2167036282414951,0.6817391201883473
0.29443592655063433,0.001992841776801424,0.28335423762332174
2.460467936542208,3.5657530547670495,2.9815764407764758
0.9470975392390599,-0.03365231967172877,3.59172443842207
1.310297588329971,0.3739036951756546,1.9474377272470837
-0.23104591302758196,1.7148513314226805,1.219836986760929
-0.027086343905386383,0.3034725150304082,-0.7938711492636886
-0.9312662478695926,-1.9297480772085385,-1.4209205327649383
-0.3534368902255734,0.7366782724289651,-1.0627777910323064
0.07816647311263861,-0.8914619791271118,0.6595851858648292
0.8120928171285284,1.8592408391298145,0.46880908904462165
0.7929940545994616,1.4026323720485263,-0.14742779787393656
-0.07296236428415927,1.796109761748788,-0.4702985528324412
0.9924132428826562,0.5565254888614819,2.006998373468602
0.1661292564880791,-0.06541317472397443,-1.7761246418707415
-0.6666651202229223,0.8190060592274491,-2.0811978264958118
2.369315199966486,3.231624978636139,1.5182795423136
0.666670344728063,1.2091058745257466,1.191224230629515
1.682764359176191,1.760256983260203,1.2256770294776742
-0.1968601958262166,-0.35709938094693994,0.6501290706697873
1.2002491619689228,0.3340590818778859,0.6534996548159296
-0.8528750146201949,-2.2915966317741217,0.4389216423273148
-0.4544889192739152,-1.5570207980175614,-1.0574691085738115
-0.3853970758129964,-2.3050051056303564,-0.86288543157099
0.611620163802908,-0.007603017283809299,0.5968365497790964
-0.415123062537128,-1.1047102469458996,0.1697252124109247
0.7801821688724893,0.7682156672736794,0.9807353571879843
0.6015844703805885,1.7839467056584772,2.7388997461967
-0.4685464452623049,1.0282099324112002,-2.3842058406100084
1.3135830747412354,1.8986171600005468,0.7800787587027651
0.3589778309094469,-0.31963504632705164,0.45657358301777856
-0.016211301152518585,-0.7959181581708893,0.9687434934998947
0.8325250553864573,0.41702081317691087,2.4723831750187686
0.7733543690893485,0.8360955771822222,0.09796374063485469
-1.7334794275339835,-1.8324078325519197,-3.9458569003090593
-0.3682792592866501,0.10557885731949979,-0.38914953004900027
0.3644128538903729,-1.3394302984180118,3.144462913937687
-0.8383534895696672,-0.9991759302403566,-1.2463185176691407
1.6165234998552902,4.128345158629167,2.588996939681982
0.10747465475511768,-0.49605425278322984,-0.9244967104089502
-1.5356388005862758,-2.2874972905862943,-2.5512450102226785
-0.5429316143202713,-2.0130180475715176,-0.14914563817904747
0.6376225417363159,0.8963315314974105,-0.5984357855269966
-0.42057646925453823,-0.265492027518653,-1.5608508777210937
-0.812425561157232,-0.5604853274887734,-0.15916933575502412
0.05892302267284471,-0.18527732057962293,0.3159704686762064
0.550814715718092,0.4355135815836065,2.3184466505961145
-0.0020764158676627085,0.16366479297646078,-0.31497419465092086
0.2595309372514345,0.2495074648514006,0.8207397426567453
-0.11448197571728898,-1.5322009250514452,0.7266510089908826
-0.08046218846130465,2.8865292151416564,-0.9944452668912109
0.5830621588521732,0.7553396081055147,1.7957781875941492
0.034932468311378764,-0.7856864295542445,2.3739178076156744
-0.7469625122974035,-1.5270498445302314,-0.034538390375357664
0.46675870900846955,-0.22067311403790796,0.5430322863674393
1.1020125118121866,2.6944100075322317,0.9849604272743984
-1.5913026303323434,-1.5366535999661048,-1.717391158077859
0.4520105260256527,0.11333720875976766,-0.13588342778334372
-0.7211895112076075,-1.3767545361753626,-0.3714013305436075
-1.468259101374588,-0.6496970287113251,-1.3199197045180373
-1.8090270691942933,-1.0440785251476759,-2.1238968333123536
-0.2569669329835321,1.6534050422275626,-0.584664208452681
-1.5416645730017573,-0.28809072725883,-2.57385448710356
-0.0055671265023858425,-1.793827072632498,-1.5249463225960138
-0.27414369344863015,-1.5121779806566142,0.5956057926737124
1.2745553935408267,0.8571137086102094,1.8408975108335306
2.6130200697011605,3.3886142274511086,1.7840207810536524
0.6147690075147222,0.6487358656047004,-0.609706812206421
1.6045115360184568,1.8925288504331967,2.3948885748825854
0.956656833263455,1.7400446654039556,-1.3234615377591972
-0.043144819417331774,1.2179140320297823,0.12055329082821278
1.6521952734862502,2.2735436939469245,1.4692095355788628
0.029314260752202136,0.2996384151038078,0.5258204001655373
0.8447273625899141,0.6681895891479578,-0.36137317466973573
0.22188558422264376,0.5379217363980535,-0.9884896778426011
-0.5222623911750366,1.0835968799484883,-1.8357033555955096
-1.4249269591475122,0.7030167768330156,-1.8484901860122653
1.092942755799067,0.9263478792852394,0.3607488209242735
0.8773955659471945,-0.23058731512501318,0.46205653800713564
0.13136657999687001,-0.5808169541487243,1.7962193427128115
0.6027325487551715,0.04461393200767638,0.4154908628158418
-1.6023663971321271,-1.6848455134687264,-0.02226864343787982
1.1195220792296834,1.8323746744450655,2.277592777045575
0.8885658257408322,1.970974928293722,2.0159360775254456
0.6636874618404662,0.2053940686044628,0.9072129978935641
-0.3550504598662702,-1.3163438352847014,-1.2881654919144934
-1.8143706086895373,-1.1652233295173549,-2.59854521647566
-0.44584522536167487,-0.7585357011564067,-1.7483280192910153
-0.3895936054239027,-0.8162017948069543,-0.9016464733879996
-0.1208691693358967,-0.10031946495066922,0.08960046326910409
-0.012021044409460325,0.9290968581552326,-0.6085207630689428
0.08035204567172007,-0.13652294727872172,1.2295740322100035
-1.1018470557257802,-0.5110294103951315,-0.2855654183651736
-1.0899923448965745,0.18820498436781263,-1.574255271839487
-0.5663573542796938,-0.5358661581084728,-0.8387170288295362
0.5992991630995095,-1.3985985729166348,0.4736946216557095
0.3285160152210707,0.13407108727499345,0.2636266415927302
0.6649079410139959,0.8518614384260687,1.7554405358915908
-0.06291123169944725,0.16878120399652052,1.1515321148008653
-0.5385491703846743,0.03269814795238779,1.2957252808560407
0.9287083718849652,0.8129300734778728,0.22637939810368435
1.331841213058581,0.37868278597820104,1.2194892185456814
-0.20775465396196435,0.19518677751452962,-0.4378759453842729
-1.1936095812586955,-1.1060166094346848,-0.13828943354395506
1.0875921190515931,1.9501428948305968,0.893951532455992
-0.821306320394868,0.21052319331914637,-2.147688414475493
-0.8928509048208293,-2.10060071831027,-1.7789578752637454
-0.32064952133527863,1.078665534304297,-1.314147421009864
-0.19876568915107343,0.630695475579369,2.790037347726531
-0.31717875503539966,0.6717471893332132,1.007468361697859
-0.9910348410058687,-1.4664079544905748,-1.045681386489984
-1.7828030051947121,-1.2164139208333375,-1.504235975448402
-0.0161853112868806,-0.3091496193490811,-1.0276835450201007
0.9768101701819158,2.6053624253429337,0.3761981920821489
-0.054099710659217363,-0.8055276205452635,-0.4628083986211958
1.1031092105948845,0.6840789466666912,0.9347811315843387
-1.9586673903701086,-2.2698009445382024,-2.255137896495171
1.651648373301658,2.486904950694233,0.6568557611962076
-1.616882191488663,-2.2467896818263426,-1.8747243954109902
-1.770364512608744,-0.05194081762536862,-3.7593597210826957
-0.6994195244541311,1.042430746784345,-0.452608875687174
2.6327309639073304,2.100078993118448,2.628881738635847
-0.9689375943248527,-1.5346019425721762,-0.8578465285387565
-0.12606454624312388,0.1514508982792677,1.536540971914563
1.5490847640704835,1.7380602291081644,0.8401769167309225
-0.5082856623970539,0.4310103578790063,-1.5434809531011955
1.6537334983794658,2.72616322361471,1.627412024963196
1.6382137253693356,0.7516035019415774,1.5711408478383042
-0.005652902764925955,1.099651139023104,-0.31454602280061345
-0.6633767901585514,-3.5900706995831375,-1.217035913712094
-1.0592020394359563,-1.3113790238569263,-1.5784391060983727
-0.279196655627644,-1.0828750598596741,0.5589332355791881
0.16704968435007136,0.8350427312774396,-2.5769801537631225
-1.6207223682347196,-0.06641759164349081,-0.2790838565963969
0.4117833954748997,-0.5502513158160204,0.9156641413724319
-1.821082584373592,-1.9870700100485694,-2.1126024726943617
0.17735768064169521,1.815078142558764,1.5749954975542129
-1.2451375903312016,-2.3145431361709106,0.7078156145093677
-0.730173220929289,-1.616073569054643,0.7889090052146643
-0.29470363693379775,-0.7047408687361859,0.4418548217230389
-1.622621041681944,-2.8823774160939375,-2.223463011391367
0.5353681343315889,0.8253130143710642,1.4070907443241545
-0.10317969690107132,-0.9937842920963291,1.9101364454478706
-1.2695790500077695,-0.7898373526574358,-2.402767974522239
0.5045228534366293,0.6509486529192833,0.7359616473639058
-0.5670675522258258,0.056204812520570524,-0.2987466250499563
-0.07091285646807802,-1.5639758750592383,0.7446233466242564
1.021004201817612,1.4688474588037357,1.134108386776007
-0.040487361494625944,1.041967937251816,1.1385607834453866
1.1521311907034286,0.7277835072406779,0.13969666585003782
-0.9615737949281247,-1.2563109623469009,0.5682826701437871
0.033544781432393714,-0.9514248016583869,-0.8156472489646696
-2.321316647479492,-1.427678675189332,-1.936952999671404
0.49135899434880703,1.5103819244809813,1.646786466671866
-0.5886949153587141,-1.6522730950439342,-2.9660883165374847
-0.4517471102474446,-0.8156089687128114,0.6748964752150033
-2.4430579905434335,-1.8387088649848327,-2.8184965429422975
2.4056316159367714,2.898947250705172,2.2580152975735786
0.2713591532162238,-0.6544548663281213,0.7999238936110427
0.6412821928051151,-0.8588322465483431,-0.08152476259070318
-1.0933757797542853,-1.3699568083211866,-1.3649925708369803
1.122846396620767,1.7598071313405914,-0.7683135316185301
0.37442634983900597,-0.3145938898385184,0.5311642301424386
-0.4902698456068877,0.5706813249754796,-2.630862253598603
0.09909286104770892,0.752095360576785,1.0485095581738222
0.7135296816779542,0.39392178828945157,-0.38653634970842665
1.6794583458571402,2.093099231159117,2.3007979256156665
-0.894351090280573,-0.8430999386841396,-1.0452874334091549
0.16681379853763084,0.5357436165716699,-0.7887387119081932
-1.640592656109431,-3.779604409387241,-3.158400168156664
-1.4910173677938154,-1.8454124866381278,-2.0442017080401165
-1.2805241158232472,-2.8285239279752754,-1.6895371729517148
1.0877853489702336,-0.445386772173894,1.6495625352802004
0.882790754777264,1.1640934945964312,0.5000129167759775
-0.2799963178121201,-1.796474617222671,0.3208480595809706
1.2653956821079189,2.072027593006518,1.6412973269722204
-1.0334999844757673,-1.7895881310666284,-1.2449830437193958
-0.6498961794045878,-0.7343371628497083,1.2026062594468496
1.0192267783742568,2.185761344591997,2.9259226989933786
0.8922975017793053,0.8680216956348751,-1.7750961342537552
-1.0148618743155597,-0.9986231817506708,-0.6570714464233032
-0.03371502840721686,-0.7086059788572545,-1.2660765552249988
1.4725395645497037,0.3296432342625797,0.8551931627807594
-1.5695123542115612,-3.1644365475625067,-2.858218361431428
0.4161821174140615,0.24660975361952941,0.022938256697272008
-1.2005337056832972,-1.6680567557808295,-1.4341467490580033
0.18535500694906554,0.7503702148937661,0.6266414140900298
0.18165804477865866,0.2652408783945083,0.9266908841708666
-0.3599735562543165,0.6319469367126579,-0.6614631706233745
0.760111260922012,0.49403064881031056,0.7509823232969209
-0.029460978757684077,-0.2608540124968511,1.068256269009209
1.4703913930012582,1.0673891824876136,1.8092956494351708
0.37244605979035506,-1.986320012823649,0.7762245792385414
-0.27807544264062667,0.059839631208331245,-0.782444402827418
0.46159587023675375,0.1504192429923793,1.3921101370804316
1.6151795978352013,0.8563517432182959,0.08529933078963192
-0.79460787345433,0.3516597107320385,0.4835345290494628
0.5835148422165548,1.7499368378984004,0.4390386047968728
1.0514422412290434,0.9903501439442497,2.2854781699063347
0.13433414194495102,-0.2419634378938395,-0.2801041267550604
0.10883029336299249,-1.189314172837047,0.5401753324163746
-1.4419629202323174,-1.4246534666583295,0.8029424629867135
2.348116046460467,1.7618183427214364,2.3961717743788635
0.017146929430290395,-1.5871152899366998,-0.06729197360715153
-0.950576244538422,-0.86152933897247,0.4743440231663023
0.05818331259946635,-0.6880513341284269,1.459558786337569
-0.7276052307793014,-0.8885171194185956,0.7201398044437995
1.4156905965342446,0.9628781208042096,0.20502402279250975
-1.275695072235532,-2.1465804528539776,-0.8300836736735635
-0.48791074278774765,-0.6345306354002347,0.41683958036498386
-0.4745433863319864,-1.4847895307718917,2.0402358635809605
0.2364324201773719,0.17285562168065963,0.4297494464135425
0.5256162844946967,0.803487985077735,0.9954516470433441
0.9690422955543125,1.9309369526134552,1.5403225115556314
-1.3060476439590432,-2.7257229957343108,-0.1911061260454756
-0.7019232241094517,0.13787982084961914,-3.669749896737688
2.83654403118667,2.5000590924960164,2.200316649267046
1.3165749675378302,1.0301024070727567,0.7762867770054807
0.015473734000885832,-0.3092199543548782,0.6722079517559764
0.006336788698972062,0.07110318599378314,0.7116910887316055
-0.3519538748464997,0.8961086184123528,1.356482922826697
-0.3332774410755649,-0.735158340561846,-0.23319117103901793
0.5774199780688302,1.1136999778657515,1.9476687125492735
1.223355458600522,1.0835740170873616,-0.17971331200956686
-0.5048375521601034,-0.40514732390679564,0.6828426648815502
1.1946613584257653,-0.5337414160354017,0.6016096396531824
-2.0820327009434085,-3.301734483842954,-0.7663279809985504
0.30399260902907077,-0.5223964512041714,-0.04176602144018288
-0.5512308924385166,-1.7656592267856928,1.3376689990682555
2.367637086960117,2.594957256824788,2.012518589924543
1.3844703671532375,0.6123445939009355,1.0228147803048073
-0.6336252307199508,-0.03819012197850813,1.5370359418114885
1.6499075705191144,1.3187354420412813,-0.04753406707571983
-1.0256242471390613,-2.548457909953543,-2.4996996454219627
-0.5411536413575146,-1.8248227598961804,0.049768736119559454
0.8455886934842964,2.4568805009815122,0.3940314890971355
-0.9193959968531829,0.4308942680978718,-1.8577662992834125
0.38698606003573804,2.2453322384054997,1.4182301690324715
-0.5813429355019747,-0.10781254894141934,0.33065851600023655
-0.018682453201884785,-0.09537962687907237,0.8058519270177678
-0.9854235111085574,-1.4283657329190074,1.3639349321604894
0.8539270653499382,-0.2512975401637427,0.165653812064689
-1.394791022634483,-0.3676776377944808,-1.5471449977851237
0.34518896079706485,0.7556710765767458,0.8981219999981287
1.5933274528777401,-0.677693206720658,1.012086553758977
2.56936235157398,3.817613172420619,2.2701946711738037
0.49821406711292754,0.6612472832912502,0.36399549027566436
0.9105469171059164,0.9154936150748776,0.6641203432682246
-0.8432863328186033,-1.0804571484567338,-0.5393175596539515
-0.6407964901877078,-1.2948189321618155,-1.0149607085885015
-0.09487640751482265,-1.0155627346357623,1.089269000685492
-0.22092843842010834,0.4282128600595546,-1.1989640134908135
-0.6572811116126024,-1.3344658628146082,0.6397957800361188
1.8307721029855293,2.7919787269142997,1.8753451798469718
0.02615621105405591,0.18975935678014857,-1.3200353776877527
0.4524586020267546,-0.5525231794901487,-0.3152865511801557
-1.3720609673747453,-2.55106441389315,-0.6683505959232983
0.6408719052595364,0.6280254273537199,3.6127297822127713
0.8744597676876038,0.19299762174546953,0.19438767118141886
1.078121629782655,2.558785167083575,0.05527855647566948
0.3536151080658264,0.19969760178025436,1.0368856007681777
-0.14529125250115482,-1.4668173993348037,0.26407565498970365
0.2691640127550137,1.0753663439283105,1.4381317389999537
-0.22924474235008468,-1.9534932254566009,-0.007964545922390737
1.6342819343674675,1.3954730233882942,0.799305195209985
-0.10840450656995301,-0.6508634819309256,-0.04612008052622023
-0.4442474111951196,-0.44990462261821246,-1.2393660248571086
-0.8304096266666521,0.22821943220600271,-0.7009265638601146
0.4170873940244386,-0.5158292366384195,-0.28231728297382574
0.24098011985603326,2.028402491883837,-0.24631281983864425
0.6527724874877503,0.10642132398278237,0.02495380454901297
-0.06156698536105853,-1.7421137879286537,-0.12418968185040075
0.5339215849658062,-0.8670156523884299,0.32202785267566036
1.1119994876399157,2.3146051266770717,-0.7013579259949083
-0.576876242627109,-0.4834034863057469,-0.022864571344202722
1.2017962192052924,0.8668176979915092,-0.16157922126583135
1.1946518284471492,1.4384973877602174,2.664691092674463
-0.5257045708611855,-1.547451890542844,-0.6450119286022808
0.11761782279993617,0.626872982564232,0.11136082431219246
-1.8732505877503125,-1.8481579440666471,-2.8182348067271787
0.9492216885069099,0.7489548509258674,1.5828609816644488
1.0946417942691586,1.7328612485831418,0.061137449584570236
0.2746923307053497,0.06391993908547097,0.4947346332427348
0.7075068834911068,0.4825245193463329,0.7330410306157109
-0.43654725763380675,-1.7551195787795002,0.6348082849455834
0.10165223955720808,2.2141687905142886,-0.404422037507788
-0.07038755019814849,0.19039753147254793,-0.2159215507187501
-0.1604284455221868,-1.7721763035760696,1.6196913814897695
0.5586585345079954,0.3962180052514136,-1.5204267450639053
0.25377468985978635,0.705068165319042,0.02230546002170619
2.019741454584577,2.6043931191706737,0.7208676918998325
-1.4024685129240746,-1.5583066960099972,-0.5943185628533092
0.6396139108322624,0.8610508620686049,-1.2871699360595508
-0.4462382188890282,-1.7430169110532967,1.6295516931201777
0.09649337689187223,-0.5207954061505757,0.9810223697077401
-0.5616679412829237,-1.004590759336156,-0.8471509237732862
-0.6532434931230501,-2.6102370389767704,0.6330970875231735
0.03637541441540795,-0.36610585593937206,0.3465582489172555
-1.2099686793377733,-0.9113271330509374,-1.1570894664517768
-0.4328827987252417,-1.5420821883788558,-0.9687625241935739
1.023857474605839,1.0586714253988245,0.29359822636253874
-0.023816353301981882,1.0600894147420656,-0.8835925589365955
0.6652575002966038,1.058455169074851,1.4538105100163459
2.2308791705899353,0.718857242131381,1.5708032670587224
-1.0456646525503865,-2.949336917986234,-1.014427087132706
-0.3335446777394593,-0.25870621106179936,0.5749429259582648
1.1194991527471367,1.9540497305866014,-0.31310200311765235
-0.861637547762687,-0.8700498432456473,-1.2773069563963608
-0.5355917179762102,0.559883493564542,-1.3437456661440095
-1.4942072633438976,-1.0824115726146912,-1.0435976936815536
-0.2312945382796558,-1.0328569407323427,0.2159934216843723
-2.2406523126652753,-1.7381778520074598,-1.8247867908049706
-0.48968823020142926,0.18153903130706506,-1.67300631021679
-1.1753579710062545,-2.0626204742595657,-2.0233023727647828
-0.3039848152511789,-1.5830910654542028,-1.3965730417747624
1.0749980407513657,0.6089867608311985,0.5143018044839565
0.5108074038696698,0.3177262375728146,-0.058978036881176754
1.7681710224789005,0.16865088197726874,0.34807116219248124
-0.8503015729218302,-1.1160584066616575,-2.234427448756922
-0.08103635782370983,-0.7555038659101538,-1.5619975355692504
-0.8780058976392746,0.28368779848323045,-1.4457371857060433
0.7446170466609159,-0.49488292834324765,2.3231933439414654
0.24218804502071806,0.6817542763650474,3.00138837593045
-0.6391317811400993,-0.8032554496971537,-2.2730323788773665
-0.8203819360691598,0.4219777117993164,-0.16877254823933274
