item1,item2,item3,item4,item5,item6,item7,item8,item9,item10,item11,item12
-0.7682428630204622,0.521999430766744,-0.24637898145964932,-0.22346426931459074,1.3006360365915453,1.6976704627675265,-0.19646186505223817,1.5613032837902465,-0.009671480356221673,1.3994095818677084,1.6830587292939125,0.7182161087531322
-1.1263275980303336,-0.7010623611025777,-0.538973404347282,-0.6519201219706118,0.5361131562699069,0.03223191367901432,-0.5217716224042769,0.8266068094983966,0.7238665779442577,0.3171984398998592,0.471212143899286,-0.3543994133787265
-0.5622852256627656,0.1576329221812781,0.6235971500352504,1.2731063584027908,1.0063563902175143,1.0111606743572992,-0.5205772842433243,0.168977430157759,1.2185795220162894,2.0614890522179676,1.1717736767540312,2.2199813410679914
-0.02914062728069123,-0.6094406896643648,0.40806449182746535,-0.2754689626983772,1.5673172556192327,-0.07245863061236935,0.9342841790086927,1.2467758101126385,0.10246565275152436,0.6621731990330335,-1.1798305514434881,-0.6326437849040895
-0.2397495365085363,-0.9097015605352465,-0.9416806891605138,-0.46362388759402534,-1.4659917646764131,-0.5471780114071537,-0.18567568085108505,-0.9282864890644662,0.7551748606402912,0.6316591988279026,1.3901799335468659,1.402880017615553
-1.8209044336396956,-1.487616884032568,-2.4517279024654774,-1.264244104303681,0.3775362173576178,0.1830474221035897,0.8243145399541857,-0.4686161347830918,-0.06957223038610655,-0.3511723019069464,0.3379095092951643,-1.0399283035957043
-0.5552414080735322,-0.7596382883679486,-1.2842245857302363,0.6634263212886511,0.8891678926945711,0.5744174811958912,0.19187597496399436,-0.44502704019863737,0.012101144507337402,0.8397028147477865,1.0420622616642747,0.45754518253714477
-0.30960667669927067,-0.6168716022528876,-0.5550534428343817,-2.403764555101822,-1.0558990779951056,-0.2610407408588632,0.5376909498089064,-0.46329961037870726,0.7519486955574066,-0.3714374751338192,-0.08362260595226378,1.2894644088061225
-0.2336542913074692,-0.25050939553304763,0.2730355850414079,0.63493522406701,0.5501737425826092,0.45202904933148613,0.3005462509045532,-0.8169062891019699,-0.7065399893974291,-0.9930525404972534,-0.6176443919298817,-0.625132648147057
-2.1387290811992705,-1.3247920573465728,-0.47896420879936163,-0.8683739444354178,-0.5088563203427225,1.2502031346675164,0.5557373563843011,0.052329029897262846,1.507369600120874,0.5000022448179506,-0.27073939885485043,0.44590106924674233
0.4388590242541772,0.3941287693208936,-1.1509532773363107,-0.322095727902748,-0.10993456557349224,-0.951491635702908,0.3490017193767879,0.736304560601278,0.710863555749449,0.8584669391922487,0.8242195257014695,0.46035728986002233
-0.6238600796473508,-0.6131299474483352,-1.5525234621370294,-1.881110074335472,1.2694537010408082,2.407431810443323,-0.061604310570650966,1.4010420034310267,0.3502818439888386,-1.5877797207914592,0.36366874103569125,0.6453287859941704
0.32150652537186963,-0.34112665770129813,0.5973432176751592,-0.6192542021493347,-0.16441556613251546,-0.7965082574833641,0.459805309544719,-1.3551872633942739,-0.7372047863929899,-1.095804047424333,-0.7965220189762097,-2.2576799849625098
0.18797304546283058,0.1090736468909336,-0.194057517029044,0.6547461635900942,0.07737241987511986,0.16743481713158867,-0.24848771454134203,0.2692122776300221,-0.9977755902809498,-1.588700574973689,-0.5637310912820099,-1.9369966485067698
-2.003797869313221,-0.5144071387047549,-1.8341163485038672,-1.4294988598663823,1.6165336293996195,0.6996561688145233,1.7238057038819585,0.8614662364370387,-1.064241864853138,-0.09177532698336031,-0.6046031805411113,-1.095136427963204
1.449502259282832,1.0326749399628372,1.5961448935482734,0.32972794034628616,-1.3260964875546353,-0.2872038786714395,-0.5648794131849835,0.2484805861056789,-0.5387102391670888,-1.4953497197012762,-0.03114941403458038,-1.5286337615538206
-0.3882580584525818,1.401356319160648,0.7737028928502694,0.5770874694688123,-1.8853554931117489,-1.3066317895206618,-0.9966003715928917,-0.42287289393841154,1.6859973585137655,-0.6429573861913807,-0.4465835259977629,-0.01716379200161216
0.48284161015852556,0.7300824846377576,-0.45761666522728484,-0.09006134600905932,0.9951040500490534,0.42143049952631306,0.4450734671436182,0.02767055898715931,-0.36683919840471807,-0.16981770681797181,-0.5528876536925285,-0.3019667072217739
0.2367885221075412,-0.9394150779392565,-1.387270466419284,-1.6968596468719002,-0.3334102840716461,0.204764175682479,0.41748336338755393,0.4052247257443155,0.15296536214400408,-0.8371616835612695,0.33422706853532674,0.26111976576554724
1.5299173626776033,0.9398151967592513,-0.5424358768840867,0.04846545847414474,-1.3105203296900545,0.6936679027100887,-0.7398186912087025,-1.3991096161359053,-0.8302585668799121,-1.1237836755602642,-0.6119986840808241,-0.8042955968017382
-0.5590667513641863,-0.13821602804871652,-0.9428497648092671,0.6502391015594335,0.009409492859466129,-0.9411210165900578,-0.9594663975269824,-0.7107016137085117,-1.319985479010075,-0.6867073696184229,0.5557411276780989,-0.7600872315939239
-0.31771516014230483,0.4323910677764321,-0.04347396095257977,-0.4496568915279061,0.45217081330079834,1.178618557220743,1.3472512938540335,0.16897936224016957,-0.6307976951441352,-1.033670108093896,-0.7475199788821483,0.22631428371180562
-0.33762121529985156,-0.604488438982837,-0.8344009885761081,-1.8209218641787253,-0.13499822377030918,-1.1090522156882712,-0.5322748774857411,-0.7178343930565538,-0.9218234283066029,-2.197905887208384,0.3865918060809719,-1.821617994599888
0.7406649666589913,0.8445699328275815,0.43137038607909794,1.544735024581375,-0.19284528061499456,0.4736280053632946,-0.04361973336082777,0.1370553857841061,0.712165384392828,0.4039838033456446,-0.4182235696135443,1.2096871678395007
0.39651551054320866,-0.9520422365738272,1.0244341738610563,-0.0059051880301328186,-0.00835138933029056,-0.9531634750609634,-0.10107918544509231,-0.10676443029712895,0.5606504046269959,-0.23471616309284848,-0.5533005975506207,-1.3003456321880305
1.2740501174837655,1.7181581714018535,1.6847824704026393,0.908261205129052,1.0475961019013127,0.9504274279600539,0.8581663409947862,-1.0582448831123026,0.36510008925329207,0.052571575344779325,0.3850138257598805,0.4703709276539845
0.8459277242788076,1.4637029067479372,2.842935698307174,1.3842668656620822,-0.9267780006570334,-0.05195629065051521,-0.3298043856087463,0.08687836794913512,0.6156200199878307,1.1286587973947237,0.7713182607032881,0.06517697709583326
0.08207751366280652,-0.32717698023763414,0.5614183133299548,-1.861950677318649,0.2792339095946947,1.0626664801131405,0.5865106394325629,1.1320333343279405,1.406657045196177,0.07073651616300436,1.4818386568968225,0.6726991660913598
0.38327102477380065,0.8727743712502978,0.41321694946643683,0.9216931332324543,0.15404103171527678,-0.6218247174938801,0.053221642843264416,0.2636439608234969,-0.8961283222598811,-0.5208903704590007,-0.7022647889311805,-0.963224124331934
1.0184565623408979,1.1398852682744052,1.9367939300022594,0.6904358718676219,1.856929805619897,1.2659789114454247,1.8101124504186588,2.3718330336123734,1.375167192512607,1.7634577227085508,1.839313187975951,1.2212041524200128
-0.7846762190298325,0.6468838556920818,-0.1541785452822693,0.09353262179487154,0.40003837612648274,-0.03483364423015961,-0.7080170465645805,0.16120883916954337,-1.682494746307246,0.10512572230421802,-0.36020832011081094,-0.5634995206720466
0.5888750210303927,0.22413661948793256,0.4522994426617657,1.2439641698108361,-1.5947161156920011,-1.9695711686528723,-0.9564253896279983,-1.07289619048468,-0.28900999826857054,-0.3697944576867045,-0.272275702086075,1.0581205635110185
0.9868936801786442,-0.4546719329316227,0.6770536412885907,0.218554934769295,1.5352298293327538,0.3689255671997811,0.8960565424657119,1.4118642115847675,1.548899997143764,0.7982332619632895,1.2084761630559497,-0.7829736316264079
-0.011041540623816293,1.1029491454485194,1.2750481802508835,0.22473970796021867,-0.75792345794035,-0.751890521827735,-1.0221512054203248,-0.6970888284620542,0.4064024192586006,-0.2172744766927906,-1.3386982685649058,0.35629678657961045
-0.6471246350070169,-1.3491563572426468,0.1820797181341084,-0.8249307050289056,-0.582617062679991,0.853835083604992,-0.8373651033244527,-1.1425711152229057,-0.13987878684419575,1.9105546971639789,0.16113916114337012,1.7239106920378044
0.2765700640203945,0.7607847200489705,0.922933573393222,-0.14653301413911046,0.0335992180486997,-0.039774850371941284,0.34136224140206495,1.1733515253881945,0.31773459450376257,0.17412422344257739,0.6794036591916899,-0.9560845625989434
0.5757555916881767,1.005804142517263,0.75933659654627494,0.36265274717172846,0.8332730250864786,-0.3260621891400863,1.3296690231341564,-1.4940208978596292,-0.4967277590619007,-0.2286944888454211,-0.7198913808069337,0.026480187784777537
-0.658438840835491,-0.6438563477405673,-1.064133041261095,-1.436560824405157,3.151602533453207,1.6937464924568748,2.463307585577294,1.4016751709701787,1.9790658562153165,2.5555337509555565,1.295530054141951,1.8543216023100644
-0.2825757285705688,0.44286233135741077,1.436780984384693,0.1392116845461983,-0.12116903188108469,0.11181195652431342,-0.5286642471685536,-1.0976234904694249,-0.38372553478412025,1.0536686626259606,-1.2458438424872187,0.17505171144108722
-0.4688438120742594,-0.19852960948374831,-0.03203149822937079,-1.4377885702642312,1.1502250424388898,-0.9409181927210883,0.7830100807962412,0.3157737427931445,-0.5803301450270226,1.0381697544262054,0.37229053834649406,0.24455122919115227
-0.9340410546695139,-1.7225260416707275,-1.5500852281246287,0.19730490456730343,0.9931687312519558,0.9184269935930006,0.3191940697470136,1.300526077586078,-1.2093908319499949,-1.0950482184956885,-2.0318164388623012,-2.1417399959348327
0.7907523734927112,0.2687847220595293,0.4097159078099281,0.21207154014378404,0.0765229035815671,0.46741274136553523,-0.9251510174379807,1.5386191945057284,-0.17078720928329358,-0.20719717318252087,-0.9179651255418309,-0.5180297721129397
-0.9773817090689865,-1.1842463458195085,-0.8251308949273191,-0.7697571316146473,0.7218913164607077,0.8124633796028473,0.8706575851122982,1.0895168732975733,0.4058619163303455,-0.020225807405247938,0.35998177336173803,0.5506852176001618
-0.7379572706966911,-0.009437893282308735,0.9806869198711912,0.34456397003205463,-0.37722808440980204,0.016718635266008974,0.5567867708148111,0.6300527204841473,-1.0211678596044789,-1.8854112306017141,-1.582145133956428,-1.2569408296446316
0.28737952902571207,-0.010848881013419187,0.026172418400668418,-0.5417522204443188,-0.29812797308237804,-1.1427427550755396,-0.5263949441985402,-1.659805240061639,0.5033624396027075,-0.18015579879545585,0.1320637815817694,-0.1928139318186959
1.9684571451474309,0.7188299149874257,1.9490529909294494,0.34213485767116203,0.25788097481202277,0.0824547675513056,-0.7609100906410639,-0.28695485208160026,-1.6188833464048757,0.03245159166846734,-1.1820677060370328,-1.6154599400041212
0.5612726688627595,0.41429506555937934,1.5562799296683758,0.6488584150054731,0.2802381920897118,0.2604825678061924,0.601292171910972,-0.6924662743630369,0.7902882341995058,-0.752815560483622,-0.6272682185471179,-1.8233442352752665
0.7254553848706357,-0.8269390068526545,-0.08480906069989902,0.12462101497521522,-0.4580865096189668,-0.640959034084411,-0.5556739911014575,-1.0818039299453348,-0.009064589698140446,-0.4828204685483216,-1.025526241280888,0.9803372490193923
1.2072036843798788,-0.4852035251650054,0.6174115429049185,-0.0028361748712042445,0.5281831506406384,-0.6410437962834694,-0.1772190257609806,0.5517460192461041,-0.9463705232806828,0.8075050280940282,1.414876770041135,0.34275180340432476
-0.3412655323465002,1.5308959636761603,0.2321125614920985,2.123542657968189,-1.5755003029557875,0.01996148275482479,-1.4000321650749363,-0.6235644414193022,0.04240938636884295,0.5532713530838539,0.04452684585884065,0.30339757341070334
-0.3216221841385759,-0.4686500351970406,-1.008049798211361,-1.0311042537030155,0.8794091134718823,0.862826795972783,0.972302306456116,1.0094152261750193,1.10714108577693,1.4610183325815629,0.5193715386418151,0.22078152522497463
-0.8923732284855408,-0.34431426663738507,0.8439562480694434,-0.39610004220626216,1.6070239050660633,-1.3353751310376998,-0.6371131896775535,0.2027676680183462,-0.2747486241382295,-0.39640572921551637,-0.5907253323165711,-0.1380194768798722
-0.9211647033798016,-0.3896807619522806,0.755688680382847,-1.2083656790988193,-0.10278176079361606,-0.7562015122793053,0.045906763480830226,0.15782826574707698,-0.8830126898365719,1.1589712293346555,0.7449515143150011,-1.0279045898557808
0.6592262561006674,0.36743273723216807,1.182201008501895,1.210289475289931,-1.2282522282178268,-0.7252750550612893,1.1306622467049277,-0.9433505963147333,0.007739068604976307,-0.0791327214188193,-0.021324520100579364,0.8412639210898262
0.40179008052408904,-0.753984434817121,0.01515103726804079,1.287026145662446,-0.9902971841087576,-0.5291057365758963,-1.3899043150329211,0.5156473768867202,0.0642783523951751,1.4627924673590105,0.5844986388435612,-0.1339446186439005
-0.680828031719515,-0.7846426980347203,1.2494411841418211,-0.606527609330193,1.7971387501790062,-0.050170734908280945,1.116455676243979,1.9217222780088652,-1.6758232350621425,-1.2578088188232108,-0.4517509073943918,-0.996906066665488
-0.7715276800691333,-1.2226442615811726,-1.0155791834983887,-1.4503316908105326,-0.5366172037611605,-0.5315805647366572,-0.1428292536187029,-0.7961667733808336,0.20439408934788536,0.2903694781629396,-0.3788583939603699,1.1098446492159724
0.06955459363843342,-1.689870858581045,-1.6838641943650257,-1.0562664007480072,-1.1909637555393933,-0.49228035896857847,-0.23380134221860516,-0.3394655455912565,-0.18769391102138905,0.8200420306527072,0.6110315820896548,-0.4911925165705894
0.12534283066938928,-1.0117660928063248,-1.332656719027315,-0.7967672761609479,-1.2368688137826762,0.060001640264746414,-0.8685488507826084,-0.14894131496507945,0.3263641786407012,-0.9170556291249293,-0.8473933418399388,-0.7329013814204663
-1.9385426568510946,-1.8494240105800077,-1.0076456338042319,0.3222078352610742,0.9702862873302589,1.7389761645594368,1.5193783752041183,2.515554537976934,-1.8909640728293517,0.1295347515091989,-1.5087254882254055,-1.8192295061493118
0.5094353147155618,-0.6605183840447211,-0.4050969475028484,-0.5986544528207796,0.7881632175599371,0.16851946148511757,-0.0854215772783403,0.04484601083440323,0.4073441583487629,-0.263820161508474,0.8620210118202706,2.1851251620434096
0.5357590406473662,0.04687804256353703,-0.10279338594247428,-0.8560193577618948,1.215424500708783,1.0403521977349743,0.7323011467281894,0.9261904452052757,0.11504973216250974,-0.2327400788408568,1.3329923311481737,0.4182528056329283
0.46945368145143385,-0.8377651644867486,-0.3830499775217201,-0.9932523215761897,-1.3107136460035784,0.23733026395225276,-0.6733347089603041,-0.03983153032459219,-0.9240251436098752,-0.22807544002424635,0.012163914504999929,-0.9882317641010776
-0.2527969237674846,0.42153333200507254,-0.45160017054087537,-0.4684433330673259,0.30510549154140176,0.01557057348263352,-1.3697422508516117,0.5827460670284582,0.19970818855050712,-0.1036901523648851,-0.5819013209631818,-0.21309449694368998
-0.4933305905678108,-1.690133432727146,-2.088454348114258,-2.259463043274585,-0.6263125472582164,0.1682555771637673,1.1595805768886238,0.5958513415128933,0.09075480912365572,-1.3132567385730345,-0.2608727016024751,0.40267773032366044
-0.09196345233651622,-0.7106705448944055,0.5728658125709924,-0.012428753321543001,0.28509239137579745,-0.7055823958147517,1.043405853532073,1.1160929484667264,-1.4156228725624094,-0.470509716083747,-1.1451178422475814,-1.068437813495117
-1.3181441556522981,-1.2669475909485564,-1.7277823876018568,-1.873273922062424,0.3030420117588858,0.20790182043144764,0.4298931119302466,0.2385795262728603,0.5605039887233682,0.9868205868825377,0.2577790409643361,0.7144892312554362
0.8097070702426563,0.8131037559189159,0.6919219347849996,1.4970568704513285,1.1224487002444063,0.27240857153495207,0.9309076384181796,0.3339191687271078,-0.48041990638900645,-1.0722209755375247,-0.2709375695128775,-0.36773458997725217
0.7755849134554176,-1.4719155525203576,-1.3481244413571503,-0.15268530298297567,-1.38518555074541,-0.2848725439623298,1.0680408774997474,0.32188936855955086,0.07824034912923482,0.7816179180583903,0.8033943870396584,1.4400328067649508
0.6599980894761788,0.861789848310318,-1.3676671118220565,0.2352416863496507,1.131574312692773,-0.468788465768711,-0.10235068025394414,-0.0692087144131403,-0.23525548104048483,0.9244312070033064,1.045994331337237,0.06327029325748734
-1.210695004292437,0.41946411311261284,0.5473421030373506,0.6008203399576556,1.9910847177533175,1.7940790796013062,1.3812590909089413,0.48420930875471435,1.3655678023809035,2.4958454602100453,1.3916387352391153,0.7458762328958968
-0.2963546155624587,0.7143224416192453,0.4798894989245634,0.15047005209365585,-0.6223779032282288,0.6937800274667725,-0.649467301437874,0.08100750137416712,-0.9995480147408637,-0.42692001130085594,-0.42337723140235217,-0.7495603896983275
1.5154317567712483,1.3848510837782084,0.5716456502641742,0.8097689725825422,0.017958089898843732,1.315182594478045,1.4422981388021598,0.4436607588968715,1.6378076700047781,0.9476605137146741,0.897127366510181,0.6668639074641443
-1.0499515480954797,-0.08445087371662152,0.3610770692091857,-0.9004548700545366,0.594529780871958,0.7102914489724897,1.200881006115627,0.2244242986761814,0.29164836233710223,1.2803802818287409,2.2329476876277443,1.4216017672000372
-0.2155694359658713,-0.39476829555306125,0.6787390577241053,0.537541713413692,1.0819263364172997,1.713961661986881,1.2551136541794552,1.6652239458533349,-0.8345979249180528,0.05866276484369461,1.08186814370736,-1.1824111617879614
-1.2472794830663672,-1.2092725750114708,-1.9298717585953136,-1.1544020006721794,-0.40695655518035373,0.443039192193725,0.4713459151463689,0.06203709796782439,-0.5378783712020656,0.12840970100162807,-1.368210482872893,-1.347302886134283
1.8283118024228435,1.3989368251180971,2.3776944204436052,1.3433026120282334,0.3193633921532437,0.4188278304163737,0.8182181710319076,-1.496087724678118,-0.18033995797277497,-0.6724706172446187,-1.13933923844304,-0.3668215628803848
0.16621346007978643,-0.47164157550821395,1.9035816918182555,0.2358105168662042,0.7889135898519289,-0.7349553872266675,-0.7568347797853618,-0.24230337060669688,-0.1010053057102126,-0.7810311324901732,-0.5489674615593911,-1.5878810134641443
-0.2639508042485932,0.05703890045561494,-0.8075199167926213,-0.40368899455793006,1.187891943017211,0.34171747168206335,-0.26341540626610604,-0.8915740312080438,0.842327048659649,0.5971980536094247,-0.13118491222007767,-0.6119423384602746
0.500504833159205,0.8050562353025291,-0.06514126551240196,-0.245914597365817,-0.3949390578590509,1.1147556758403558,-0.35846448134027176,0.7501683193366608,1.267433307254952,1.221813254834651,0.7598858246158559,1.818042725567067
-0.9668745294676944,-0.8570882485025744,-0.8361410974904829,-0.7293346884989494,-0.43617625556437134,1.1450943518410959,0.5379015501220625,-1.0352112246080207,-0.5754176787877824,-0.03420614063899122,0.12649685345316963,-0.06402715005537925
0.782647677053235,0.08992364860683733,1.2938768085920584,1.581250353238729,-0.16361724245202103,0.054258838898472384,2.154637520746532,1.0566240090711099,-0.7730531976965611,-1.2344314731874046,-0.5213194896342557,0.23840558435456116
-1.3876817065470155,-1.1897437683359293,-1.0559210808496704,-0.26149458710589046,0.6922880373360178,0.5694008891809017,0.2985247955075222,0.30675063656004237,0.7882156082413672,-0.4890377608247266,0.6703025027970775,-0.9874463970152743
-0.1551010343369006,-0.7835937878078589,-1.2917000160323402,-2.3276063153610727,0.5808050947957383,0.4905640961430286,-0.0034068536994737997,1.36574815999162,-0.2693646470048858,0.5266414498761655,0.15377354859121473,0.40226302048310614
0.5449583124877382,-0.4451595238850032,-0.2082832564567877,-0.6493675467908286,3.005148274252431,3.0106140609734457,2.671308738620107,1.2385695755944226,-1.340926174838849,-1.8112897364629308,-1.4760529657316341,-0.9047789154105782
0.7261687914078143,0.5794925613778767,1.0167160829499613,1.5151925478790074,-0.41916431648365754,0.09400225025272084,-0.7833957823834949,0.011869493894026223,-0.6317679160691689,0.1158882076497911,-0.08868814830934835,0.04180368344908348
0.08361044608471185,0.0764036719491167,0.3456590337700989,1.2803650691590884,-1.3921606198681107,-0.7217494154601749,-0.7856274659650794,-1.113840024743348,0.02586277634073375,0.6711138673597628,-0.689509033764639,0.6893565059402087
-0.4189449228954567,0.1946162709349688,-0.365308067417875,-1.0028702308594304,-0.17144008619537954,0.07032477243700516,1.4532548724260237,1.446609582660573,0.85093006689005,0.9708715972951942,-0.7094786995894563,0.8580752895268502
2.103552976672831,0.8974211915804409,1.0571231396649006,0.9066532532544118,0.35379290496768423,-1.8461659557357593,-0.8099605159441321,-1.5330317532346076,0.38742778744930195,1.120071881630954,0.5365466527648128,-0.31750552197162407
1.5716780173376694,1.5608303735374705,1.7622999083674482,1.2958456830115406,-0.30413795122343734,0.2901540316234388,-0.9322386080988606,0.05320914673418875,0.374841383870681,-1.0024127571519523,0.042508045002358386,-0.8382947732399965
-2.231570711838032,-1.2159196119527869,-1.3239283909492838,-2.9062665578756968,0.5112070331326659,0.6387472404273274,-1.2434902778759598,0.15422392950292385,-1.3536996411305342,-1.315473898564338,-1.2586413610745197,-0.9052296071247581
1.154706401594053,0.4879241099145567,2.0145997985343462,1.479007094012197,-0.17897741043415866,-0.45211615465790755,0.36557946112559114,-0.2231398738318634,-0.28464244805544764,0.8093527423127669,-0.2493816149290412,-0.07820709267071424
0.016789691148956565,-2.113027428057992,0.3689769884767176,-0.9530219770019779,0.15233585943227534,1.3980023431003938,0.1988229072658697,0.576814228038202,-1.2961121616376219,-1.1857083854406594,0.5150333407796852,0.9370072420434705
0.822983284133787,0.6903674227248223,-0.002829637292377174,1.0372454998337752,2.039710073423443,0.8737030450401587,0.31519440596306364,0.9352655465054054,-0.60780014332799,-0.47496075269608173,-1.4803754273388754,-0.7307450463592953
-1.6424334555692226,-1.9109829441414041,-0.8344336945204225,-0.4717258865311802,-0.9692210709561744,-1.650697865563921,0.19974191959703413,-0.35387196814272015,0.8061292990668325,1.434992073788405,1.6621951967067274,1.550017172874292
0.3749228142088605,-0.7211169454973381,-0.9161761950820844,-0.5461852035163878,-0.38903404287382604,-1.4883070543783008,1.0711397645641094,-0.0030682562100539656,1.9247027078583527,0.2661377950207693,2.3287747161155927,1.5347050986835995
0.28789424086849014,0.2042553828749314,-1.0148630285733535,0.18803442275186344,-0.06187357598357068,-0.7951133595663401,-0.5696786747853804,-1.1717822105319413,1.669099588667108,-0.6175689647110327,-0.37029856996856414,0.6650619818027967
-0.3322726697491755,0.004534218998737016,0.32005888253989717,-0.7013520371204068,-1.443632233180932,-1.1226219461840272,-0.025318958403706654,-1.4942376315495425,0.18569646071643214,0.048530161822571666,-0.32322275224487423,0.2080468822171552
0.4242180813798533,-0.22788379358633082,-0.6673666301880783,0.3100451545432541,-1.1578776870348997,-0.6328540987131817,-0.716105859160334,-1.152958433564427,-0.6054875908403621,-1.4156772626543321,0.0754613797555943,-0.9530810163084307
-0.6540052485587338,1.3248147662490046,0.9608699921777962,0.8284278436368822,-0.7038596134467995,-1.6455564923155321,-1.4744680598197575,-1.5074876369441472,1.3281199799619627,0.36078189537051203,0.9974219102341927,0.46756451081272077
0.3841737407060516,0.2409409049111848,0.7148486147770492,0.9953063388314977,1.7657299855734485,-0.12592154735545158,-0.43780228327960335,0.6659567875926453,1.2281520636172054,1.649631028962145,0.632490434643581,1.1661820953324307
0.37616459159910265,-0.3938992485853654,-0.36259191305777605,-0.052096415249552164,-0.04293363900665116,0.7488903818545158,-1.12179379882766,0.02041666433332598,-0.17817708045679825,1.2772906963853958,0.7803834486378419,1.161528057392806
-0.5486077994823335,0.5168465162036224,-1.9318876298106884,-0.20062616486879087,0.14731289499440742,0.17178163269657623,-0.17051324605878734,-0.24707183647936817,0.9744987272864905,-0.49516104488657453,-0.6168097183814845,-1.1625203935431698
-0.06961808547499138,-0.6166264728216472,-0.7479461968488761,-0.7300433335785598,-0.5455339405298045,0.09646453916863862,0.5447146380955592,0.5569947616478343,-1.0433688608748142,0.10790750385441572,-0.7264322417561228,0.31531612514843843
0.3087874513710293,0.41732319414612395,0.987189567474148,0.6687454043270643,0.4779460712537782,-0.6813294498068717,-0.7976086750827507,0.08118992399333419,-0.419691588282488,-0.9095845347785314,-0.6905153847312829,-0.9338453551920122
1.23322153292956,0.37803881251682603,1.378809567860774,-0.0536452322698624,-0.5623606840375273,0.054297045133177874,0.37061169835223295,1.1276326369228897,1.8504806914710383,0.07432539494225338,-0.1050900034390359,1.4626569899958333
-1.4245983276196337,-1.9797630300163234,0.4801609051198725,-0.13465224853672386,-0.6615940872612603,-0.05298862611621913,0.10189121393388595,0.36693159355410415,-1.4189967848535774,-1.0726097762213183,-1.8292245714322024,-0.4965994257376658
1.0892188633001503,1.7253503118356304,1.1591613273236003,0.37673496597989486,-0.1516269766299138,0.31805251326983636,-0.2660302674196218,0.562844300990414,1.4192790211429909,1.1121379785091556,0.787054887634455,1.666813869800055
-0.6406321527554814,-0.3328098442087615,-1.374877501990527,-0.3374179227111894,-0.9542259044346,-0.45508824907694273,-0.1265828213211957,-0.19353080558353364,-0.7986652979270381,-0.09737334774924955,-1.0265682267393483,-0.6588809013302295
-1.6120094680667323,-1.2572732919109846,-0.6834877436988045,0.522809581234877,1.2353233228940885,-0.4170566282015974,0.9839143215791564,0.7007816474388491,0.9873485326791882,0.15323495287386057,0.6729717431504137,-0.3428394074814382
-1.1317376532516956,-0.1378861008776261,-1.896827195154542,-2.129698395761952,-0.11942779008765031,-0.5393240750733508,1.3434539638313219,0.012924370412291497,-0.14796639619764224,2.3462797200043357,-0.5965133020868415,-0.3631771483370453
-0.8806978422787426,-0.03365916273450498,-0.7888381487277971,-1.5961368276166659,-0.8263157513828995,-1.1256736350662107,0.7402266882101102,-0.6418529116209314,0.6563775885928311,1.6236433420374214,0.6033356244362752,0.25164269630531366
0.5601844875254157,-1.2423813143317175,-0.3281889737122287,-1.037585659673829,2.624431798698935,2.391625122772507,0.5789748386932365,2.6016222344290147,1.0194400493274063,1.1189879700675651,2.0597027962573713,1.7868952963418174
-0.2938573620512537,1.544613658788582,0.8477169533934847,0.40993233337703333,0.36157698222860846,0.2086706010995844,0.2986306395294983,-0.14533599377305656,-0.44224946114763575,-0.3171788945638895,-0.24685957894692195,-0.49079784096867407
0.31397180294436855,-0.7084592767544434,-0.6558026239020025,-0.8837325558843891,-0.37447444903607585,0.46665054753108415,-0.5145959191303955,-0.43983472382571015,-0.17297264568455653,0.03450140142189012,0.03533959401921227,-0.04717620896657096
-0.2112101324356077,0.7632199106906021,0.0829336532418376,0.42134746896272784,-1.0397365879796374,-1.1043323662343634,-0.7811038756496486,-1.0831718778937327,-0.3603949736650037,-0.5060835926573132,1.2105186697526609,-1.0453589854330159
-0.45458856879106424,-1.3563545521211886,0.7909176883422584,0.5768608277922667,-0.4551408886562598,0.6480236721144671,-0.06809181226589948,-0.4804994877884232,1.3799913103605734,-0.02749814704999798,-0.08715975723830327,0.5341487813058114
1.4911976531393698,0.8815187122396815,0.7470246156071496,1.9861778936689354,0.3940312257275991,-1.3663637751150488,-1.752292319008027,-0.4193172103377954,0.9741950424202981,2.113205267126144,0.7759023740129818,2.1075519959405273
1.9170539607687074,1.8029475731103473,1.4520857342622748,1.426306368323396,0.09215665980383012,0.3353880077442267,-0.19962751340365126,0.21332069756506516,-0.38784430045724116,-0.5135259373787338,-0.7476247098886225,-0.8511265691389385
-0.2173672115921419,-1.0426522466133337,-0.2764510724849132,-0.8612598111484295,-0.39319517159847805,1.0432864358014033,-0.766310411748105,-0.1450372901701387,-0.28766982423820664,0.5420745723924685,1.7944062755419345,0.4853436352981863
2.500071898413339,1.7425528435564503,0.28529069683349983,1.4140576323737069,0.33315802011785123,-0.15128539244114803,-0.18141280624514544,-0.8928428259590622,-1.311245553676965,-2.1012660235125944,-1.31952181130521,-1.044271877127127
1.5630939586204426,0.9949342769322835,1.5463052422909533,0.8326762045293556,-1.054863660290712,0.5464893067936336,-1.9633230227319534,-0.3214146887366838,1.9613849476833176,0.27413706415242667,1.236349251891852,0.41157769533995703
-0.9855223430857715,-0.0349996140494718,-1.0546170590809694,-0.7190673619030123,-1.269407629442041,-1.0631304325191817,-1.337351306541359,-0.7872306277125827,-0.29837240546749744,0.5755469538316624,-0.6550736032554749,0.4432111518254689
0.3348728258526089,-0.01573061215295457,0.23621042178931545,-0.13651392926587513,-0.0245380314577629,0.9090819295796485,-0.642154476428407,-0.09206258642416915,0.25666923360127014,1.718720600698766,1.7465360860212336,0.7865325304500845
-1.4469681042795837,-1.2026878897671762,0.09915332125063347,-1.4329536353937333,0.8577968395130788,0.1666142504712334,0.13659389390424523,0.6306633029748157,0.10722150580788398,0.41132729394992207,-0.3897694475986139,-0.44359553086979897
0.4061112446058077,0.2220786439432771,1.3441184598902383,0.1227368241718236,1.042231029499867,1.3593103468150938,0.9391166604585959,1.2859386611450598,-0.9951292151796783,0.04595661853826752,0.031781326145720185,-0.1153392241775309
-1.435001023343046,-0.45103781310564817,0.5258093056488784,-0.3411199981172394,-0.9117458473090527,0.06306907151651409,-0.24143084617193372,-0.22922102606148398,0.44374058884710954,0.8890964405289894,-0.0720953420452185,2.1095494780103055
-0.5926611017588364,0.3417445547256165,0.7162486347731591,-0.2955596262090977,1.3488567965547145,-0.11174599075597369,-0.11174701859495006,0.40383430723488334,0.5801570877093334,-0.4223411835215479,1.0998335711054892,1.403442329846337
0.10423032226574203,0.08765721213929911,0.9776995211958421,-0.37220194387818584,0.9676156122639007,-0.09987988011127197,0.12475741395921117,-0.12366140792382846,-0.08634043592018692,-0.16593654473782105,0.6878841965780311,0.8375016482896173
0.6298058820247587,0.5692136295177438,-0.18581118566863386,-0.5039464775569723,-0.19771383707767048,-0.295068616887901,-0.8051696231882031,-0.2894481379712969,-0.5108745094705034,0.1925063762160686,0.34331126132364,1.3965454865503277
-0.45429576098972146,-0.057709887901330165,0.7263716627341161,-0.7797386914700867,-0.8359447933201666,-0.7485341162119018,-0.9888109383892357,-1.9266501078485487,-0.8861935633260525,-0.2788114101808154,-1.0487876879045426,-0.7898754707718647
1.6407100481954893,1.82155755735339,2.109746569723389,2.424639881492582,0.2265124377007054,0.1842544517793726,-1.5411132697618801,0.2030066506682685,-0.37370893993687593,0.8545901876859328,0.07454402502096598,0.014425329204273002
1.6102860086245232,1.0174902170126927,-0.2686457504254438,-0.5221093549312912,0.3883638324963383,0.1427560147963039,0.9569468786836389,0.4232172545554569,0.4069111415250104,1.0309497787624158,0.663640176184017,0.1157329161615771
-0.27145329971800813,0.492040224380521,0.612493993152956,0.04442883267370806,0.8594112196101173,0.019514679551808523,-0.7388003246348017,-0.3231614646837636,-0.3730206286848717,-0.05013335416022441,-0.5314526652750425,-0.048912126490846475
-0.5259920606727028,1.6190797152547944,0.5135140882649027,-0.04689462338052447,-0.5339996692822888,-1.0626042201146955,-1.4235483942767053,-0.9179738307857833,-1.4989891917763793,-0.5799876760487402,-1.096618143291733,-2.632565930651692
-0.7838564890976137,-0.2900243633363433,-0.05120109315841551,-0.3693371295359872,-0.1479545374455707,0.009538174408405944,-0.06907958316504634,0.3766896774311076,-1.4672378585759387,-0.3224802253317157,-0.3210289884262826,0.1053814098938769
-0.8033987283431059,0.310300746059298,-0.11115361950606262,-0.4239357600333826,-0.04709093753155025,-0.8041199986931366,-1.620443701486268,-0.8994929297019001,1.5094977222287378,-0.34152228606455926,1.22516609452957,-0.04170641131027808
1.6114041248299722,0.4924239476806425,0.6688776401168575,0.05365089150171004,-0.616568031214094,0.6794281378742896,0.3397529257651354,0.6103246188230457,2.5813184517418506,2.6855152217866056,0.8545541958337637,1.9962083532037096
1.11463548594307,-0.6023241256643709,-0.388002778953919,1.135745406930866,0.10709531662801902,0.19246249362079004,1.0271558940005732,-1.014489670780127,-1.1593282556558044,-0.929311113468728,-0.9163116108004341,-0.8544881239643578
-0.5608309347226839,-0.6720273060483435,0.23572944038801152,1.186338143426307,-0.662911778105925,-0.421615347111401,-0.3514309960612394,-0.9592101263891947,-0.6686177573679145,-0.8006993488117631,-0.2519672607177723,-1.1333058278842887
0.2439127064457554,-0.5102795332425153,-0.41708734241714174,1.0543043593504338,0.9502514614992744,-0.3634611866746329,0.6900372473410372,0.648047055795274,-0.9302366907474481,-2.576553759233967,-0.9329519992463486,-1.8482713312285717
-0.3938835881439474,-0.648809036235023,1.0697801864745347,-0.5219585389459015,-0.5289967754506889,-0.6317034002061646,0.0015377707925894324,-0.3702353155346797,0.14449219190802365,0.7252529247066565,-0.6335918713207347,-0.11750371151141634
-0.12234140425688489,0.7811709649636561,1.8239211482401225,0.7619233937237626,1.69919228910342,1.0330593872985243,1.1994152453056455,0.26456025818240825,-0.39328620835776223,0.3683364999462552,0.2743162505151517,0.4114079659807159
-0.9040920601206992,0.12009546370374469,-1.7574556369372176,-0.8079679861592175,-0.5013164787416942,0.5215584637052145,-0.5208643419799412,-0.5502852673541898,0.30474882961060845,-0.8590088928215294,-0.15716847667623124,-0.20266226483006522
2.482901387064521,1.041993317517545,0.8336558932192579,0.055939254654985504,-1.138732995247306,-1.4033304396901671,-1.0479826974688229,-2.264364419409285,-0.7267688471479338,-0.1569093267153713,-1.5132364181845352,0.8427041725918454
0.25490929916794225,-0.9217037540782949,-0.837476484628396,-0.9401550148406511,-0.30561906061456473,-1.2312822217256616,-0.729038835946892,-0.27792362050612046,0.3609587519965952,0.91024894864939,-2.2833987665267004,-0.9796537941517294
-0.6716091924321947,-0.24647926556582916,0.8848900373382942,0.8897314404336183,0.7072940446022105,-1.7860242499358723,0.20119393951263081,-1.1680660142694514,0.4755527132759651,-0.8155562399493149,-0.22518628104995597,0.9388090817297243
0.8458785707444217,1.5302714265739974,0.45506170192479317,1.0972738649955787,-0.5019448033934248,-0.14330329952027515,-0.5053783475958956,0.7016879666359401,1.2087221286948124,-1.4012995923843266,-0.3558160370614084,-0.3506944709313954
0.5808244943134939,-0.19711288352477108,0.3223005000083291,0.32233336077537955,0.5896098067427242,-2.1799144425128407,-0.9959680292616273,0.2318199192542829,0.21527508001202492,0.11722933094973909,-0.8287246527096885,1.2554728209559267
-0.5708968683858548,-0.6428959621534235,-1.1101486532221756,-0.9730903943393675,-0.7370551383231381,-0.9441260561694736,0.4812800701401293,0.4184944222531033,1.2176836540617906,0.5103563770205497,0.893361680637616,0.41173188719009846
0.3086752663517546,-0.7944922957650489,-1.1005983588128456,-0.36744833573614466,-0.5175393586569599,-1.0998398977351154,2.0319422946370618,-1.265871320681656,0.4567724367766579,0.21695609716218445,1.1085653080940743,1.323067469587981
1.2535978988071725,-0.11973596117168617,-0.1891791441001528,0.5996941807557384,0.9831681568190325,-0.013481180437972834,0.31124597667497783,-0.2818969154331854,-2.3824704937590666,-1.7238868910184004,-1.1604267744978278,-2.097626882814778
-0.09777388257365882,-0.21928400869866105,0.1959679808442779,0.989766419553737,0.3945186524071602,0.6896628120628654,0.600765527197124,1.431850672556645,0.4679163394463022,0.6198443277238397,-0.06695062116555739,0.22832404931675507
0.9041021230729116,-0.014419190423163641,-0.5119389142676415,0.4792140665575416,-1.0002755497554492,-0.15600239037719155,-0.7249492626663654,-0.943360970369684,-0.1767211559310059,-0.4923768894639122,0.6747446835272163,0.6254921851764966
0.20517655715240818,1.1885104113669442,0.20252796954554617,1.2468565965157397,1.037508219181365,-0.4845828780902599,-1.057094236624092,-1.5160279741647906,-0.3578401212896993,1.2648526605442103,0.23695177570873743,0.23823267935221207
0.5211636573307055,0.6204927846746711,0.03802471783910699,0.5104705610298962,1.4334254583145856,1.2586618757549755,0.3288608224462263,0.6165298697508406,-1.002247396010779,0.093684065982460707,-0.179888905939587,-0.45669146537919897
0.1825239147080433,-0.10345090921080963,0.20348059692488196,-1.1207313495860793,-1.140082032543101,-1.0773778605263964,-0.13655368031844173,-0.9956592041577348,0.19300668066628238,-0.6743078210600595,0.17396159224214147,0.03359612108912474
0.9344951820786483,-1.6251504596126178,-0.5089208387083507,-0.41730308685503076,1.6404814195532844,1.8968330202402144,1.1864573500324027,1.490769937772432,-1.7256613025945775,-1.13111284106971,-0.9643383427730499,-0.2948527262086709
0.2587788642231136,-0.2254441184793765,-0.02612865745247912,-0.4040419637528797,0.620340816318976,0.33469620920635224,1.048378163550091,1.059422374841194,-0.4224369899940779,-0.9146286973461372,-1.639015121357434,-1.8883988400445948
0.7672842764483897,0.21502528884263322,0.5641562113756925,-0.5211036667455728,-1.6543503937807653,-0.5599337920289027,-1.4511614942334856,-2.2991999549967117,0.6944879047788122,0.9708702349069555,3.1679033385312074,0.9935325207076737
0.7713967117822725,0.6072592620377726,0.8020807355833113,-0.05665539586846169,-0.30526693494310053,-1.309742745710004,0.4006736086946424,-0.35155869523743444,-1.213259755295374,-1.6945801911670983,-2.4066243882549285,-0.7013453224629093
-0.4816417955465476,-0.2827324772687357,-0.22421205233088504,-0.7562526102186287,-0.05055236192589155,-0.12709516609921961,0.3822073167906308,-0.04186995569619817,1.0173432636302966,-1.4364813754077028,-0.2458144547950895,-1.2592267914390918
-1.5695232345974048,-1.3755946578155245,0.19508124436251884,0.20688734100644646,0.15341540836639667,-0.5681398535339423,0.1432081909963933,-0.10093114365067402,0.5804853880021645,1.3353121497395555,1.0175305592529578,1.7993917232697694
0.7051848260794156,0.7971577279412285,0.23848477298591153,0.9491906085142323,-1.1627648097734098,-0.9868802504404035,-1.7759227289595938,-0.85884925924105,-1.3118117071628728,-1.607968641711905,-0.766237776928671,-1.334339291889194
0.6809544463200625,-0.13522717900086745,-0.8780298882060309,0.1351060825481611,-0.5204519479953186,0.12237158678684956,-1.2755627163411272,0.29457511661411395,-0.1250611542027209,0.41234705230236596,0.3599982839992919,-0.33553420722348215
0.7707036452310556,0.28618200125947424,1.189128748679711,0.22013042984230188,0.03387925376946904,1.2557520563274256,1.0409705527049251,0.955677499168086,0.187180865366963,-1.1572622856096848,-0.636558496378452,-0.32260234949999644
0.37245174625308197,1.1642192920750203,0.3610340640566514,-0.3751624480984722,-0.4098556568099584,0.26319460169619824,0.2557875562480343,-0.07021613821741698,0.16130225479159038,0.15343307676009138,-1.315945910881617,-1.0563744114338465
-0.3643231002025336,0.17290535285887643,-0.17329074051153415,-1.3268543245963809,-0.6556010633848837,-0.16121918545468783,-0.7392608516235495,-0.2484814857827798,-0.9034419747744976,-1.7536059696766106,-0.252749605793247,-0.4881492409210796
-1.4667003044600544,0.2607594290037598,0.2216670350524388,-0.18965284821659545,-1.2381294467976645,0.15493210262468515,-0.7033254179993209,-0.49639951012870687,-0.7475991417248874,-0.8858900301334927,-1.336047364295335,-0.09379290969921367
-1.5714284947285042,-0.0025513400808168107,-0.043894536100305304,-0.42384732883365006,-0.6338964536465305,-1.1610628865326336,-1.0283523738599882,-0.1565325845610911,-0.083808296263846,-0.18888295604547445,0.2734527876489392,0.38422038687324184
0.10441057724283748,-1.03193634154198,-1.200376892557351,-1.061725178013397,-3.060957978719851,-2.819464536746872,-2.866062394205892,-1.4526953924523398,-0.23568643304087322,-0.5056479914909873,-0.9569997426061324,0.8152903846052325
-1.0364245326064725,0.14236122228707893,-1.1140525081405177,-1.1334342438966005,-0.4794022964718263,-0.1756651644671437,-0.3897859577127469,-0.7919987417932632,0.35374912301125827,-0.313339266122202,1.1557727175744599,0.42673357492925473
0.7136432939694328,1.7849443611227658,-0.0881171418664427,0.2740398849924631,-0.4448341007112211,-0.43308127660336887,-1.405471192590816,0.19094193118436809,-0.432533614636181,0.27978255100394356,-0.3090452748638677,0.3077819484356079
0.06127408982736615,-0.09046105424261303,-0.9972897624268018,0.7099391727375618,-1.8051214393081645,-0.013878220433888866,0.12145778566177177,0.22730327637498204,-1.285821996070817,0.9868654540031856,-0.7112394648680631,-0.1468398065931223
1.0126890068033332,-0.395047003430847,1.266211001947602,-0.7745038223238772,0.5807287086904843,-0.9345898479620451,-0.7334091745348075,-0.636552036319721,-1.2389146161770057,-0.9731199584298833,0.08877798383014147,-0.11748934930528487
0.9564322593766541,0.27459122700852834,-0.15252820890225782,0.32793165051129447,0.6666696060790812,-0.6125903710491163,1.0413699471653903,0.45117626742003014,-0.19956001670287932,0.34349189777862377,0.8518615285997193,0.34791550006794514
-0.7577374722642803,-1.7264637045378877,-1.6171617269286436,-1.5326997841523835,-1.5713542809636163,-0.09536819091851167,-0.8058245939811046,-1.5809745751285176,0.5605192058171967,1.352100840316812,0.9222962645381362,1.2606823222337813
0.0358758310699292,0.378909814031872,0.4425995398642474,1.4574981046406368,2.4285273894791564,1.018412137661995,0.37447676062374813,0.9270104219350186,-0.13031813281485582,-0.09354363945282018,0.2571356076638545,0.6679647565902403
1.851672278149574,1.2821332534103904,0.3071603127831962,0.25242452674078253,0.17114354134471244,-0.2268749931783528,-0.37186895970475925,-1.2054053498289208,-0.017605590867981524,0.20458634304041912,0.15294459248066816,1.381761950711125
-0.5840564637466935,-1.3402454995216446,-0.44021611128876625,-0.7731033839703869,-0.7913898691460342,-0.15000580174393258,-0.3830789305520222,1.4746344726911296,1.3269269669138217,2.271318019636449,0.18548852822112483,1.1763672721353462
-1.1769339480346421,0.5369994804743338,-0.6327559672343462,-1.0614031072707466,1.3995349551163465,1.8047526137297387,1.244159515604236,1.7443400756404137,-0.2734369897998802,-0.6824217476023255,-0.6982075731522825,-0.7958015883497358
0.1644494756885262,1.400055885601699,0.3262005443983479,-0.24734343317284901,-1.0899491711582383,-0.6932073629874229,-1.1401494376838466,-0.28904832767958555,1.4625805074516682,0.358066658346776,-0.08199087656800025,0.5811252810289271
0.22053621832393036,0.5974559937730042,-0.41491060956193176,-0.08809680576265716,0.10075397107930734,0.17742010648276596,-0.22188569940115593,-0.2946899577336149,1.6359370423698247,1.580786421386005,1.7091465677964146,0.8059443981420129
1.1623431236076314,0.4321291753261079,-0.6282030536099006,-0.04840207898138238,-1.8081539508647648,0.008769543377645683,-0.35832975681327334,-1.3556348360915362,-0.4219771901943877,-0.8852383616133102,-1.5404534649411306,0.5492512333069379
0.893684994657721,-0.4054906818199795,-0.9762092627863953,-0.34645010652316865,1.1111104657237247,0.3150087016733737,0.18157488794044424,0.49511869248775586,0.7242975664910511,0.8054875151675169,0.3335236582386991,0.5372472797121286
1.1451664270106554,1.1870610237059793,0.879261998056552,1.3585808487017088,-0.41751217658964224,0.09305486272938313,-0.027204319427409362,-0.35571908443989353,-0.2890772198199812,0.9610085859972264,-0.3612968282204217,-0.3302106393810165
1.1953026211717206,0.10703334328056235,0.8498783824370529,1.124432916582803,-1.4290481087714042,-1.3789010069009227,-1.0920218101963577,-1.786626370567116,2.0803608551872212,1.9819768078598954,1.4492710035198089,2.361092885588626
0.2812702710852941,1.2701484651163604,0.7363101342999467,1.2144795968275872,-0.4907997099223365,-1.0056313799547152,-0.13102994631781395,-1.0080524061417773,0.5911778473685565,0.6277898300597349,1.645106016033449,0.9314248080220557
0.29301888205325044,-0.9918960612071632,-1.7243596781618793,0.24766772964927772,-0.17608111286879524,-1.3411273058058326,-0.7540003106688298,-1.8293353306142075,-1.5078181319262438,-0.06998887974573798,-0.05719568222402488,0.4739554311483327
-0.1399961393489359,-0.19719958263959292,-0.8769378771903733,-1.049068588353623,0.0742029127413566,0.2418513638991057,0.402676678431015,-0.31065179871622894,0.16266625107171834,-0.3108343120298086,1.4976293451978617,1.5457582686373237
1.1733506244368321,-0.2615797792414055,1.0867854179614578,0.5317092996541579,0.11598581579314349,0.2272116232932161,1.4815275816700186,1.0183851928909646,-1.5381101482165902,-2.358881437721192,-3.8634569030365578,-3.5561891070499003
-0.7450261678378474,-0.9093554499396308,-0.8818756422451104,-0.4958689245730574,0.30642328395526175,-0.10629246835553596,0.38553376330742495,-1.0592900159856593,-0.8754741577000733,-0.5649782727784648,0.7944911690202525,0.4193804970909719
0.8855821186774632,1.0604375902970622,2.543766985416651,2.071229878368919,0.4329079378350801,-0.629553497402125,-0.4093109854622233,-1.18585570791762,0.9316280740878707,0.8704739817152444,-0.16105760942601077,0.4611206060591463
-1.034229546714768,0.3998899933180997,0.15905379430031405,-0.29155498230613675,-0.6565134121002217,-1.62958112515562,-1.8576438691708095,-2.4133247342316393,1.164637192949952,1.2946947712703936,1.8061839016307524,0.8348520645137587
-1.4652139705574723,0.29272907995664643,-0.527370316523653,-0.3907909314993194,0.5788938435343852,0.8579989326815048,-0.13919937243653957,0.5604012589107952,0.8918997435291298,0.1666492461150501,-0.5050625174170128,-0.019166590321564342
0.75380769035889,1.3878023273526359,1.2018354186712625,0.6105249145159931,-0.4764865626229362,-0.22868641778280396,0.709956378795394,-0.21224374517635042,0.9731585567180417,0.3408167067154243,-0.6342105800327812,-1.1117231957734166
-0.7171860362627889,0.42293205998273053,-0.20928146670716608,0.005006846633602069,0.06294146162803393,0.3182543260162233,-0.404838908142378,0.6291393774554094,-0.1577988730295875,-0.5353000165174246,1.5217800964725838,-0.11349121277963109
-1.0254100739896288,-0.8668822793371488,-0.9624989839477925,-1.412445060971049,0.5092701419236526,1.7165949105419447,1.9289671014386154,1.5217993083734582,0.5538393496556586,-1.5429275075978888,-1.0863944124916407,-0.49268804615858897
-1.3340365870305644,-2.4177093390676285,-1.338294806997933,-0.05240415144388533,1.9538048255639058,1.0205053437422194,2.723703407145445,1.2420518579392177,1.1115106254388143,0.8746826717694179,-0.6027108455178365,-1.09812628369176
-0.1565187871336048,0.16667804896122557,0.276682347068756,-0.019612213142818725,-0.6150772573652127,-0.7596923123952908,-1.2141845005359597,-0.501021045615706,0.6845019161220602,0.772604869602253,0.5856931197101588,0.21811405248071025
-1.0057539126524782,-0.7824563236815828,-1.1298278870428635,-0.007161896770243481,1.6633904832176418,0.5740047072027477,1.6937767811577664,0.06034054245834386,0.13945275765088389,-0.6452122951203693,0.7989308924968319,-1.1848662856252739
-0.3929115498450981,1.0736393063255283,1.0076935564898737,1.1725416930306125,0.826074784460467,-1.1571300895179433,-0.9917307695921883,-1.8025498361170798,-0.5076633191952048,0.3286964993417272,0.5797923526724297,0.33495241659791186
-0.39294740610056256,-1.0109072588556027,0.713332731042005,0.2722242775831261,0.23142867215997578,-0.03238903999335083,-0.2494732484613829,0.09969263817446171,0.32705496429570236,-0.6915033489263989,-0.04656071863077726,-0.23954721232161144
-2.3105512262770276,-1.8996784698618345,-1.059824419375939,-1.2910960548571766,0.46156458225921326,-0.2731684404026169,-0.1044540268184592,1.305594752715391,0.33552206722898936,-1.1337677734581217,-0.16406158273717072,-0.9209270166354423
-0.6927299359609568,-0.32932076316793474,-0.9659306196160238,-1.0059495961988338,-0.2447001335804459,-0.0991900692803433,0.5072108408389755,0.9173454391845131,0.6671606531003811,-0.052390752201819435,0.8311274246330577,0.3292216529569797
2.9327728738291436,1.9638096463387393,0.9135192312191278,1.6106717310824226,0.3066105015434089,0.0011649166621638665,-0.343925905429756,-0.1567151813536705,-0.507241513893129,0.05010984492198545,-1.8383018256219184,-0.7780882331318417
-0.20927516043814276,-0.5023962972532687,-1.5275137530285594,-1.2552265891313017,-0.05824422705276677,0.23463028871728908,-0.40794384352196117,-0.9182390860337002,1.2617837004829315,0.8761307082070287,-0.0029104125102842326,0.6881854082157224
-0.8514033964992469,0.2571991443350117,0.30213415710815994,0.18812603410065232,-0.15199595231344504,0.9864516819664471,0.8183742509685055,-0.2864118240543763,0.5642422171603785,-0.7755240160220802,0.0396558874191566,-0.2609531937184305
-0.12468470950531138,0.41969000859592526,-0.3460757091501126,-0.5013296420522193,-1.645924173811105,-1.512416654691501,-1.2235655571960913,-1.8345674182965805,-0.5355945978631795,-1.3383271956476936,-2.9813991759489533,-1.413163654790809
1.6979294908206182,1.6714897769971087,1.511310705162429,1.4141061085766857,-0.9324533239832795,0.2759973852590427,-0.03745966583399429,0.21956397893935614,-0.1532116272433273,-0.6792395192889826,-0.09698825803052058,-0.11626980484655808
-0.45201483045479757,-2.24386576002089,-0.8649303908460062,-1.27741068740891,0.4753324097708684,-0.049804756180355014,0.9229863481509206,0.17907705655138859,0.2689536882542408,2.1313040933577243,1.3279563474001135,0.22761418558496227
0.4466402789201166,0.4394750109210735,0.013073969042045608,0.6735828669104812,0.2533058954834967,-1.0522090715297359,-0.3772056118836267,0.02106412509189834,-0.5747251815591956,-1.2947087142865348,-0.6912761929521855,-1.817091283756244
-1.405910299173215,-0.4121335004891663,-0.9248776526173803,-0.42832447819417974,0.5832764871730826,0.6537069471510681,0.21334982030096605,-0.12640159516366062,0.7463904143180391,1.845702888368355,1.4012444515014288,0.7108065483762172
-0.4334386742380646,0.5265720614474362,-0.14319742616750508,-0.31438579206229134,1.5566553876924378,0.08560562616780354,3.0575703821661264,0.6488579964732342,0.8669190706218484,1.2487500800001978,1.2705999129293304,1.5235157809419109
0.49419258510331965,-0.1487125529671602,-0.5623096231498175,-0.5713182899590267,-0.9473288336378272,0.5628221184562153,-1.746209831817773,-0.17025366190007962,0.5866617671892541,0.6376340243628301,0.7209380843008553,1.1538218866476324
0.6534103928977435,0.8367851733591816,0.5931129271860248,-0.3718272606102693,-1.4476291315876637,-0.16770932970233882,-0.46252858876698866,0.09601597241996851,-0.24680604331733602,-0.2449350330158718,0.6214557722353423,-0.4633292451555431
0.7108251382895512,0.9843559029727093,0.075828539370352,2.1885798199884774,0.6234011417868199,0.708975741666217,0.597561459348589,-0.10058524760910412,0.7775733782308182,0.3707942247322722,-0.61634340414715,-1.3170898840356586
0.852707506119873,1.0899332494113172,0.6276697914553617,0.059615670968631074,2.311285322251165,2.1583767720716702,2.087251711320896,1.432209879258867,-1.434209679391903,-2.282111514074815,-1.0515345333588582,-0.9887131730522527
1.1935071449532597,0.19036151405994872,1.9092491811193246,1.2173312309461264,-0.1505311337780011,-1.1362139202197343,-0.46652155572881404,-1.1164580125504664,-0.13974380771273995,-0.7756448851422005,-0.9541051770478989,-0.5464117671976109
2.85070618401759,0.5352823657642971,1.6825798260774205,1.0350910726691387,0.081722939994339,0.796422854977232,-0.24697261809555515,1.1714606342028633,0.08479871824054766,-0.8341522446743231,-1.0601115347868881,-0.234617301167204
0.4053581243990063,-0.4509582510473705,0.23505920800895394,-0.7991424490112837,0.2647469809903761,0.2746892685601514,0.7148691782883915,1.0669765952987122,1.0957610513781169,1.2001011544981464,1.5092123476190842,1.4482256501193251
-2.8842173556264195,-3.061717824793412,-1.7778327363605684,-0.92975157215313875,-1.0359156620273429,-2.200150909646843,-0.48454438161460645,-1.8377446627802065,-0.4209958570527389,0.9162338583726578,0.8635776804145366,0.7333492211058027
-0.18575961928667672,-1.3675390927286846,-0.22667886601367196,-0.7284254511797639,0.9812299362047714,1.6936584940582722,1.1118288015791695,1.494760300669987,-0.9223109175978795,0.5366981310574337,-0.9915099846018887,-0.0191064824029904
-0.8518245304185708,-0.5010750965626065,0.07523937537275938,-0.6837073144408553,1.434215341723117,0.363343205850728,0.15986705728616668,-0.4736679024545381,0.8996068757275455,0.4287005882412409,0.9930911258009174,1.3242260811241644
-0.15202582067355824,-0.16974589358556164,0.13216314534260765,1.0500847987405926,1.7693355533493407,0.9010805892937719,1.0162404332859027,-0.5141916214174207,1.7606013512897578,0.8201458902827193,0.6398294404358996,0.4661178637598393
0.43954711326726625,0.18917552246184577,-0.21810867828811842,1.3483081704006254,-1.0876238523709003,-2.36530626296931,-1.3431218582510402,-2.6896175380258747,-1.117606483117944,-0.8175417567775903,-0.3925513498444253,0.09978190713468466
0.40040626183709915,-0.2156063932404811,0.1384703250764503,-0.21086365024827616,-1.2558160893640276,-0.32972251946672343,0.33825110652734713,0.8066394554773586,0.31244584176293216,1.0609477392838662,0.42491113135665864,-0.14552733905926207
-0.610652556200076,-1.069136872147467,-0.8987200621326619,-0.9330312483029432,0.3244511729507899,-0.7932365075533643,1.1030167453831754,-0.8187427394549864,0.14691576760707636,0.07458882289534985,-0.4084019145029629,-1.4217702909780552
0.7129627074965967,0.9346583925000371,0.6908447087162375,0.20093049672799235,-0.03399165180066782,0.052492467902754705,-0.07886159715985916,0.8632917377291609,-1.3981043825805721,0.589152475806949,-0.4226832158950607,-0.10970184613262829
0.2347516852317606,-0.15707115822621454,0.2711086142025823,0.3580108836645191,-0.9431435262921696,-0.8277236281479532,-0.6375596816832078,-0.139311552293647,-0.733045469134924,-1.6014235955411997,1.0892437871230127,-0.39633999048012114
1.4431889980441555,0.15519648238788442,-0.8055180909961241,-0.4431593962388409,-0.7557224342940974,0.06404972886859833,0.6801273802834313,0.19482891423313448,-0.20492435518616833,-1.2890783148121794,2.0878410107307905,-0.7878407597167569
0.21782864646617328,-0.2955399962396849,-0.02686995398252834,1.2627451983407294,0.0322757394062248,0.4120485341239226,0.19338194711450968,0.7826132387323723,1.0640561374870126,-0.7200787448763997,-0.07736240879699507,-0.9985113368291595
0.6698572764261657,0.2190266904543933,-0.1120517587740339,0.3654836831361731,0.47160004495273977,0.7555355396153093,0.3613381017138297,-0.4329170632716608,0.40412145957716766,0.4838282772782757,1.1274256631858752,1.868701786745258
0.05714838002380335,-0.7392680571526871,0.19012014286405332,-0.2326194769921846,2.142157773853787,3.0885680922299468,0.5143901757744539,0.11036785112857839,0.9399721194311437,0.8670029018724099,0.48849802124440617,0.8216077103571431
-0.7635879745536145,-0.9893453207282195,-0.579358090416064,0.18556766138495784,0.9878178524766988,0.5363849039173515,0.3478322602244448,1.1152216521211207,-0.0696089577126815,0.002196693489662116,-0.2521799752152373,1.106480172761806
0.5907590674909858,1.653182442923755,-0.18515003961765375,0.6366385515377523,-1.0055434079903582,-1.245316775074254,-1.022230133268767,-1.1756172532421547,0.2441326642296019,0.6685861963883186,0.5480998215000262,-0.03496640329863587
-0.8760815198974246,-2.033659376311639,-1.2208521618379704,-2.9232384572814323,0.13271328037816166,-1.0355552565463548,-1.9299921606120474,-2.0893526328758565,0.760294289008119,1.111716592149266,0.08393876636179448,0.5647281535990698
1.4928890436524966,-0.19218124091386346,0.9190907967750481,-0.14839801474864056,2.034723884655774,-0.01482911250259078,2.1594945987083545,1.3926062327546895,1.7000522675272163,-0.07603951750092897,-0.9572208752530448,0.7381118601016188
0.19017124300271612,0.10553397203103368,0.12925767708280791,-0.07601273465656277,-0.29663637524301706,-0.2670726331109037,-1.0691465655204082,-0.7494485825449594,0.5098438399553471,-0.12824733898529833,-0.20921112977181422,-0.8772160630892563
1.5531425153747795,2.3542507879350536,0.4528575680647762,1.816684852161861,0.08912361161313526,-0.2792757454731396,0.5577298328777857,1.6653617441534008,-0.3139255730179338,1.3236086919544308,0.9585437569033074,0.8435317488983907
0.9633010240566798,0.5688171854808439,-0.40412428463202854,-0.32305423673147715,1.0298357213195883,0.19623897202431873,0.05495361460533324,1.4053289341805972,0.3715656701589337,-0.40583915253009634,-0.5042683005642562,-0.9808483112091296
1.097784804327202,-0.0084706110877895,0.4880392024027776,0.06579781389644354,2.5432556345895874,1.1483986861951634,0.3313955285538985,0.600750246056792,-1.6718943294899975,-0.5837781505919966,-0.7464437859307311,0.28222894359261796
0.6441909871489058,2.348928821946307,0.7822486899089618,0.20796026023012137,-1.9455219285387804,-0.4453950098185048,-0.6921820764418818,-0.7137238967524608,0.483776970543773,1.1038965564465892,2.152350653187278,1.6013796436563
0.44467760164688147,0.5959487256550935,1.1559658234601717,1.3103856704151668,-0.6159202266629814,-0.007443588168902948,-1.36768526035039,0.36325010064425706,-1.0871999830024404,0.1101305242291909,-0.9654158029641555,-0.2851374240465916
0.7768234860558011,0.4793203060991974,-0.3479960939320894,-0.0764368298173243,0.02169611606335864,0.4335478080408884,1.2475858773013726,0.5876774894915839,-0.5804072626784653,-0.26852542754849573,-2.3710107897080483,-0.09244682398672954
0.2323759378295027,-0.7570480313826915,-0.13801383407754475,-0.08057970513099247,0.4573401620342148,0.8749111921958657,-0.14061719155947816,-0.7085640977236333,0.9380087748360226,-0.1917070492180024,1.139539025338567,0.8987484073776605
-0.48560796520780025,0.7376207383952968,-0.8553598039954875,-0.5871155249101364,0.8171881235613703,0.7094732372012887,0.6227067426772843,0.7827157410587525,0.1806699873107782,1.372265065383253,0.699038039318317,-0.0061517482088609965
-0.28437965658895603,-0.7769843899274941,-0.04372843776970725,-1.022633168788497,-0.416508916501904,-0.19369604969350696,-0.30847075571268656,-1.035785618000956,1.2432500566709366,1.0635380684593823,-0.16226256504439707,0.5656063393069448
-0.9068400130544962,0.9139768465810079,0.9191035636963472,1.4764158556724882,-1.2532745185688041,-1.6442076087884852,-1.8183879556526885,-0.7903916589264876,0.3759653724801323,-1.4262059872463102,0.24432112678982276,-0.6551711858549913
0.20345738066939245,0.5826473156938256,-0.4026828030352143,-0.9443887620706408,-0.17184263846827852,1.4043947097718494,-0.18852395062710464,-1.1217447275444368,0.1689482235022472,0.07577382272123874,-0.15045963107375948,1.0686645749651373
0.09759346479463649,0.041941106203795264,-1.3111317069849822,-0.5426873516407091,0.6544275010719325,1.0689260154720372,0.5553341326083912,-0.08214912894178317,-1.194859452949666,-0.33868395859124534,-1.1971272201913028,0.6482382772930104
0.8617278603939014,1.2384029834263033,0.8964527438650203,0.33139935346913285,0.4198831803603328,0.023652278977772806,-1.649463999727412,0.324493449722558,-0.5254683579659976,0.2782598428955282,-0.29644036792029854,-0.3487895908562878
0.11145311497742455,-0.024271683694520596,-1.3737644622149645,-1.680376717580249,-0.6601690729704077,0.10813245813362729,-0.49878890175488066,0.8488388958012845,-0.2586602115910129,-0.14050216625470005,-0.0022871910612316526,0.2672283744243854
-0.3104591377192656,-0.5197715925099133,1.8203671892735847,-0.05812183944268902,0.014427074659351377,-0.6833333881778284,-0.11535974423418219,-0.17036556855225554,0.7029902183383537,0.8157094089185613,1.0351701040278891,0.8716956065897417
1.0932109984768645,0.2094022994858289,1.4847695591471362,-0.2925546634695,0.1469861902403029,-0.05302298021033472,-0.7678203071400358,-0.36275502542849114,-0.7390938505099552,0.4500428195542754,0.47846352124893776,0.36410904653756526
-1.0668718971919382,-0.29982402376973233,-1.2943036096990688,0.6087708383809989,-1.2729775091474163,-0.35423730330199743,-1.6630898308323077,-1.570982023043044,0.34236878249017555,-0.025908892138440276,0.3352919119095352,0.20970634283796263
-1.0764690411905815,-0.6173108265804519,-0.4655867701122454,-0.2216423080101544,1.232847534154265,0.33203692655011907,0.8655007329490451,1.09148927360858,-0.9783356431536084,-0.15344809905620183,0.1780496840349709,0.014096863103229718
1.5384224439198126,1.3240307486351885,1.0766996485390938,0.804767226771583,0.44536619814806544,0.8748220965264129,0.3330306133105452,1.3105078263305334,-0.4853245619210465,0.34223170355876265,-0.5701928926551647,-0.09117872442367303
-0.9564238218866935,-0.04973299514795265,-0.21753741375575392,-0.4113091046721362,0.3757567622427326,0.8218119155695196,0.06826856568060258,0.9401284627922555,-1.7992232013429101,-0.6913362520435096,-1.1576143507355487,-1.4995092681722066
0.47507914545765284,-1.133132326396217,-0.2890588177195934,0.01909344292453169,2.073367158410907,1.001833890357014,1.3610502216489255,-0.07519905058822607,-0.33879073905809143,-0.3048941145198008,0.46214348723569343,-1.00774754162007
0.990330901544044,-0.0415225792804457,0.15829938464678708,0.06743870193254131,0.5748184159201308,0.06686119257917984,-0.21558946618313546,-0.1552169379525358,-1.530636871547071,-1.7087685843198692,0.43274098609940215,0.015093246013520467
0.28517025192653256,-0.15591983074360266,0.15277603268737622,0.5930808943637319,-0.3209619037164045,0.18095956763675397,0.9178927210925287,0.850182423331334,-0.9839417292001272,-1.105775324556266,-1.2542984299388982,-1.6830989332328685
-0.37585092081302723,0.7853780328163373,-0.29401473493152974,-0.16129083129612443,0.9291023160653258,-0.6121697342652064,0.1369905167097231,-0.4190529374072437,0.4748442181691598,0.8900016160257449,0.8070424766730118,0.6769951077132719
0.8873254501245067,0.5339573957470671,-0.05781705278032356,-0.510076764582841,-0.17925089942503525,-0.2726780215036941,1.0755879738682306,-0.7271771467388723,1.4610918151758316,0.9004024821672358,1.08096419915315,0.32176411451927434
-0.026220072814051906,-0.2456402489000634,-0.5588100697024665,-0.4934083339792887,0.8368670625897872,1.0133096476071857,0.29609714028741185,1.374076465288991,-0.6262208598767822,-0.6939596648280603,-0.5677866977323649,-0.5683333634694813
-0.31040018004979203,0.17409627739453692,-0.8877115018637642,-0.37989528154126545,1.6162879561622971,-0.42761057983152545,-0.6111725898103932,-0.4288477388150798,-0.6646982503992022,-0.1905328525441755,-0.2680103568270359,-0.1352611825777002
0.48909717717133233,0.5177363330692709,0.07940975907112319,0.14899866024353123,-1.0654631975493547,-1.210451598677496,0.12109531471478474,0.30144340301525513,1.3864389185157275,1.1284951600870008,1.8950094939376227,1.1485172838675208
2.1786523747901736,1.167192182909264,1.0443789821230065,1.4629404066421952,0.3451900452219081,-0.9441910876726362,-0.12860929632129703,0.5495933940793059,-4.8554596078978496e-4,0.20054289033081862,-0.1873542205899906,-0.5541042011599094
0.4521280938933856,0.457718764121987,0.19146051247577173,1.8669683087904554,-0.6235832567616728,0.4170519751785177,0.4771380516388316,-0.32355524757586873,-1.4424370422356523,-1.026829493425522,-0.6377890512733829,-1.7079988172863534
-0.4774685034530525,-1.1085103093908102,0.07254624428757384,-0.2766083769135741,-0.457342977241751,0.11112892265211022,0.6042213789412908,0.8603521085328426,-1.1580413917574186,-1.5380140072741724,-1.1072924954343155,-2.0812962669109054
-0.05934339551459916,0.5514973091200941,0.3986387380809018,-0.8835178858024657,-0.10096495958646856,1.1184940521020947,0.4687999561480489,1.2136163384116943,1.1881483778062285,1.4874827703828153,2.7285760933256222,2.4546108383018237
-1.1018294300375717,-0.3800191265617337,0.17937530130916302,0.7558810789665096,-1.2281972618766226,-1.3517940965988589,-0.9756590504982542,-1.6505064832386096,2.3089865812654358,1.1620074708922024,1.904992597564059,1.4518497285459155
-1.5873098659432578,0.04983748222480207,0.27547186787848543,-1.6362983418128432,-0.8436961521554922,-1.7792366963304809,-1.5832203797161744,-1.1399486553635416,1.0383307559453292,0.3369001176900158,-0.748766305870973,-0.15976032046776512
0.14719797038416227,1.3920035693058614,1.4274351059883847,0.7507274929389702,1.9593252181939258,-0.039629869557950004,0.802992765623353,0.6339386020703933,-1.2595094794544166,-0.49121904645986303,-1.4139988205547942,-1.075960336958919
0.4940756469668574,1.1994086531057373,0.9583620947660051,0.6708876926270011,0.7022846263787876,-1.0392728218782845,1.0448465731433787,0.7498662237048044,-1.1905770556258097,-0.5622225568569018,-2.783023818143459,-1.3842348376946294
0.24202268606969374,0.8221707599765989,-0.1892219460336152,0.5288424169198591,0.5970901547836427,0.6572045972074797,1.0588997025547577,-0.06568903367446355,-1.437080727906467,-1.2033601440241175,-0.792609054127353,-1.7335459449584154
0.3184151175106612,0.34685543947770625,-0.6171591995549299,-0.34982282486054245,-0.6616993292556588,-0.660718663048433,-0.7409508962962057,-0.29071052653356294,-2.0624618037168307,-1.8924579805451311,-0.0032502593388341605,-1.2961192188719317
-0.4889729545119454,0.38718803514553823,-0.7643379905995504,-0.6736740481093366,-1.0112789246545506,-0.3926896614223395,1.471528016080239,0.9695898598390659,0.3457437802084228,-0.06800950498574351,0.1495616177718082,0.23896321078458282
0.31980056241825017,-0.8012492961188467,0.14375059708206417,-0.3995510159534281,-1.3551022049181016,0.23046086601990734,1.185365887760789,-0.9483330703864123,0.9540461523835476,1.6481431228133996,0.3650428454414941,0.6300491836464611
-2.114810008747958,-2.2085554501374824,-0.5509385042934384,-1.0997999549097253,0.44375353677925045,-2.324003893164323,-0.2814140589082597,-0.5835324774122933,-0.9760969033742376,0.38730895643833385,-1.2570050478862087,-0.8927198378057886
1.9009029802935007,0.08839952779385679,1.2661315062516398,0.1986429577203619,0.47590836419942617,0.33442289753054916,-0.030703988440742402,0.3003622984328016,0.30739562388433384,-1.386012493803157,-1.4262004928593761,-0.45766259529528297
1.0964866497043713,0.017376471358687917,0.7787612117615338,0.9324170573603308,-0.3086480787146296,-1.2509996898082223,0.33418945891929414,0.04800382618829274,-0.6337555306714961,-0.5543977845588952,-1.4397289939621427,-0.9910117890087871
-0.5719866931111018,-1.5201220176172416,-1.884474604472251,-2.2491558890692565,-1.2061569571825173,-0.1218893654742339,-1.12746395769154,-0.4642776321606708,-1.3023348648717774,-1.91474781956591,-0.6851103047581906,-0.8868839812758791
-1.1241223574771924,0.14742999882120972,-0.7979379024194222,0.9727924497744511,-1.4826229807659779,-0.5815002552413991,-0.8422555861993738,0.05531218305340835,-0.01232825396638687,-0.3952800103429932,-0.049413474000928825,0.06854964127976715
1.414143168369675,1.1894386189678317,1.306469094411863,0.8979306055433683,-0.23558542247336695,0.3513479309651008,-1.5726333989559662,0.12659336057134382,-1.5882731553422522,0.013022922962704353,-0.6108445358035425,-0.10717070898997527
-0.10038432932994112,-0.03439996694415676,0.9475775538692826,-0.4869944824765099,-0.386534793187972,-1.0885035718747909,-1.4593438000727423,-0.05478725862592193,2.1015852872218845,1.3647502154605706,2.9276767191394177,0.33407132865871836
-0.9522259644178845,-0.36432864243880536,-1.1896985649990577,-0.9933072514439054,0.9733678605005613,2.1831838180821967,0.9610694874367063,1.918752450389843,0.4798212584575783,0.17804918455763746,-0.04155604270141022,0.1834358618994118
-1.1641505417352016,-0.016956954090165066,-1.2203685629493868,-0.8042633695143151,2.412638621472688,0.43309735392869786,0.0840161004753861,1.5502370662658433,1.4973455452578641,1.2776431451986041,1.346066506481772,0.37057427659943365
0.8971780884999445,0.49423437167310347,2.3910238761130067,1.0776287652528653,-0.9400986128858632,-0.6750325336010283,-1.2923919385891767,-1.7959191781753896,-0.5364141819283577,1.2136959191096968,-0.7354648064248935,-0.3109469769056997
-0.70099339429113106,0.5576935652746062,-0.7796495937303464,-0.08838777153125628,-1.006745808052917,-1.3157367857918965,-1.6406872943119024,-0.7795742627035998,0.10333386587112549,-0.5125353687574017,-0.20106309424040336,0.20998026431236672
0.4547937761086026,0.9346534757771024,0.26951943525030675,0.16730193309476038,-2.0961214802834185,-0.34623059597363914,-1.9071266582978985,-2.4564079729735355,-0.9908813373112961,-1.2764540836362637,0.2156105480955801,-0.9107645343342954
-1.6848955143017097,-0.13603108675616904,-1.2236332906423057,0.022590770596447318,0.40730353684829357,0.09147784322875752,-0.10320656945402396,-0.2485189035549702,-0.7851137496517915,-1.3278728848617474,-0.5705981281946748,0.02115630977826377
0.7991905086531631,0.9562277467809874,0.1218003260286582,1.3711965988730783,-0.4521638675425651,0.12553671365488628,-1.2350376504060323,-1.6566665306785606,1.985289060859717,0.4716458355658134,0.4520468170749816,-0.8636699498654339
-0.23664843404610847,-0.07190761314821292,-0.026624754094501712,0.33867050443302915,1.551537065619947,0.8458979664139706,1.3648880841939404,0.05056543610777564,-0.8863156087764715,-0.04120488851291122,-0.10380638261448433,-1.0607064840839748
-0.7802652058286735,0.5968116759279583,1.1566791712361675,0.05805965440783497,1.1486734606755844,-0.2991398504436893,-0.529772118418623,-0.8280665605374226,0.8962601570591863,-0.357242438303112,0.052747443145705106,0.5799676295024159
0.3905300069357072,0.6378410059005349,0.5701228161444206,0.8356058281193786,-1.2292625387400484,0.05701566961608884,0.5777214042620873,0.5191059537787874,-1.57597143695119,0.31066891876755454,0.26058225449030703,-0.8310791892071764
0.2493965448386769,-0.033798857434592405,-1.3950729241937974,-0.1189395911977019,-1.3490533347027793,0.26940579976132295,-1.4055648333222754,-1.124018060373853,0.13074641133340986,0.8101570877714372,1.809089668645195,-0.5992830733140144
-0.7062209114161389,-0.2970649409566968,0.06694412286589618,-0.3724640280454244,-0.2571745279779788,-0.36591737769556226,0.11041254397639895,-1.627148718091908,-0.45229955724126625,-0.33538925576166057,-1.076718520443887,-1.7496698493426193
1.0707946257337844,-0.5829535843017282,-1.3342060303575796,0.8449038046583265,2.306498590713193,1.1794181219690456,1.9449275091419969,0.8956525111198395,0.12528320562258166,0.6465137215713659,0.7778746001620771,0.1236186676903488
1.360579564299853,-1.5947975375442933,-0.5760897940436714,-1.0907750922262203,0.7637867866601198,-0.4567623750626978,0.859519139922631,-0.3867166643651855,0.9341583127743552,-0.4776237851645615,0.1629958160340875,-0.8040092171606785
-1.1460020375915387,-0.42151411005505346,0.6839720191043992,0.3570353220486123,-1.1833762151897724,-1.4668293639431045,-1.3071303134959797,-0.14789787253087727,-1.1263654031002412,-1.5270497600951236,-0.13447610559542178,-0.9810999852741891
-0.5168737481914463,-0.0099406571668889665,-0.27006002834820697,0.22374474230534241,0.4515957081099391,-0.7161661635507248,0.6701946125997632,-0.6398398827030317,-0.6583495636939682,-1.8426105747528199,-0.9228684484203246,-0.5439475381162866
-0.7060852997650691,-0.8442903484918455,-2.2593728970664793,-1.0379594759216317,-0.8685145354702921,-0.8210619903994927,-0.9088223369898715,-1.4462638710339897,1.3910905493626395,1.255200454472478,0.7558380990327979,0.923143528249215
0.2326306660671087,0.15642665188710836,1.5662800770684582,0.12159446953464892,0.42926056053037853,-0.14346500700448928,-1.430438763011133,-1.0387994250926444,0.5857729526805384,-0.768587356228792,-0.23756200378054163,0.2916004537605221
0.26776031460098726,-1.6598185259884897,-1.6086388071312687,-0.6269019775943989,-0.22013568915873938,0.4757145280097167,0.9133957820724399,1.5239403960534965,-0.5388455712551439,-0.04979145867641521,-0.7393964064744476,0.13282241974478798
-0.4676930618769018,-0.5522093289844889,-0.6808614449362559,-0.3273766811727226,-0.42692463397642455,-0.16520841298567523,-0.08182853494390657,-0.3045569966317816,-1.3587433248680536,1.3623236888628338,-0.506844327831608,-0.281685198084579
-1.1980649321309484,-0.6024015059167427,-0.418478332178263,0.019241727948190346,1.0163666774508,-0.091998927513265,-0.7427490070548475,1.050700648851782,-1.0070678839615224,-2.0314008919421624,-0.6011669803621515,-1.0333602547873275
0.9055697315033087,2.111789057155222,0.27534611395841957,1.1121002323593325,0.5751117631856248,-0.7308829876122473,-0.12583126912525683,-0.02107304043365904,-1.1564449469228135,-1.120434243949121,-0.006658230348522948,-1.2937886418580455
-0.30082826059814793,0.5021479443503927,-0.12710736323791894,0.863106974908425,1.099240929250348,-0.39515114309806565,-0.21876536874178834,0.1752650042345472,0.9860781212713587,0.6141272622616414,0.1433716726312867,1.0767978582724695
0.13207311929636334,1.4225321647828466,0.3392406092121134,-0.45642343001192676,1.0860376647790684,1.7333664999363785,1.334355834925444,2.0106774324309042,-0.3851476118424839,1.090909909280431,-0.6795349462422473,0.34296097240985657
-0.7562961211190674,-1.4615552913923358,-1.7881715378355842,-2.1364525733062516,-0.198888488071444,-0.08150939126432527,0.30591553792102816,-0.6082024071840969,-0.13214018885223483,-0.7800806188905576,-0.5043575576991495,-0.03440534131814832
-0.9167946227204962,-0.5940503803691598,-0.10003175069717316,-0.6765927192595665,0.8243490812341947,1.7098732468682623,-0.98457309102073,-0.036319914581935786,0.8889035364429055,-0.8025771016658187,-1.2043667648174932,-0.6908798486021571
1.2760302953802642,1.0777326063582324,0.8576259004329233,0.7005181891063772,1.9677356287314742,2.813521889631031,2.525985942946846,2.3202790219125324,2.0087721394005364,1.1626401435941527,1.3591894386861418,2.032080409274558
0.8743111471026783,1.0021209875060053,0.04186960940124074,0.9773019814861262,-1.1139978972059081,-0.012992774129703455,-2.4774295078362925,-0.41418706985371756,2.02383089994894,0.5336152030633692,-0.6567936985299047,0.503602521538123
-2.597192721677202,-1.568052680286094,-2.397737832460357,-1.9259630501631804,0.4488171046423918,0.6336622971688947,1.0329393542694476,1.4827602056013116,-1.284061783214648,-1.7787493157593763,-1.4749316848734015,-0.0030748866030789745
-2.2716699553449464,-2.638651373674134,-2.125315407776527,-1.5067595081977336,-0.791839735568076,-1.4972001242131852,-1.0812202348735003,-1.1025710466641525,-0.06497432825934668,-0.0820095686989924,-0.25782946762444214,0.7196924576745852
-2.1246898333994744,-1.2583348415282476,-0.8920466019053644,-0.1914055746271598,-0.13789494423327586,0.4382878535233295,-0.12296239305763756,0.5265544795464039,-1.4258798114066131,-2.0811202467179752,-2.349463737881147,-2.052708697435239
0.21973438303134607,-2.0583874760960645,-0.0011657105557558722,-1.4989783966778618,-0.6910961812178258,-0.37489785920572805,-0.20394461521361587,-1.1574450959756033,0.2724607262533214,0.14643391921509433,-0.508355865688027,-0.2971451800650708
0.718414642877052,0.25523459548975974,1.6183544899271605,0.22643817678145783,-1.621203826723375,-0.5608539092194997,-0.4605268709703412,-1.8339056122550712,-0.4858421320150783,-0.06588466163306902,0.4246671970598865,0.23856470342715308
0.4356947091289949,0.9478156809467901,0.3283052273915024,-0.9228665906705045,-0.06824576640339602,-0.6102079916812527,-0.2758669704657376,0.5665092900749757,0.20677358199042029,0.49188359312310354,0.7029753843425639,0.0891404593767306
1.3420673120406692,-1.0980545704706066,0.05911806804829789,1.075635799145867,1.615364127731173,2.1803328769014225,1.4551844700506145,1.800647761996776,-0.6748038462438715,-1.2097557389702405,-0.7363942195974402,0.7163039532389504
0.3066950246166591,-0.3321827985224847,0.7048689177595792,0.5428318439486481,-0.6195472939454887,0.6235158491866035,-0.40842270518003343,0.46389035306338156,-1.8289482694975927,-1.4663653615030137,-0.5688921596735715,-2.1442166009065935
-0.4512772005880865,-0.48258792327062805,0.4764258472192985,-0.6871820827889693,0.4355025805076643,0.11946268429198947,-0.7574622355504574,1.1288754113724355,-0.8160592943347151,-0.1558119750609624,-1.23102758893485,-0.018008990472347275
0.9489488663311003,0.4022598536146108,0.952140756610071,0.265107853746831,0.8985033883314919,1.1259135496630348,0.9259484625244074,1.9945327960733654,-2.0037015430804317,-1.5557197983843003,-1.289461223004023,-3.5392279206880914
-0.004101396659410561,-0.32968362334789914,0.7725972796659819,-0.28698269994904335,-0.588519056245576,-0.428535229161759,-0.8013486402472283,-0.11816746016903468,1.2525718937707189,1.474421484338406,0.8934877550243655,1.480356937420714
0.4101324645729013,1.7198977578201193,-0.007484718804826929,0.9432285443266745,-0.24116306583952685,-0.15165703920044454,1.052019400470628,0.7415988709096907,-0.27144118471744555,-0.09868030025280916,-0.5015814079970825,-1.451717896156946
0.7361188767525977,1.2782383908518433,0.761533754375074,1.5496294148930834,1.9822244775373112,-1.3946872488202258,-0.8379250435840169,-0.025571155805245882,-1.2905476091340238,-1.9605781064811112,-1.9341245229925428,-2.734211423617716
-0.795270508982105,-0.9037185941477233,0.052095180151630754,-0.6903931448785281,-0.36508179305913824,0.27451038337708916,-0.5694970523730178,-0.8621967896815923,0.6653858655810126,0.5116546339020335,1.4393691666114248,-0.206986170145254
0.36857241487481013,0.406177739962545,0.8293853943390932,0.8305463556431938,0.19159809294456775,0.967795478377142,-0.34223618314616183,-0.6478616614064405,0.09327620456147273,0.4690231953126191,0.6383665917717041,-0.21672218185865133
-0.06615125783929676,0.46394309653131555,1.1591251300702647,0.3594734159089065,1.2194752935758708,1.1420645418371709,1.2055480102379383,1.0852896894721111,-3.501589546359541,-2.538581068683851,-1.551718099168393,-2.692733356851755
-1.303207106986334,-2.1427406294709015,-1.2352737742595568,-2.0746587601892696,-0.7078698601321223,0.8023743872724945,-0.1316732472417517,-0.3915862863842986,-0.22884498503203554,-0.7430131983684378,-0.742279233590829,0.18157610268834534
-0.031845511478064845,0.3517312130248198,-0.8322062887284497,0.7352832655357033,1.0633282835846436,0.626704720322184,1.8283088559095335,0.9893825024324903,0.4682662200104327,-1.3776638303102366,-0.7379174471795921,-0.6206834884610903
-0.05267257964022687,-0.18733838930572522,0.24040890803736592,0.21487420381967892,0.6990133599356998,-1.1499126428028947,0.29690153952774656,0.41892601259684237,1.5637858761621009,0.9160739931024123,0.9621844843887954,1.2962506400160037
-0.671991041305691,-1.3688430662585174,-2.2349022632835727,-0.7952521769476965,-0.45395645040183724,-0.20058727615182761,-0.2549993657835429,-0.14498963023495792,1.3298798329128083,2.031632503377421,2.6536382204002034,1.6578512674824704
-0.23042392204058648,0.8736041595657804,-1.1635348153043688,-1.4716829383029402,-1.3912924553665449,-0.3208832566413325,-1.6935064275608773,0.7717634772670159,0.8084972979702152,-0.3024323864144909,-1.3918307615222456,-0.733444955395006
1.223780822191533,-0.45059115415625944,1.0391643628379907,0.37161649973068417,-2.1388629780845823,-1.959454001956423,-2.5371707128688183,-2.453739840530017,0.9708040693751795,0.8468388132934691,-0.1871123089791702,1.2113515207402887
0.20265387489979222,0.5484419877353537,-0.490478684657333,-0.8815266181198449,-1.2958477963064907,-1.8224812357666804,-1.4146776440242523,-1.5040075961851442,1.1132461735400532,2.2326827938302314,1.1655763542983442,1.3721906295561257
-0.26710145195792667,-0.8423380662555039,-1.0982703438031045,-0.6962908990765869,-0.6934625903022239,1.6813435117780469,0.3999831804433751,-0.08057497420268697,-0.2728008547021349,-0.10605945998341984,0.7248143572484512,0.16335386273435015
0.2144235321697735,0.1598028135268706,2.005036588336978,1.239012931015557,0.34140918105665286,-1.1276322332026334,-2.121227582283261,0.8571117780752414,-0.3384623683871453,0.5039885372173554,1.1886506507506374,0.22669558808418308
0.0058613884514553405,0.2832769285431676,0.9900888861071917,0.22690239493540873,2.255909669651344,0.6744845439642901,1.0017304024144278,1.71375727493496,-0.5441889150703839,0.25972670471071324,0.9045779898289354,0.49372637461332214
0.16567285019734543,1.282739429292667,-0.5713241617343151,0.26396089489602403,0.7930039167574532,0.7527197577278375,0.794065431712569,0.5765749355647906,-1.0744780327125718,0.12305746885832469,-0.34475498531988436,-0.5473481536108862
-0.3454622375193205,1.1049018535444337,-0.05693718328156966,-0.994400565778601,0.3274846597805994,-0.19051301194117445,-0.7841841131608767,0.41445411782742725,-0.19126179334072407,0.27841862169702986,1.1839839428350452,0.5990472670510492
1.0296605112679718,0.9224764212385137,0.3186669960023575,0.5253405908786715,-0.04999408347970158,-0.8476113259961022,0.913926550549927,2.105306710366552,0.29726948895479033,-0.08706833166906007,0.6525092083241445,-0.4208313905091958
-0.3386122167497252,0.11894390964042612,-0.4433108702394894,0.45358942699376037,-0.5553173978998079,-0.19211913020588856,-1.095746314543858,-0.2519469302882152,1.1593238533554164,0.32236688768440513,1.2091748091377355,2.329185331891188
-1.1108717160387336,-0.4962450180403019,-1.3468312911416842,-1.3915820350621029,1.521680027865736,0.07609081582527666,0.7634134853579062,1.2511313327889184,0.6556375781174613,-0.5552237151853248,-0.4961851558973248,-0.7892599567595262
0.5169503980235378,1.1807881577597397,0.35762558611438205,0.7728043443089694,-0.30797575340886785,0.6054657840787501,-0.6623475587390384,1.5283318266803678,-0.1282309629917493,0.835585957447444,-1.1101295436632859,-0.40872113259849574
0.714849722798203,0.36547289185661685,1.395275777866008,-0.1141015000092529,0.17134163508158498,0.26511582318799437,-0.7034582488990965,0.2869540738585695,0.2752666511700712,0.7865000510637097,1.7696020746186603,-0.1991219577655977
0.441872647598455,1.8906799627036879,1.2715107180909277,0.15537389391278056,-0.8213126981088483,0.0022650885790806152,-0.360780977582964,0.06820102037901385,0.2561066351747204,-0.07105977019599674,-0.021828110680769064,-0.6802911481801419
-0.702308607264363,-1.2033143464592417,0.32440193884572843,0.9562754845476716,0.15405104487887117,-0.15513980255298573,-0.37899835408188143,0.5999098159309105,-0.6599556215948816,-1.0572116186329998,-0.3884814400885185,-1.350375929707611
0.5279474785839239,1.3429639474503023,0.08786420797370048,-0.9608318491458748,0.6947362536200098,-0.6540938580714649,-1.3898443499028692,-0.29284497043404517,-0.7319885413950376,-0.8861424256993676,-0.3706963953225674,-0.27258567221394947
-0.055326006499150315,0.9785420407980694,0.6339874974089343,1.9404218119518841,0.7434131125470924,1.4880176323184888,1.460674193037431,1.824503436639934,-0.097402690827115,0.2411967626266459,-0.15657072078227505,-0.026332830692030185
0.2907081445524051,0.1855370756473047,-0.2666149883684049,-1.3869599298521122,0.3249854417535938,1.7313419849426863,-0.8442377788604977,0.17222924568743297,-0.35060295410878195,2.1795700303762415,1.0082106525503745,0.08218574379695143
1.2384668424904337,2.5328431430607807,0.4143894707350434,0.35071909520064537,-1.6892333814451626,-0.8399944001671363,-0.40330780234600705,-0.6482864485699549,-0.6254986963319378,-0.20942797497684418,-0.24293378077594627,-0.6693448900322571
-1.219631937118881,0.17533320124965135,-2.2488213155936507,-0.35264391902653514,-0.7862397890839691,0.10691703912315287,0.7766009449370477,-0.2183773904706927,0.8612483888736377,1.8600394000317704,1.028855814864968,0.9156950073956578
-1.525170675787854,0.17746815527331106,-1.4531684316179923,-1.1420085370475956,-0.3283995040016238,-0.559584614901414,1.0500904960155901,-1.6262591453147759,-1.5080649349124515,-2.51204337093466,-1.0585085102864276,-1.2610750853069403
0.39680120255674156,0.3525628205088607,-0.33124361551414294,-0.6896466974911337,0.7815150619938043,1.1782639006130986,-0.3284595091108056,0.5371299185647207,-0.5506799109557152,-0.6020220959238937,-0.6561824071686254,-2.0430180985999136
-0.040369844611224004,-1.1191923783013242,0.6802209340978665,-0.6973447920478824,-1.5378049730668009,0.03851035250965723,0.1931996163882932,-0.500898321060576,-0.2450899056642362,0.4272283406812166,0.3648610490637011,0.29606892239255445
-0.5759977205090757,-0.8722062132401167,-0.8819210196012723,-1.1785477017540564,0.17387115662945862,0.028447978846785682,-0.6145222672706527,-0.6230491595712119,-0.02051249435087163,-0.2779950770687625,0.3533483234130634,-0.046608046927036934
-0.3636253251908968,-0.05296348061045031,-1.266715756147279,-0.02146534932061528,-0.2622951353410349,0.03244695906463391,0.7345128342669452,-0.9224685369236139,-0.9742209595476063,1.1080409186345126,-1.173424238655325,-2.3774522025383575
0.11305446631552019,-0.8578215253652033,-0.16965972077559893,-0.6060436321364252,-2.072765278992918,-1.714880031320011,-2.15418907117394,-3.41416716258063,0.5485543472176164,1.5232433769353064,0.45806178713155754,1.162737702927216
0.5701518049792778,1.1158988530790164,0.3729380736509048,1.7782611077935266,-1.6415181457129036,-0.5855661048860697,-1.6412208831874207,-1.738341657854392,-0.34824205680716325,-0.5271851302001385,-0.5025500390652127,0.475924610433125
-1.2333991176858123,-1.9166017186026512,-0.5415933082709989,-1.1157861581154938,1.054248139644413,2.3262302907475556,0.5619780223020692,1.5245015942617015,0.38085933878706724,-0.8053272184136889,-0.7674904060468942,-0.879503128352286
-1.5941866155997753,-1.2557255504326332,-2.253937823191246,-1.2623706078130748,0.32017034604472977,-0.7248043236518501,0.33869422127597704,0.25652581916432177,0.03198827290026851,-1.0649998662806888,-1.1480462076368676,-0.06872126595725969
-0.8209605365096648,-0.9696676920882051,-0.41249149112967476,-0.2423760524348928,-0.5031975684607145,0.6183947377572648,0.10400527894665049,-1.3741750512774364,-1.872650739969433,-1.2634505560674774,-0.4896550582054897,-0.8102265245789726
1.008841409068475,0.7719199912093677,-0.5624631536169933,0.3781195381503702,-0.5421965553311052,1.4508324814457192,0.5873868061331917,0.23333148268603535,-0.5834845530491924,1.0083484121733854,0.27234470248357545,0.5090173619708916
0.9910548626117363,1.0821016121334721,1.6665153300707167,1.136492886584617,0.23987031612043974,0.6771878145800514,-0.11717121714719314,0.3469986370160405,-1.085839803935273,-1.2938180430882653,-0.6322980416201319,-1.1262357249788995
-0.49364329152191366,0.3465849809884307,-0.7204160944514025,-0.09864531239037178,-0.4033297433881756,-0.69879938497426,-0.6444665179325852,-1.1648521522173574,-2.6691894964195675e-4,-0.69997451595615,-0.894597807067197,-0.19706971200686146
-0.2182770773528242,-0.25178597709418743,-1.3328049906936197,-0.42212338641111263,-0.26096659972295133,1.5502365750851748,1.1593118502932078,0.028859445513555505,-1.2567429076191485,-0.3883759088873965,-0.3805428310187161,-1.0200571265206335
0.689999263352495,-0.32261497775469816,-0.4992731165885117,1.952753235721118,1.001987357927211,1.528225341153115,0.7146309285735915,1.2123523993854846,1.1875330818732799,1.0059165061282878,0.028104668610699282,-0.6403718742296052
0.48887583169506565,1.1279857658618884,0.2535955637088191,0.8471667925868305,0.11864054874497654,-0.6100241192945142,-0.25293344447316224,1.0363308345458688,-0.44233759271681605,0.028699981845132755,-0.7095150626898287,-0.7177163066618011
0.6670149066035801,-0.5309305090850366,1.5535733105938099,0.5452461669606696,-0.027636797149092146,0.2589043417341295,-0.2269435355665187,-0.638788759627829,-0.03166353868110239,0.07681280581428196,1.0110448235389184,-0.10472092359021468
-0.05048521284704188,0.37004042370833246,-0.25238044671362325,0.4063832029698146,0.6802220854298194,0.016710828949872053,-0.5142971647657808,0.9829976324901719,-0.3730442012672316,0.36583628001129986,-0.18353704882637867,-0.6166870709376542
0.44008299100623993,0.7580589082886475,0.13415881221749998,0.3796319500233546,-0.3083758459590558,-0.7903565429670039,-2.1573613636843523,0.3833324637627733,-0.15479019792364068,0.1813014230681112,0.7824875989797224,-0.06755661881518182
-1.2864951356398209,-0.9214232557032795,-0.5018557174315239,-0.12628701381206298,-0.3643939474537967,0.25874228634211016,0.40803468636405293,-0.31847893195394483,-0.24898104877941685,-1.5475125301321502,-1.8820378692788147,-1.546426449549084
1.7295897859860352,2.8200153359589804,1.5546119389907636,1.3066098396854955,-0.3377781465220291,-0.19006567765021426,-1.5617359398649857,-0.45787760235637287,0.6882843630067974,2.7907104946834673,0.2108843546990774,0.30542468559119046
-0.7041452738539089,-0.20653577587252114,-0.324733044534903,0.2974920053116744,-0.10993060528874232,-0.5662665832526937,0.08233702287196532,-0.5869205162611142,0.32083561514699505,0.6026863437690341,-0.16347851634976868,0.1435857409878587
1.6225876725470252,1.1357945504680296,0.3186863409236878,-0.23214952072929773,0.40067441295088374,-0.02973966688114911,-0.2216011119719236,-0.1787451726950604,1.6755868869514114,1.9149269247604708,-0.4297159861106663,1.1281634312792381
-0.9207664510495358,-0.06533050444058863,-1.2535642645323168,-2.501688502868571,0.47359966628574557,0.5916417741413382,-0.6099423163429258,0.44821979141115387,-1.2963208693677493,-2.1426614682909935,-0.6603705926027381,-1.0891046637900414
-0.34387202714187715,-0.29786123437184386,-0.15518678073255343,-1.1009338856838562,0.22526245352323998,0.9098009272433185,0.12344992300469271,0.35417226579243527,-0.7173991515667688,-0.1824215311371863,0.22078609375995417,1.3265804256180396
-0.25930366008302375,0.9505283231613614,0.8453152540479456,1.4493276457252486,-0.8631835173524419,-0.35695952626849303,-0.8286566834910223,-1.578681042553358,-0.790919411779182,0.46164181643885205,-0.4271171238787814,-0.42955791786260156
0.05345977259628698,-0.4036330292832112,-0.9701274841949041,0.8214851349674016,0.7158713131806483,1.128707936845488,1.359569424186143,-0.5860175494574201,-1.4299797107982863,1.0331625608164927,-1.1188348225546785,0.09462804512912829
0.33890575154305025,1.0221217358483816,-0.03118289065163496,0.03317609035944105,0.3133917979553029,1.54245124956809,0.8781697592954274,0.3479778798029366,1.2811889357143418,0.4090886834964178,0.27794791024390064,-0.8540368835947414
-0.7954681141576583,-0.5035601398098348,-1.5428079714434966,-0.792075589567891,1.1507896126632489,1.6550025543302769,1.0163272550505218,-0.03252093449601853,0.9971246249114767,0.2502468047429258,-0.3709976623081317,1.1411208812080178
0.3128901983949951,-0.7377605841122519,0.7046239887921353,-0.6448608332620229,-1.098471150512688,-0.2179027203697561,-1.1947744298316998,-1.4638116507247778,-0.20673253472966102,-1.043321098566738,0.38242265527551544,-0.642952804106218
-0.46758463543697953,-0.30057924996903357,-0.445437225669307,-0.40087323087529464,-0.4087926973488615,0.5376450932993535,-0.9828603955962849,1.22786930891018,1.3956708208044315,0.33818669652618283,0.6558815764696648,0.1728783180165951
-0.9730497789246682,-0.9077672594877828,-2.1323950281779283,-1.1780412875812651,0.6957787252953036,0.7338974344311684,1.76831932671814,1.622729508537304,0.9204767312023396,-0.10391087257396514,1.1536181050608374,0.9899620891624161
1.0424119165975172,1.0655243932462566,0.7153651758826242,-0.08597166722776611,-0.7565761091525668,-1.0737152337792488,-0.5702568367621712,-1.515325853825408,1.4543104619085414,-0.9686117827596065,-0.935258441744269,-0.23991087107578213
-0.4125003075208991,0.040806642149617656,-1.443470374530926,0.1431733158453791,0.6544730142658173,0.7514630363078899,0.6238636044147461,-0.0199169903234844,-1.133470551940639,-1.7368543014717703,0.1475942075122445,-1.590475586944018
-0.686359925593243,-1.280922472916863,0.045435365164455455,-0.8829386168747246,-0.24888634634327644,-0.20538510497458534,-1.4815118759306278,0.1439618181897403,0.4755122928030089,0.7347886890220895,2.045615339260867,-0.00986696941328602
-0.45054804895951306,0.13901408001710935,-0.8543401938142836,0.10593539828198312,1.791893869895003,1.340368866872321,0.4787441211231068,1.4321112849137796,-1.2831107667410688,-1.9567740533268767,1.1708816525657573,-0.8202961492701537
-1.710462660109039,-0.18752828653839626,-0.23844066850073609,-1.8709027568984382,1.2265794157201118,1.2970517419139709,0.4513663032106878,0.558164790600801,-0.6904228762536517,-0.3691281112263214,-1.3922612696139425,-1.2366636479154651
0.7874121142147421,0.8825507979928231,1.1531010406542148,1.639353039597636,-0.6712967474348608,1.162747480608616,0.3613318391374999,-0.4021375841776004,-1.1353419140579606,1.5335669855628706,-1.1618009362703043,0.9792628596979629
-2.2091453264990397,-2.435046082210634,-2.0617113958778623,-1.0821396089126136,-0.25460783820096977,0.46289346590075664,1.2596243735650001,0.24077787407186257,1.7832957898880113,-0.31642365114521553,0.8710814516604168,-0.09693913696966838
0.945119376887634,-0.02169567181664006,-0.5700348746845305,0.63145828079337,1.000675223391113,1.3153928324270339,-0.7476562400755521,-0.6316610320524865,0.6226620492809702,-0.4084042363377107,0.45718311843458903,0.7847951025702957
0.41788006759365726,-1.7461904926274783,-1.3734085707942807,-0.419670127980483,1.9692292558591795,1.9071021209373589,0.9063826823741581,2.525427898019325,-0.4792559167132911,0.08405422163443824,-1.0869043701155592,-0.37219713904918256
-1.216136861803602,-1.7339744739646945,-0.7402602847603915,-0.6756997399420211,1.7115600096007428,1.6904487851723022,-0.008120582897825246,0.1685865081354455,0.02318540909072697,-0.3402690678357605,-0.2981598028398712,1.4673982632068618
0.39583198662512264,-0.8950951072604937,-0.7656294073699742,-0.07175646323649526,-0.7373572272389031,-1.2636084125993394,-0.20874400297864304,-1.2732683968895455,0.48720728574644673,1.3452990311053645,0.8282708741964264,0.8199915419019492
-0.15640435190567517,0.4403787301971376,0.1696037652733432,-1.4563497349194572,-1.4126411771352148,-0.7494082996049751,-0.9241155810700358,-0.9373445380894062,-0.7893048239171941,0.005967103127858309,-0.5851391751330115,-1.163419865709836
2.5374894438682607,1.7917685176664184,-0.20632455246226633,-0.08239200161151694,-0.37696068183086334,-0.35178314857965065,0.19946929485304346,-0.5494613542072481,-1.0831537040666601,-0.7246722661702063,0.7323766244303525,0.809533576504323
-1.655934259101347,-1.5722175227466468,-1.3025796824003044,-1.812646054679099,-0.3797455898135911,-1.2778272306605416,-0.4679525528078433,0.5355326031277399,-0.7697406426814349,1.0081645744158274,-0.21629132920366656,0.05836267421044561
0.8061409278260652,1.3260507983547962,1.3598689888121247,1.3193201808351134,-0.5931771432004945,-0.631056069895047,-0.14622328025473905,-0.5364378074433435,2.390029057887512,2.701043409182165,2.9766026563473638,1.0023536728947364
0.5763572606008799,0.17630579441138353,0.26584196539737903,1.2636840506827964,0.35016343870957,1.0656061437897233,0.16030537148035973,-0.9407286547642145,-0.16562171518193902,-0.6914816509631959,-1.3951608511213933,-2.2149504345462505
-1.3090841941904747,-0.7443500128930709,-0.3876099197005074,-0.8553413830816963,-0.9853434473812486,-1.0639240245907542,-0.5135597793436442,-0.21713392668969578,-0.6141469187586228,-0.9907834633404019,-1.3127193197928526,-0.47340555377354554
-0.16554319332694645,0.8636547319613167,-0.03513063944223391,-0.6447218193981348,1.4861603311182368,-0.5391070897920374,0.9303822440744254,0.6094279265468886,1.4070817581726796,1.453999553398401,0.22250685950867033,0.5994088542833294
-1.323681881965123,-1.9886432186994472,-0.6993402606724098,-0.060392226732912446,1.7137225949873023,0.49442882806337785,-0.4327411115279062,-0.21651051295617563,0.9860144918448279,0.9831528580010944,1.229075790946648,0.31456218649092155
-1.6214351158694706,-1.6946521987919119,-0.30680814108121024,-1.2775530549722103,0.9545564872325921,0.024802201307959293,1.7162524492488607,-0.25032301419692593,-0.45892738747884715,-0.46180010491270196,0.4542007542189417,-0.9607298880566519
2.0835162033982595,1.6580626095794542,0.730532444730794,2.5820545768723253,-0.3299020826081844,0.41659108171059217,0.7430759571531911,-0.678911222220777,-0.4054861478475166,-1.4182955070096563,-2.6055345639953247,0.014401012991514639
1.1733757760268075,-0.1377677310294998,1.0824360766831924,1.5213822026434838,-1.1881037077535688,0.5296203958262007,1.7460952551395823,0.30833958277818024,-0.25796500593826804,-0.1606997592779954,-0.8157164954072385,-0.2882486410990778
0.1528480381913022,0.15550024077389418,-0.4537815419397003,0.5301572611935716,-1.2365934202702322,-1.0494380605594458,-0.8813342164401927,-1.1248563554123323,2.1464719484889603,0.6664404943499942,1.5871971325745455,1.0326696454433666
-1.123883950584811,-0.46398466402699734,-1.6396784191559235,-0.32583746404926894,-0.6685058505091436,-1.2072362426122127,-0.9256978104525863,-0.7169371263614305,-1.3862149853386627,-1.277030832511561,-2.0227797091555666,-1.3836955641326383
-0.24513588842018352,0.26377418543100084,0.16333975509206736,0.9661712710042784,1.5153731271487476,0.9045533460387499,1.0080375627979954,1.0899343684081264,-0.6854023176055644,-0.1581216403290557,-0.2186085179549023,0.33944000234851024
-2.264146089606539,-0.6949145856513531,-1.3875158387783597,-1.4088189897419903,0.5318795222892687,0.06393266060804487,-0.23607057410720983,0.27913773847634227,0.13394882109957312,0.8688007048460427,0.148345648347819,-0.08359597205638714
0.671938343524233,0.4677998426957559,0.9187432602273948,1.2760804506489687,1.1111707623064477,0.8231203888319727,0.1311748977858907,0.38523588784887963,0.6194499380801428,0.5006282971097866,0.4270998371867543,-0.009950471788839968
0.0198232828947138,0.8057492790576943,1.192751122663203,0.5447149925393294,2.176755273163269,0.8989492090495317,0.9789864668364583,0.9959272849517873,-0.1640415408892432,-0.9212872148413679,-1.2354089627566769,-0.049214800852164745
-1.6151947354654121,0.5513572206716212,0.39750414624779795,0.8970589636126951,-0.10200921916864197,0.9954776412407074,-0.14436125738650393,-0.6101663716348459,0.8262505341798707,1.0532284853429221,1.2433835447314343,2.2871834871947003
-0.17763794325456178,-0.15076870658017955,-1.3610326716099324,0.3624795513282117,0.035931649981824854,-0.026580027644609427,-0.9835360829770352,-1.8234313707745757,0.15374613597179015,-1.0875241859218667,0.31972089390255243,0.2003126656476813
0.09581561613362954,-0.4934412881139575,0.4704368243405487,0.6401804622305509,-2.774019025968977,-2.4957281363900035,-1.7413740831336693,-1.6700453740141685,0.5126337376163717,0.0010300016613224994,0.026879377129970072,-0.21588304383619533
0.8133008913905648,1.796669636821262,1.0299641178315782,1.0316006720927398,-0.07299574830319469,-0.6684576162274408,-0.15137548050176222,0.2071815655229553,-0.04136676646766774,0.6734808548244031,-0.7763509085489156,0.5475640383137984
0.08853482241310229,-0.19525921901282722,0.163128631153183,0.19720096109407764,0.14794681394876225,0.33844091725400877,-0.3674244790384482,0.787168504459295,-0.3983504543415369,0.8342181261039701,0.704518049465918,-0.06769076020832182
-0.025411220604020637,-0.4236478109200535,0.8060252097330738,0.6953205661418014,1.0799234106317936,0.19753557851264603,0.8301602394845329,-0.4698400921860011,-0.4981124026333511,-0.4820744326418531,0.5786181632901565,-0.22787123637392645
1.3587597597472354,0.40100638685950873,0.3991276914262181,0.31216533131925256,-0.5325099282318467,-1.145903413324669,-0.3494078102131798,0.4044011873627832,0.11045000716882708,0.6543759391165257,-0.719483248839753,0.6059701542178877
-0.5139728443625331,0.2980322707430338,0.024366937806201833,0.642973203665191,0.3755444267344427,-1.1969671701279958,-0.6446611349541639,-0.35301619795517125,-0.7940127957505085,-0.39342856465626397,-0.7232411049417632,-1.7176636906359
1.5406126877336568,1.0093995174558437,1.2279943470754957,-0.43700167968896464,0.02937798090987033,0.10402249572350568,-0.029909618243763633,0.623023670327936,1.6314673720471817,1.665460713702982,2.1189166901880268,1.8420122494202886
-1.0496291059975786,-0.6996828823257837,-0.6922177212255578,-1.4970489419702016,-0.1619704043290645,0.7357753822116087,0.22083837667783585,0.4858330673838882,-0.40569625126648656,0.5679094874825205,2.0528544373078614,-0.010764609818362691
-0.48086199630631754,-0.37376566275583684,0.17495750996912648,-0.24262957584202666,1.6819345444166998,0.03471134055643277,0.9556015778316909,-0.48970860896832347,-0.07500169297154585,-0.5465873769122673,-0.48590490231033495,-0.96569193482982
0.3901785173731562,0.8637580704849779,0.45202998872101957,-0.033154217115205054,-0.7738908726946666,0.3852860596184794,-0.4300386183520472,-0.9590048105103977,-0.5093725064797185,-0.5829573446102181,0.8289542289426449,-1.1421028335697718
-0.8636696908150953,-0.3366933262058544,0.392858789999616,0.35892568406437286,0.05090188932671538,-0.9444092641049092,0.05873117106477707,-0.636128194457876,-1.8020406747521311,-1.2820741354395482,-0.20221682843114375,-1.3341322386908594
-1.7087109633128912,-0.7972611852313671,-1.037983482887975,-1.7107750418494307,0.8034784589356665,-0.2578004472222208,0.6174265008172425,0.15539054420830292,-0.033085797782353876,-0.19678003137829925,-1.159368140602441,-1.0607704410008647
-0.4449594394069402,0.05805473971744274,0.6366860529735389,-0.7344567970162217,-0.06830017595526405,0.053942107107290506,0.6850283870477496,-0.8946077702579336,-1.6223075072591888,-0.4578491437975125,-1.3314378117232502,-1.2190970699052188
-0.835248490743832,-0.25911362498367774,-1.1384323130812004,-0.9183076899072709,0.6228408486995982,1.188604305377886,1.3672852039095336,0.5515724424125141,0.6111276622296602,1.4873102958913402,7.817554314787922e-4,1.0674710846490667
-0.05548807235301506,-0.07498482010257035,-1.0322104831501002,0.2929706321605643,0.08294728088430081,-2.1809878186902365,-1.6397844837217948,-1.490763578829142,0.13934176192600223,0.5443415194410816,-0.13451665311107563,0.3090156669368239
0.3504947758849725,0.5522093084531208,0.11344297263479641,-0.6240148133057425,0.969830452809076,0.6606788885105901,-0.1782122598465502,-0.01948881683374465,0.48312184571368477,-0.16508666258394344,0.6195391530877117,0.11510140042956603
1.0817331277427704,1.4146361936959473,1.1278657839222772,1.2126681178820509,0.4076366156522865,0.6111578920857166,0.00901364931482862,1.1893302228836697,0.3280816636874424,1.9970640833796476,2.4069124745109125,1.9036471122605243
0.33185391365974376,0.7405675545254853,0.5810532719851316,0.3953507507368024,-1.2584327743915749,-1.375468158013364,-0.46864261558303233,0.6796637452068253,0.30548744523956606,-0.8489137660516357,0.873607132918885,0.5769803538232499
0.11054664529170866,0.8980572515827164,1.2672955195314883,-0.18582525726946253,0.30961774560302224,-0.9697450031113899,-0.3351734637338793,0.7214730344521165,-0.4801972976291292,-1.8872104342284601,-0.7682775819359905,-1.3239357496810804
-2.0637609548283753,-3.3999742811721587,-1.1013111335152526,-1.4111042215314762,-0.47598528000280804,-0.9163185498288358,0.167548685413335,-1.6515620080782492,-0.7734467691172229,0.4142857205389603,0.28198182029148244,-0.5141913967963352
0.2312777453575558,-0.04321622725406893,-0.02063604651262725,0.2520258381029393,-0.6785507179641397,-0.43482738793859455,0.266539488727257,0.9637328358683419,-0.029246565933493063,0.21421186590392138,-0.9793804506197827,-2.2288660647798433
-1.6474658400862872,-1.591987061980019,-1.799772078151102,-1.073903064720272,0.225044128152362,0.7125417205736676,-0.3736732607247546,-0.9231477183309746,-2.1244839331078342,-0.8676538442336623,-0.7998758228945795,-0.963311077358576
-1.2205708911527466,-1.139499728605909,-2.3386828411394047,-0.40589150149598796,-1.2245664453258194,-1.4737041442085277,-0.044900455940677916,-0.918938497918492,0.7715017854110634,1.4821363306664386,-0.17323112714666022,1.1921862010461637
0.3045696214694321,1.307425010963395,0.17811064754859163,0.7905303527933508,1.262245507822977,2.765041751045332,2.803299942248546,1.9921702663011902,-1.1454602386050396,0.2479759832410868,1.629052593916455,0.32953070617774244
0.10294386918381737,0.7867199583628035,1.5055989116911301,0.25042639454842197,-0.6557825324333424,-0.32167659644612445,0.22235713783169656,0.7710250939730597,0.4234382117175437,-0.8544129685384358,-1.6975458622882087,-0.8182077234991996
1.0816708438296407,0.9079599456957664,-0.1298853286640107,-0.048785323819148296,-1.3198541194911027,-0.32625555242450377,-0.2885183289065244,-0.7600001119004778,-0.5823485503869428,0.2559671723277628,0.34152529187073905,2.054758339216745
-0.49146507706988396,-1.125717396495184,-1.0528352616025631,0.48751165742114466,-0.24682380832361128,-0.42981969750194116,-0.7218214586554127,-0.34694471509696745,0.4978302186561938,1.1306802501458333,0.33479471660968985,0.08832217455857527
-0.41574124282763403,-2.000548742693279,-1.363370493657341,-1.4293750892290706,0.8001577160782121,0.28748472735664116,0.3502716252673848,0.4820229508806165,-1.1787764370572384,-0.6977915384975008,-2.1426824591762985,-1.0767340798112244
-0.364458114724738,0.22589818290526753,-0.3362764676732697,0.8381376028071571,-0.09603203197402119,-0.11695766743221975,-0.14460598194104385,0.060064088689899875,0.0455865236243926,-1.9046018168281889,0.21593254045397342,0.9069139117058821
-1.4863645744250302,-1.0376787253662576,-1.4100575461769498,-0.6740940065653473,0.7691956628531187,0.1438662655178517,2.2204910222954792,0.9998272100652438,-0.48397045385753723,0.5025147354788875,2.0487423599207397,0.7296857704889321
1.7651095780218176,2.296772130557826,2.9724975317940294,1.8954029774332044,-0.9441495641343787,-0.8987834473862935,-0.9820368312364407,0.32627601555999075,-0.2908965487287641,-0.4474405051888806,0.8813867310935715,0.537562326908795
0.6363406192798783,0.8908235632865413,-0.443651885373881,1.5475128696632448,0.9049205044446504,-0.46642460691493015,0.09362325753555711,0.6838415230462125,-0.852510776204534,1.306945717497773,0.47130878774056684,1.0052722096910163
-0.33735889204801844,0.15721500716289208,-0.10113412801760269,0.5388230517786314,0.144563058750715,0.03212629020618646,-0.33740435753330156,0.3467074437280861,0.32235468251653315,0.3733146144863641,0.9239410262907428,0.5082284381628961
-1.55530372759286,-2.3360214880990773,-1.2540134079102983,-1.5133464700005974,-0.32611224466579125,-1.751562076565931,-0.8463711609302245,-0.361214906596208,0.5013636430430243,0.1513583814856725,-0.7459356376301903,0.04706499089834359
0.9309341466950496,1.277239560487783,1.6866646877878169,-0.7966810575685304,-0.9371098616182719,-0.13072126680759752,-0.03715730758589743,-1.2333487671201153,2.773804873880835,3.0652953302540524,2.4528824827074556,2.458441094930498
1.1786978825595733,1.1255643101286559,0.5663296384516071,0.7569414154844584,-0.6468067348616859,-0.881896490840692,-0.7939829676312382,0.05522728290161738,-0.04327140223834437,-0.31626040909683156,0.01950455083415431,-1.2556708391617923
0.0988071874684125,0.1121116909544969,0.38756037588074055,1.7061829828442883,-0.3146196685201981,0.09310729911885132,0.5794252744745594,0.26687569533367894,-0.5109270635984754,-1.6336698215680356,-1.5638409519940062,-1.2330508433731855
-0.036160536797065476,0.5000732691591092,0.2434212658913501,-1.1830111674403996,0.05395965579082329,1.9698911373852483,1.7874282828538812,0.8209249545205012,-0.5419397254187064,-0.622101061192168,-0.07330903876247308,-0.805144237069273
1.657794483125044,1.1907941517478926,0.9522445407663291,2.1151828789766167,-0.09285481799295622,-1.1914453489458505,0.5679011081881554,0.28438625445493526,0.8053673297832817,0.5160834755082111,-0.8008179575287191,-1.3193239858114818
1.746289789429872,2.117088115104008,-0.9365002413502861,1.0329436652818016,-0.6358974402371634,0.05323520649634263,-0.9287480419479363,-0.29248728119995715,0.9260998680598118,1.6478989638976584,2.2282907387254496,0.8198634665966451
0.5366511516232572,0.09175935814775599,1.3727243854407343,-0.2922254944601166,-1.674049329376957,-1.395035593858416,-1.4070111600029882,-1.1539180853349054,-0.4528314128116333,-1.8120261330025764,-2.062331735006496,-0.3237497260046285
1.1421828733950892,0.8712505435738083,0.6631160037434238,1.0719555237640395,-0.0990519412168824,0.44516223574165037,0.40283672041472607,0.2656630416153077,-0.44514091578641923,-1.4580921524414818,-1.5205569896104691,-0.41592327404655305
0.3505147100886653,-0.48258136449017613,0.5419310066052991,2.1758851482418984,-0.08748257635600329,-0.8524745129954642,-0.4939960579339342,0.1725132181542526,-1.2076943451791455,-1.8258537136207702,0.5846882800185365,0.3846237198002775
2.6864325154153206,1.4081296992892085,1.8619271022845845,2.638942241877256,0.29603480851526454,0.17833915721952875,1.2254085532729126,-0.10573988978185933,0.06373392641443465,1.522064410669122,0.17287308884140512,-0.045633484573269434
0.6463652385105785,0.7556014900191719,0.6361509545036833,1.693481984640623,-1.1116648900577137,-1.2657635750077918,-1.6844626223611268,-0.4616695791832319,1.121229438961178,0.11850672181827954,0.47093674176620853,1.4165679537302283
0.879706228955607,1.6668574534695053,1.364318169625416,-0.12295686904301584,-0.6981951632795689,-0.4619918449053816,0.3629803508181211,0.014243872429653082,0.2069774769877797,0.04885399909846802,0.8863431333960642,-0.7425147939454346
0.9392720037742941,1.1687787737029498,1.6598510063592475,0.554220834818079,0.6664688953942498,-0.03408534266790736,-0.14645838175270387,0.1245797384828824,-0.060463214641700125,-0.7456439804860489,0.02337414878777022,-0.8678240256203542
0.8832241115262092,-0.39474015452580924,-0.07990783481476715,0.3364155290444415,0.1490151760322546,-0.6767340513829075,-0.43999416875341324,0.24055966367626333,1.958876231290055,2.2908832523680633,2.4429240105296435,0.7026861845872369
1.6846624274167885,1.0648725312743097,0.9358480823592593,1.4662932839733243,-1.7536848172789665,-1.7145633008927894,-0.0479026571393919,0.08586020629468216,0.06214592811447278,-0.6894831299626055,-0.7571539251809757,0.03516728080684134
1.0198542860439186,-0.39152482665419164,0.10533234547578232,-0.01828831881965587,0.25960033516962616,1.1504302766381518,0.5332239151057311,0.22305810913990287,1.1455408562323894,0.259104295097719,-0.11476520607575048,0.44017211341620455
-2.5564496585139516,-1.1867987690710424,-1.7272504572934013,-0.5341283316763449,1.5686897793017658,1.6981305223626595,1.181240902200036,2.055169163243077,2.3129281812623512,0.27272522141434224,0.11134766853886913,1.6144518781382895
-0.9939895814856532,-2.031563250491607,-1.2312489747993216,-0.9897185918308433,-1.479833417311215,-0.30505443343084593,-0.0671151517326998,0.18747058785596837,-0.027020706832656782,-0.6335950280789243,-1.7857934737048744,-0.5781239692560501
3.4313623930921118,2.561251071083606,2.1348227553209536,1.7162073478679836,0.6656159760791793,0.05884851694812897,0.09139591444051151,-0.9568387741209996,-0.6652410318698826,-0.38467681573011525,-0.30163693488777354,-0.4151456228196865
1.9920008757847025,2.681198831842086,1.7118045655536251,2.111280700274854,-0.8295487304906917,-0.8652495219650849,0.714613328274335,0.2901233504210856,1.264505220994136,0.8673969758748687,1.0533476197670706,0.342943284052642
-1.3077026569052215,0.021355065551302246,1.1719564313465027,0.9400581587666199,-0.25463324926315445,-0.1767432021986225,-0.18036359270615676,-0.16217953500080862,0.7039339568977555,-0.44153961213280346,-0.6609318296236988,-0.39439566861409747
-1.6773157991161152,-1.0065061936407464,-3.284438617416055,-1.947644131310128,-0.6974400926857796,-0.8476608524650983,-1.1167511741940932,-2.5767720442454713,0.2984726161104653,0.2615877045814179,-1.0952521543044604,-0.3024878772502165
-0.7141311715077057,-1.06649774742476,0.7376503901036273,-1.626643578045054,0.009509868140279543,-0.835025231454402,2.152802597977111,0.32210757150577335,1.5926234220224202,0.15677952733518274,-0.21204238024756644,1.0932988885530397
-0.19457736206847187,-1.2602369329973477,-1.528612536529754,-1.6845114214247456,-0.08696527991459846,-0.1450767034492978,-0.2887448033257812,-0.15888414638689125,-0.37357011814485364,-0.2041360228174358,-1.0755819874456487,-1.1610302128067755
-1.6466853722439225,-0.7310067507909791,-0.5170313739993007,-0.9918808580481191,1.3299970878646226,1.6191674529018454,-0.0783815178016265,1.2318596848829317,0.603369454399808,0.4141501040679147,1.3780072165357746,0.8024037356733498
0.4444089881325862,0.7383948902099382,0.8146085102957065,0.3721191221934692,-0.06244057816037776,0.2346704500679634,0.5028580373743511,-0.4731277314112097,0.03826575439540056,-0.20216972424438556,0.376834829453474,-0.4927391987663977
1.1278716250915524,-0.7521213425210753,0.4359211934468816,1.3063840122036088,0.21003071525788863,-0.3983894226237161,-0.3733039877763157,0.052946512622234154,0.07640000397404695,0.038334559107356725,0.031645446444026004,-0.49845911785443336
0.6434981538482158,0.9619751744737528,1.2340583134761764,2.2807550310829825,-0.7381851804135554,-1.6003628156207919,0.0924628331136006,-1.5901050209908438,-1.3055811018515384,-1.8628681796169229,-1.6806228882850784,0.028093653146580744
-1.350911588839752,-1.2470579001982351,-0.1674315243739668,-1.7520977772435962,-0.07684756094326706,-0.6721673226807596,-0.7859498178587387,-0.2335374526597857,-0.015283377851583069,1.2237907197883149,1.514770877792233,0.8753969857502499
-1.4813804152635122,-1.0533612913421282,-1.1877642276231921,-1.9169853872444582,1.4674976618692717,1.1623678522636953,0.6001598898603249,0.4293944897375647,-0.4931277248066086,0.3024515327835822,0.6529390141601912,-0.1582378157058689
-0.12925891826656105,0.9827131434825689,0.9663044865106425,-0.030839033955094408,0.3859442978063769,1.003398473374396,1.1970460068094853,3.052950735602141,-0.2286676611983232,-0.496461300677025,1.5698349105028724,-1.2427424112200072
-0.0035941038666229552,1.8652144344987165,-0.12212537343743302,0.6318615370967129,0.12639491756733973,0.04959646688771659,0.004903888140601139,0.4062460242133401,-0.7151661483379776,-1.7590011721453251,0.4484781318930735,-0.9288373699250196
0.16509789172169803,0.012336198649109675,-0.7031452530922628,-1.230237674166535,0.15926630573192888,-0.15476292158400798,-0.28651348827538514,0.8312729531979272,-0.4629575375858854,0.33899583601643724,-0.9976090255045416,-0.8265900571396327
-1.0405420359364028,-0.49024421468087337,-0.3608686808856309,-1.8302836735100978,-0.7549871966972317,-0.0012650922103359594,-1.0377231697094724,1.6371202564012026,0.7085644681768842,0.961412740892502,0.8808489917649414,0.7155653521107819
2.074299241515491,1.847058090930282,1.6017247979070133,1.4871930911020204,-2.0832633569230543,-1.2859891928354743,-1.61127488743176,-0.07545212375623578,-0.30069845190092614,-0.10244221002961462,-0.3717136284235968,-0.2609152907279392
0.991764952554274,1.2646001452502582,1.1032056336211797,0.5486351681506123,-1.402895919753631,-1.2782407789293293,-1.9163175918475834,-0.7487040187873029,0.5168761525927165,-0.46419827259265056,0.03233481250447742,-0.17169213006602996
0.8205514612981634,2.252388532869039,0.7110255202812528,0.8525060049285326,1.893173660373951,0.8140810865395489,0.19560946996174552,0.6312209453600366,-0.33761984312643445,-0.6339126779664314,-0.19481213963228078,-0.5543853690171722
0.1275585430603477,0.7988687805362222,0.7360392868312808,0.21837032500667375,-1.0339338015204864,-1.1288297733347796,0.5392134622805719,-0.8510376550202804,0.6878554699181993,1.1909243030907761,0.8891466361336723,0.34503339766014196
-0.5927857384331372,-0.6905316171210292,-0.3151790996117778,-0.6164071781553061,0.28164122765123384,-1.0158595743502992,0.3974986838046146,1.315722373465103,1.0895539393653606,0.485745997084687,0.7015747167433953,0.8199644496347565
-0.4756561949017797,-0.4117310087742554,-2.7134647063744692,-1.1256103895089378,-0.3037996643332952,0.05764675184741486,-0.21641420278855394,-0.1029174426854681,1.5055675613027097,-0.429725938958949,0.173142485447895,-1.0309783757496043
1.774943323315164,0.10069268013734134,1.737950779316622,2.07703710508326,-0.4487004678918312,-0.5472038256094321,-0.924722265037871,-1.8559064461143018,-0.2318876549582795,-1.1490216542454585,0.7922703500510241,0.12648578877873015
0.7507476552372938,0.5272057239699379,-0.8271824858685489,-0.36953771254011103,0.6297705812883657,0.5859294716583353,-0.35959013747626684,-0.5484768435695578,0.10513053014373763,0.9331382783528894,1.0016980047142328,1.8655329799316878
-0.647643928242896,-0.8798934806031913,0.29192061746663833,0.5741080351406275,-1.2862411078374987,-1.1057012661434649,-0.43575334652087216,-0.9486722285757513,1.23486122166991,1.5350444938716084,0.7671635197108713,0.4032418057078685
1.1442154182016249,0.7791139855013186,1.712438442518389,0.044721968596861394,0.23677793595869737,0.653875903813203,-0.6476849656944735,-1.362398198478486,-0.695596209473271,0.17476229508064123,0.43956043543631407,0.7987296583563003
-0.9933000318863305,-0.5620876926045697,-0.6672330556320119,-0.36438024378699063,-0.6440651718471471,0.48511592233431877,-0.6659930070941207,-0.15306304008894378,0.3611914669190117,1.5176151651657341,-0.31408709927364015,1.0451457550525276
-0.9772380947627171,1.3108059196694546,0.4300814964515834,-0.9200718254988023,1.7762160128303979,2.0364163362965337,1.0273735690017727,1.8600421409166694,-0.04775581913956464,0.3932553331373475,-0.2705683385345477,-0.4617651665064871
-0.7198714164332036,0.6198125409811757,0.015064244757694079,-0.023742608609791716,-1.089508652747745,0.21839472635349727,-0.9663535288948017,-0.5976284568861406,2.25893184081161,0.9748931907367516,1.7042452316540606,1.688906789830503
-1.6564690461169258,-1.2727744986094276,-2.526502682308397,-1.4329943568638355,0.7093888356006888,0.7454942476976013,-0.5958170055498238,1.3787265451929447,-1.679720201320662,-1.5148049057574093,-0.9056906079640132,-0.9118576735957993
0.03302186628069692,-1.1809331995834391,-1.3345877558362607,0.4516831102345443,0.9508788706607292,-1.0804609375258913,1.3056148938585923,0.6516017387340014,1.2054136890345843,-1.1650307547181882,0.6351961204303761,0.5304343816147363
-0.4502191156690142,0.5392677126177128,-0.856267364592407,-1.380531849032395,1.439147549931248,1.3349555778166615,1.5410104377827187,2.5938934087242944,0.620613484461604,-0.4969442795367107,-0.2747246265154769,-0.3924590069416458
