z,y,p_miss,y_obs
0.5205890729185231,0.4714705919458665,0.6763526974436308,0.4714705919458665
-1.07969076235228,-0.5163363881527525,0.10494550659918075,-0.5163363881527525
0.1392381150192734,0.1478927851287094,0.5126544488249776,NA
-0.08474878494857653,-0.7110825724681087,0.41276471974141316,-0.7110825724681087
-0.6666396152845961,-0.8955367380180819,0.1978238383175344,-0.8955367380180819
-2.5160890320094564,-1.0265242443006664,0.008758268050430165,-1.0265242443006664
-0.735146797456677,-0.6929976990396782,0.17898134698812757,NA
-1.020122263135093,-0.43280318145463514,0.11545218864808286,-0.43280318145463514
0.1135544412973069,-0.3378619275051479,0.5010994968115506,NA
-0.4737909818400949,-1.4568096698273227,0.25868322876205063,-1.4568096698273227
-0.4082147043379282,0.6020621031377991,0.28195465372563455,0.6020621031377991
-0.7304332785936144,-0.5172454569624312,0.18023149204949737,-0.5172454569624312
-0.22143659940617358,-0.34458158110878534,0.3546672889876732,-0.34458158110878534
-0.22581652442895142,0.20127466520102652,0.3528649170103671,0.20127466520102652
-2.5468814461282956,0.16001642707315944,0.008289951935745684,0.16001642707315944
1.3470014992970316,0.8353221975128047,0.9024371884361857,NA
0.6164081458499691,1.5056132640415683,0.7129049308753344,1.5056132640415683
0.21756433830788768,0.8162075588367992,0.5477579158175913,NA
-0.8047188304002632,-0.8890686690580949,0.16131260791632365,-0.8890686690580949
0.6897467776258196,0.924862218840474,0.7391478505493904,NA
-0.32867201409023966,-0.06623037566690432,0.31182315617560225,NA
-0.16468157692584026,0.5735472175047966,0.3783807417171729,0.5735472175047966
-1.392028879771304,-0.3036079128644753,0.0626406680818201,-0.3036079128644753
1.4658247612013915,0.5713193912395391,0.9197152610010999,NA
0.048206808225443785,-1.1662870762773503,0.4717232674548799,NA
1.908083834641989,1.4920881313035463,0.9621139856493176,NA
1.7309445272373212,1.2387300627646747,0.9486171166439252,NA
0.058145837259296236,-0.4135735231462155,0.4761836633963048,NA
0.6453281617751712,0.8574188693788756,0.7234401749404554,NA
1.7256289865063028,0.8487095418032726,0.9481487410952285,NA
-0.5289669174562458,0.9448507047633203,0.24009833805373657,0.9448507047633203
0.16639202561255087,0.2199887307647686,0.5248559059417117,0.2199887307647686
-0.25472357476394647,-0.47169011685381224,0.34107609903843283,-0.47169011685381224
0.33278235943790935,1.2317995298439925,0.5984493574902073,NA
0.18243281282763463,-1.6878139540386405,0.532050758322584,NA
1.1645937495180019,0.5624948054931145,0.8694686385360162,NA
0.5934928507278675,1.0342359448589868,0.7043891607015095,1.0342359448589868
-0.8917797292173691,-0.5048567451206408,0.14121882443602402,-0.5048567451206408
0.5772533103574027,0.35835293103233223,0.6982663527374307,0.35835293103233223
-0.8249055810580428,0.013221813589102405,0.15645694998112553,NA
-1.1572538576234426,-1.7279619602023595,0.09253593233579789,-1.7279619602023595
0.7779987740062135,0.08615655516164517,0.7685955411407385,NA
-1.2042217859730673,-1.0624954922866179,0.08567702149854149,-1.0624954922866179
0.30671410214768013,-0.1056114230244313,0.5871231875606356,NA
-0.8336585406420559,0.24290724887103943,0.15438882744825586,0.24290724887103943
1.4181411635037482,0.4338828960676889,0.9131449580276452,0.4338828960676889
0.7117861178507183,0.28248420647979494,0.746723844233505,0.28248420647979494
-0.4024977228623734,-0.8765584294102851,0.2840427097993002,NA
0.7993622187145086,-0.832342939158967,0.7753641239406548,NA
0.4264844355569482,1.7206180611545634,0.6382258242621215,NA
-1.1698986699356224,-0.20753268319879803,0.09064229412561646,-0.20753268319879803
-0.20620016029301858,-0.35311628545415064,0.3609691374578664,NA
-0.9306103092436119,-0.18550940954765843,0.13295287853130158,-0.18550940954765843
0.4493975657917373,0.30638825243413564,0.6476934003185741,0.30638825243413564
-0.6448064545623131,-0.713904291038567,0.2041344176615173,-0.713904291038567
-0.23142268981095815,-0.8779412862566511,0.35056403783001117,-0.8779412862566511
-1.23636801144537,-1.0990646663479327,0.08125155335163628,-1.0990646663479327
-0.9609552982230154,-1.7487521432810729,0.12678162640477783,-1.7487521432810729
0.1339562815695613,-1.2648571897892507,0.5102788783145094,NA
-0.9990527229692837,-1.9300292164066741,0.11938206271544136,-1.9300292164066741
-0.14147069081321334,-0.755440211651988,0.38825641208879147,NA
0.167329899648813,0.005308873064947137,0.5252768885126116,0.005308873064947137
-0.19878861267168074,-0.9522145883364712,0.3640521346522827,NA
-0.29120718809209706,0.5992728142644766,0.32647473613627287,0.5992728142644766
-1.734397034249288,-1.51153436914763,0.034826991603536056,-1.51153436914763
-0.2727283317326037,-0.7757874081617859,0.333830448053078,-0.7757874081617859
-1.7999294816968234,-0.9795709051483261,0.03107230547921578,-0.9795709051483261
1.1527409768030379,0.6294141244741103,0.8670281229523195,NA
-1.003319485592004,-1.4721275174310087,0.11857700358153786,-1.4721275174310087
0.14821004429253856,0.9968055382460306,0.5166883188575526,0.9968055382460306
0.5194966807491763,0.3477910183113864,0.6759221244514233,NA
0.0054362944757612814,0.8622936505183911,0.4525891963616322,0.8622936505183911
1.3470208346539407,1.2612684852713028,0.9024402526559288,NA
-0.8470334172959956,0.1579942677428594,0.15127188009184617,0.1579942677428594
0.44339801731577183,-0.6136409152122412,0.6452252572288704,NA
-0.9771494683233135,-1.162501628687335,0.12358949518426021,-1.162501628687335
2.1244911355136065,1.0395324110476256,0.9740194741018,NA
0.6876989605615415,-0.7816465147012543,0.7384365192560314,NA
-0.3433682201803964,0.174441209469945,0.30617502912301386,NA
0.7851694726739458,0.7325673835957508,0.7708832172188136,NA
-1.1555774607705174,-0.6817416402433503,0.09278963390920116,-0.6817416402433503
1.508916346392698,-0.3546490219331597,0.9252593131925081,NA
-1.155496160257356,-1.0841089072206818,0.09280195358097872,-1.0841089072206818
-1.5568118102066841,-0.4696261149163905,0.04732382155931762,-0.4696261149163905
-0.05524792522355664,-0.5214468995941425,0.42569285378990096,-0.5214468995941425
0.8491931627027149,0.44008858852076016,0.7906003046874885,NA
-0.011096722503659217,0.09581716252704177,0.4452271620569313,NA
-0.7603138317807185,0.46888929723853084,0.1724210732311009,0.46888929723853084
1.1757992516762397,0.7243133729247,0.8717407706359231,NA
2.414449709034758,1.1462898915934374,0.9844191546097021,NA
-1.9585127682261312,-0.8691499988876623,0.023537924516337936,-0.8691499988876623
1.4735898934298002,0.1375763630848028,0.9207412917991569,NA
-0.47488396149873036,-2.4098338924630154,0.25830613408052994,-2.4098338924630154
0.9811709837858738,0.5336578822683122,0.8272280321155606,0.5336578822683122
-1.8243552195365607,-1.7510213463193776,0.029775563126401495,-1.7510213463193776
-0.26061081735226793,-0.7921436539381913,0.33869851357049774,-0.7921436539381913
-0.9588453125736602,0.5415196143624431,0.12720268904138357,NA
-0.4902957100665249,0.156061112999606,0.25302710572536014,NA
-1.0772967136006564,0.055231365512509734,0.10535097603416554,0.055231365512509734
0.36942591054444635,1.4888891871714147,0.6141917375714703,NA
1.2162664811393502,-0.08211863143109066,0.8796669088459673,NA
-0.49384323561410304,-0.3247492155660815,0.2518221139396972,NA
-0.22778472097718766,0.6950748318659421,0.352056347016849,NA
-1.1116488870472734,-0.4043975258939159,0.09966359637138295,-0.4043975258939159
0.995833089409624,0.19891167610040716,0.8309674832121472,NA
0.5618288909460871,0.2846868386768007,0.6923847541022294,NA
-1.5642785565158785,-1.9140832943364119,0.04672155567825085,-1.9140832943364119
1.4810770191053098,1.6319270118155,0.9217192270381184,NA
-1.1692051501122338,-0.043448821514584623,0.09074524237271865,-0.043448821514584623
-1.0520135374663553,-1.197565980049185,0.10971804506424157,-1.197565980049185
-1.471845524829025,0.2852540967945364,0.0547163773415326,NA
-1.193436920764185,0.32581176726921235,0.08721003045435073,0.32581176726921235
-0.34797942469193677,-1.395773587116257,0.304414650966618,-1.395773587116257
0.5328225431494183,1.7045514258902945,0.6811540839741459,NA
-0.7109885758508426,-0.638516730779971,0.1854607364132042,-0.638516730779971
-0.19898913763240356,0.9842165325858919,0.36396857344115624,NA
-0.28137332351846445,-1.5540783734687367,0.3303788712565388,-1.5540783734687367
1.170926275204979,0.7065761046879903,0.870756853746504,NA
2.28873318592,1.4777367274805782,0.9805395682062293,NA
-1.0688566144990768,-0.9328120060015828,0.10679148042889049,-0.9328120060015828
1.9062041885624212,1.5221704204080488,0.9619904668187987,NA
2.131797718478869,0.5486528990526753,0.974350222000405,NA
0.23145636301535213,-0.1134152138180925,0.5539445830084396,-0.1134152138180925
0.896945737827196,-0.294491212885444,0.804475107877436,-0.294491212885444
-1.73879271235152,-0.9206256787813439,0.034562006323459946,-0.9206256787813439
0.46884794013553155,0.12461096940462649,0.6556404642436878,NA
-0.5441476731977386,-0.378408293304804,0.23514825829771563,-0.378408293304804
-0.16541415380844707,0.46413648574692656,0.3780706361992569,0.46413648574692656
0.552166562572813,-0.06355828928966933,0.6886680819902375,NA
1.0333302116034964,0.37110516009944805,0.8402372487557341,NA
-0.04617880478354561,-0.055617128173779326,0.4296885800376721,NA
2.638707312595789,1.3927630374707634,0.9895399113222747,NA
0.5890057492250178,1.0497481470112269,0.7027046003231892,1.0497481470112269
-0.2023773342292117,0.6572689785602097,0.3625579143490826,0.6572689785602097
0.44156013800238225,1.8226451314086103,0.6444676190516023,NA
-0.10025770208283447,-0.31998988044527404,0.40601502364336317,NA
-1.0934039919911087,0.7111049829589384,0.10264941475489057,0.7111049829589384
0.5032473385826499,0.44102535208309956,0.6694824538716266,NA
0.9492400911176353,-1.0200284056057658,0.818858405152086,NA
0.38280205602231215,-0.9303719811285782,0.6198811268384462,NA
0.37157821089805304,-0.7312932554363596,0.6151093478001406,-0.7312932554363596
0.1572164016514246,-0.8330091230511799,0.520735481219865,NA
0.8479398899753747,0.6844007559342307,0.7902265938149106,0.6844007559342307
-1.283392656505176,0.5394026155673037,0.07515268730824547,0.5394026155673037
1.158278608089601,0.9045522283939842,0.8681731084898381,NA
-0.9091062131659883,-0.8355881618333734,0.13747866022147845,-0.8355881618333734
0.3349907051685814,-0.4009938800150566,0.599404211127488,NA
0.7758540819164075,1.6125661256408037,0.7679082241946517,NA
0.23714015227600846,-0.3112345699400473,0.5564710998876424,-0.3112345699400473
-1.5598701345871997,-0.29851476394757215,0.047076250903486126,-0.29851476394757215
0.024326751188882088,-0.9683986617621175,0.4610262593819287,-0.9683986617621175
0.3346351891582869,-0.24759040380079067,0.5992505424158274,-0.24759040380079067
0.9894109991471388,-0.5690837043478006,0.8293375751817401,NA
0.5003751135415975,-0.17111238397751305,0.6683374566661539,NA
0.5769078654554514,1.2603101698075942,0.6981353290913583,NA
1.1426909401191054,0.39954030525446443,0.8649286303232798,NA
-0.7074478144229777,0.09214518938699318,0.18642546066092722,0.09214518938699318
-0.6185596409811279,-1.7756284581311725,0.2119172291213011,-1.7756284581311725
-0.0083141961424557,-0.2701181636422042,0.4464646098428275,-0.2701181636422042
0.33891973395268904,0.1559828995849607,0.6011011916954521,0.1559828995849607
1.4054062988468312,0.3028507829095727,0.9113096246955581,0.3028507829095727
-0.8652698523626349,-0.07622394007105182,0.14710551355340856,NA
-0.8739539566200923,-1.3953587737460436,0.1451551125495571,-1.3953587737460436
0.7743182008248995,0.726346832524899,0.7674151404630042,NA
-0.4018902415172521,-0.04012900712034442,0.2842651323095542,-0.04012900712034442
-0.21513783053589394,0.41220521159174,0.35726651791531316,NA
0.6052561305140111,1.2222242235638034,0.7087789365738635,NA
-0.6145676836474755,0.3978694492755766,0.21311975534450378,0.3978694492755766
-0.7244229314244117,0.5378659173031564,0.1818354565375908,0.5378659173031564
-0.25694263718177707,0.0758250590761988,0.3401789752033055,0.0758250590761988
-0.39207273634955914,-1.1277015670201334,0.28787421570647226,-1.1277015670201334
-0.6867019617446566,0.3830802411055308,0.19215567359453598,0.3830802411055308
0.8758403401308178,1.8898823012120358,0.7984303264485919,NA
-0.48105798604249206,0.038328588986999756,0.25618273877235775,0.038328588986999756
0.06835759086809619,-0.4987975673098454,0.480770405204109,NA
0.13702489281584826,0.2900319672335715,0.511659087917039,0.2900319672335715
-1.8587685188705818,-1.5172790201045088,0.028037254456566046,NA
0.34627657136052015,0.3519395966444401,0.6042721213145982,0.3519395966444401
1.5016338199469252,1.0895487492355467,0.9243477293204526,NA
-0.013738120329400211,-1.6167894093875845,0.4440531048445326,NA
-0.7752451975110296,0.8875827456257129,0.16861971299549172,0.8875827456257129
1.3111581356761979,1.2906724482791647,0.8966073955419613,NA
0.2605245565548419,0.6426039172591695,0.5668336897084436,NA
1.0140170076257526,0.21123475846920658,0.835515232691433,0.21123475846920658
0.21559420847465305,-0.5566475882166917,0.546879297825536,-0.5566475882166917
0.6134046260919882,1.2473484622891575,0.7117971357044179,NA
1.4459884810620272,-0.31462900569578545,0.9170389910547699,NA
0.658085900745181,1.3341193076750055,0.7280110173597105,1.3341193076750055
0.37523449649149093,-1.314924753609299,0.6166662877280228,NA
-0.6746882759381791,-0.03130348503380287,0.19553486975156822,-0.03130348503380287
0.5804805732962742,-0.4946513004841975,0.6994888575724167,NA
-0.41422933222661223,-0.9726370392383819,0.27976797905154666,-0.9726370392383819
2.1805039853924186,0.6129198477979471,0.9764525166791442,NA
0.34285764365025717,0.3783648394271072,0.6027995747658059,0.3783648394271072
-0.7980246619071559,0.5991369485512856,0.16294945565894223,NA
1.6410361662536532,1.1745415332672628,0.9401312653222694,NA
-0.4600051116512519,0.6528048862098623,0.2634702440788998,0.6528048862098623
-1.586470988606178,-0.5612536347828486,0.044974268048699,-0.5612536347828486
-1.0449156740717878,-2.60327735536456,0.11097225655958656,-2.60327735536456
0.041653665885759195,0.1888023644315379,0.4687847990726456,NA
-0.43202637747734046,-0.8136885479778136,0.2733588244693682,NA
0.4585911476867995,1.1577119478783746,0.6514602427645075,NA
-0.22935198605932064,-1.1522411194633118,0.3514130924563738,-1.1522411194633118
-1.856962209840831,-1.7273346522017743,0.02812599380225977,-1.7273346522017743
-0.28967417298115306,-0.3093457489098472,0.32708179406887977,-0.3093457489098472
1.7671412378691886,1.8324857764520173,0.951701651559726,NA
-0.4426828973008164,-0.47168700475406766,0.26956529205900703,-0.47168700475406766
-0.5888644020015666,0.49192777985288,0.2209814798198233,NA
-0.12058825835290121,0.544643752398781,0.3972207516615057,NA
1.6530612818618051,1.5139645307647047,0.9413380109151033,NA
-0.8713545686297433,-2.4463190987378534,0.1457366586208451,-2.4463190987378534
0.7806682708577823,0.2917842815904075,0.7694490548799274,NA
-0.6138778693186615,-0.30993888893533916,0.21332805652869744,-0.30993888893533916
-0.3275913113060488,0.737489820293193,0.3122407423013573,0.737489820293193
-0.3552160159015532,-0.07077372480841548,0.30166351936455316,-0.07077372480841548
0.7809340743668398,0.7722438531509181,0.769533918978019,NA
0.6086701717854264,1.0036334137404277,0.7100457616424074,NA
1.0761790174734789,0.9877489139297501,0.8503211663771161,NA
1.0655576523132158,-0.0970088103568012,0.8478715311256367,NA
2.161646412829259,-0.016456770400806287,0.9756592986197569,NA
0.07045648205229112,-0.5670660564902762,0.48171357661584147,NA
-2.535225219593174,-2.9245007832393357,0.008464234867979916,-2.9245007832393357
-0.5413341447233914,-1.487768123485254,0.23606032127683652,NA
-0.7759395735411456,-0.36774099471659294,0.16844456894197452,-0.36774099471659294
-0.2959554182397628,-0.11441306517628692,0.3245981803621157,-0.11441306517628692
1.1513729054233761,-0.12479837969973473,0.866743960477103,NA
-0.5688878675315158,-0.08605913494735529,0.22723361385451327,-0.08605913494735529
-0.8057863400250321,-1.0456375557966335,0.1610528133559347,-1.0456375557966335
0.49259386184163795,0.9791737001962207,0.6652255091831581,0.9791737001962207
0.7007583373322429,-0.4051886273650469,0.7429513135253656,NA
-0.24312529155008403,0.26237538091180307,0.345783489814004,0.26237538091180307
0.4124811769224761,-0.48413062801668605,0.632385913028885,-0.48413062801668605
0.4981653093587989,0.11191587734357403,0.6674551717647392,0.11191587734357403
0.3676791146230334,-1.007054271163832,0.6134464124323352,NA
-0.5706028691897003,-1.0213590757860052,0.2266919972531472,NA
0.7388165177143684,1.7726000994333126,0.7558148577745738,NA
-2.268291325664946,-1.7630574923450084,0.013614331658311376,-1.7630574923450084
0.614041040052466,-0.42102163205290055,0.7120320780645106,NA
0.40363580599992016,0.0036793911086538122,0.6286768000076753,0.0036793911086538122
2.0515793266993096,2.217363865152492,0.970483437443156,NA
0.2632449872150026,0.6071301862492564,0.5680356151184464,NA
0.11042118944666231,-0.044157062538585964,0.4996895352908982,-0.044157062538585964
1.1957636212874032,2.4737606338940323,0.8757053281188135,2.4737606338940323
0.733309513633103,0.49558167018948285,0.7539807634046836,NA
-0.004511691541642453,0.5811169570249103,0.44815673372024595,0.5811169570249103
-0.02121549959503387,-0.9091236401768077,0.4407329626757882,-0.9091236401768077
0.13850173298157384,0.8496062646859731,0.5123232836588278,0.8496062646859731
-1.0701270699532761,-0.6111001937783413,0.106573543472672,-0.6111001937783413
1.2360620669768576,0.7258296124962678,0.88338793715564,NA
-0.5398100947354189,0.8704875883195737,0.23655539294853303,0.8704875883195737
-0.29622891465606754,0.14170345862171455,0.3244902620996715,0.14170345862171455
0.6882188033496374,1.2864693236464624,0.7386172108242113,1.2864693236464624
-0.3990073037278684,0.09318475319881889,0.2853221178287,0.09318475319881889
-0.10348485284948716,-0.5968749041717909,0.40461488491845765,NA
1.529534040595421,-0.2164732266200593,0.9277856049215369,NA
-0.6346364584488338,-0.1677268453479916,0.2071245859909178,-0.1677268453479916
-0.22685458909772827,-0.6769586089397096,0.35243835631750164,NA
1.5010840927328022,1.1403920256131084,0.9242785048806293,NA
-0.3424634823786345,0.045024204746715785,0.3065210895552253,0.045024204746715785
-0.5537275560114826,-1.2004501485577386,0.23206107733343684,-1.2004501485577386
0.2576268706989587,-0.12934199952711664,0.5655525851806138,-0.12934199952711664
0.6131217586524571,-0.37688162787530527,0.7116926740691306,NA
-0.6522873667775745,1.150231043653287,0.20195545551785338,1.150231043653287
-0.13828102908689452,0.6882823038516102,0.38962094092619176,0.6882823038516102
-0.12363800186919924,-0.25912746691372296,0.39590710069766694,-0.25912746691372296
-0.9647052163833706,0.5068422518595432,0.1260362439797849,0.5068422518595432
0.01904318401531621,0.620346566499371,0.45866399342587466,NA
1.691692353199061,0.8921593214740685,0.9450620508090476,NA
0.8858090714741687,0.2815595622538014,0.8013027177513818,NA
-0.7299301454825255,-1.11655574436489,0.1803653373326543,NA
0.3518846830980132,0.5589594761058915,0.606683457662259,NA
-0.24733089326019458,-0.38366897069800265,0.3440730113369882,-0.38366897069800265
-0.16359183172332153,0.1105192147408666,0.3788422233650465,0.1105192147408666
0.8723605602082464,1.4156944831322924,0.7974203816388706,NA
0.6059382138833173,1.2645757962624598,0.7090322931548195,NA
0.9272408126128193,0.7096349650053305,0.8129104326709525,NA
0.4580444366512086,0.27884471097412783,0.6512367645012745,NA
-0.8011140242148957,0.7143325507391418,0.16219239339763897,0.7143325507391418
-0.49712315299553944,-0.8164262119560141,0.2507114133106179,-0.8164262119560141
-1.2129678148543903,-2.298697300541194,0.08445179902597817,-2.298697300541194
0.6197125993564251,-0.08340485186719315,0.7141207769529323,NA
1.3596632579562027,-0.3965560171709902,0.9044254980033491,NA
-1.6210647627137966,-1.340713899976159,0.042374233959678695,-1.340713899976159
0.07955949935553745,0.15388067121368815,0.48580558976557786,0.15388067121368815
0.5125931373067534,1.2811848249033462,0.6731941804474798,NA
-0.2191019381508802,0.02568314451360071,0.3556297117378067,NA
-0.8259386946705404,-0.18699256316949342,0.15621167953951953,-0.18699256316949342
-1.0135782441118413,0.2907756101744363,0.11666057880742707,0.2907756101744363
1.2820662460283112,0.20402827257767275,0.8916511875215157,NA
-0.212144499179618,0.7396754360932745,0.35850469742243096,0.7396754360932745
1.1848772366264053,0.7665573281414064,0.8735566970758125,NA
-0.6506124367722866,0.035284928591818365,0.20244179774486482,NA
1.287367270058529,0.7611749141667242,0.8925695797026781,NA
0.5389332156633171,-0.2524856057793891,0.6835381532722059,-0.2524856057793891
0.025540553803906248,0.7139916734302527,0.46156919789954115,0.7139916734302527
1.1639475327246045,0.41399452858320107,0.8693365679304575,NA
-0.36762573211717137,0.07202402389655732,0.2969787946204521,NA
-0.3633695695013757,-0.24769983122108838,0.29858077970242425,-0.24769983122108838
-0.006753364745447124,-0.7030003238685605,0.4471590358378096,NA
-0.10047249886464135,-1.898029209783973,0.4059217836887625,-1.898029209783973
-0.14859207836111968,-0.46418073031133383,0.3852162438410617,NA
-0.18295275543693362,0.044164398252340295,0.37067667695372547,NA
-0.8581478376537498,-0.757607775287903,0.14872122145657615,-0.757607775287903
0.958159182178004,-0.10506890899091714,0.8212275592442332,NA
-0.8390769418323029,-1.7498348974699787,0.15311981652486487,-1.7498348974699787
-0.7597242793116832,-0.4345671047826416,0.17257254988118448,-0.4345671047826416
-0.8665148195362139,-0.4624769073481875,0.1468245751110575,-0.4624769073481875
1.6590256686813898,2.0446687329380167,0.9419280538832194,NA
0.5569422772105191,0.4362958861094741,0.6905081675540932,NA
0.6013861296622148,1.5358386420251542,0.7073389863789016,NA
-1.969786821104243,-1.1627805635443447,0.023075987950149528,-1.1627805635443447
-0.380107748973682,-0.6017591139809755,0.29230944427636063,NA
1.157773544062328,0.9479335217106543,0.8680690267264948,NA
1.3896346541629399,0.7852743401206511,0.9089881531042806,NA
-2.0115084247761903,-1.2787743785838728,0.02144227863434151,-1.2787743785838728
-2.3363085003763895,-2.4738979564082744,0.012064438683226946,-2.4738979564082744
-1.368459770111382,-1.1016646088316804,0.06517839981984011,-1.1016646088316804
-1.3730942603536125,-2.0678940002810684,0.06467195524098615,-2.0678940002810684
0.7373885500854908,0.0822398606942858,0.755340166832538,NA
0.4547093417501769,1.0067221548539516,0.64987204474347815,1.0067221548539516
1.776681328303336,-1.8737269903185563,0.9524848860764997,NA
0.19498558822813566,-0.4616534957369181,0.5376719865491811,NA
-0.34461262213957733,-0.47784787411611546,0.30569940464843604,-0.47784787411611546
1.6126766351480484,-0.008748970332944306,0.9371927196941778,NA
0.7757093636124659,-0.6369796060822573,0.7678617945514002,NA
0.7042791256143301,1.8638983017400164,0.7441597353093811,NA
1.0721542160198185,1.2167374811209013,0.849396761854821,NA
-0.21413076968590655,-1.0272725563591871,0.3576828728553776,-1.0272725563591871
0.36363106391217176,0.3795899594737376,0.6117171455935684,0.3795899594737376
1.0835637865741086,0.22835442014751622,0.852005114729789,NA
-1.9522761571634686,-1.9920426899152068,0.02379732410257575,-1.9920426899152068
0.015510178616055158,0.42065068383091325,0.45708542738161156,0.42065068383091325
-0.8709809200378104,0.040907856758277905,0.14582041153107334,0.040907856758277905
-0.9009342149109058,-1.3789067812814184,0.13923221819467982,-1.3789067812814184
-0.7761120676342239,1.2949677266788333,0.1684010828639726,1.2949677266788333
0.3614307511540145,-0.6559845434363345,0.6107760203495674,NA
-0.01734931226435436,0.6686613074280368,0.4424490032875167,0.6686613074280368
-1.1181953597987209,-0.6753820907339779,0.098611217066647,-0.6753820907339779
0.5866913748425195,0.013097749598364627,0.7018335698140666,NA
0.486195009924034,0.19330191630082266,0.6626555970091725,0.19330191630082266
0.4738944557966759,1.4059158133671927,0.6576884429706737,NA
0.36142745289175693,1.2253639732690225,0.6107746089839198,1.2253639732690225
1.217683643711439,0.741754016311153,0.8799366671768803,NA
-0.6731169601315512,0.35058516778401916,0.19598015805200908,0.35058516778401916
-0.5988482418373509,-0.41628643829645773,0.2179033287133792,-0.41628643829645773
0.7358731465118047,1.202149629558168,0.7548357281433198,1.202149629558168
0.6017396514748797,0.2572313469678086,0.7074706979341291,NA
1.108891939687275,1.946194483896667,0.857661990217393,NA
-0.011390598386074645,-1.4518940124291508,0.44509650866188466,NA
0.6050359606871193,1.4384810552727232,0.7086971278116615,1.4384810552727232
1.1235281531742385,0.8384811543796391,0.8608479504824956,NA
-0.7053620537100429,0.44103163402716977,0.18699556012956325,0.44103163402716977
1.762472071678826,2.5221579724723404,0.9513138636761895,NA
-0.7300206954948594,0.43626321983989486,0.18034124317276742,0.43626321983989486
-1.6341576267817612,0.7165191917684797,0.04142815758043043,0.7165191917684797
-0.1239937799235976,0.4645002229905192,0.39575394973944616,0.4645002229905192
0.20413947030642363,-1.4163421032454782,0.5417652163375072,-1.4163421032454782
-0.68323921942861,-0.8450886456083551,0.19312508087108515,NA
-1.0163622717008431,0.24808122504266017,0.11614515628936324,0.24808122504266017
-0.6714341656337873,-0.8313160684682949,0.19645788775650505,NA
1.121862815700439,1.0051237885945459,0.8604884822522416,NA
-2.100663704984344,-1.672958769781699,0.018321391349383074,-1.672958769781699
-2.0908718595820424,-0.8766453093842008,0.018641101393807483,-0.8766453093842008
-1.2911000101201786,-0.7762839645960468,0.07419409663698298,-0.7762839645960468
1.0719915195225271,0.6044022729062088,0.8493592956195397,NA
0.8948701520835005,1.0339592800165562,0.8038867769884346,NA
-0.8426322989011119,0.6779745863816995,0.1522917893403575,0.6779745863816995
0.04629749227415437,-0.3187503353404835,0.4708669072908283,NA
0.623368148702539,-0.5816439441009011,0.715462201968139,NA
0.48509195186873755,1.2153044594223132,0.6622116078236154,NA
0.5319444734016824,-0.8055211703283502,0.6808107221423628,NA
0.19742268076406044,0.3869274136351988,0.538762270658417,0.3869274136351988
0.32656678446288806,0.816568402957393,0.5957578497748723,NA
-1.4402319915101875,-0.6721323501019624,0.057735293293177996,-0.6721323501019624
2.1147090798702255,2.761311633931548,0.973570163256838,NA
-0.18467231322012342,-0.19308660561521057,0.36995493123656475,-0.19308660561521057
0.49210432752908095,1.2225954736353177,0.6650292454292085,NA
-1.3613269855634216,0.33906722573866677,0.06596506398024174,0.33906722573866677
-0.3652175579038848,-0.24809539273941186,0.297884602210668,-0.24809539273941186
0.7561265592095,0.9174333895548334,0.7615194224890409,0.9174333895548334
0.14650280851618933,-0.5331817958936201,0.5159208798423451,NA
0.2619472485061493,1.1557943905047365,0.5674623545101047,1.1557943905047365
-1.3061590437243449,-0.20790840831795365,0.07235354207856552,-0.20790840831795365
0.49216403244382845,-1.0434621557289439,0.6650531853396154,NA
-0.5111040006790425,-0.20657891915905127,0.24601365760061816,-0.20657891915905127
-1.6605745413859947,-0.5879451657170613,0.03958047798802031,-0.5879451657170613
0.6223763708662935,1.097596216122632,0.7150986382552221,NA
0.01573101128227353,0.04452384982040832,0.45718407170498,NA
-0.7338871259643837,-1.3238706494399413,0.17931477850313496,-1.3238706494399413
0.2752111379649804,0.08361423141619341,0.5733127446853368,0.08361423141619341
-1.8587385910094958,0.34403311423847804,0.028038722518333708,0.34403311423847804
2.078890366835779,0.4289752466884982,0.971859533733038,NA
-2.360880327206293,-2.22009377290983,0.011548493491011644,-2.22009377290983
0.3271353972958951,-0.12670871904954414,0.596004316293397,-0.12670871904954414
-0.22752272627850473,-2.042117919984893,0.352163930281862,-2.042117919984893
-1.1805953141180505,-1.7346401771433864,0.0890677211292355,NA
0.33042153155968385,-1.1840826028049687,0.5974277463132034,NA
-0.4069347800437136,0.6576077142127952,0.2824213195054064,0.6576077142127952
1.5252232401849768,1.6987009677457265,0.9272639976622113,NA
-1.1031838682999855,-1.562771554196297,0.1010391914821181,-1.562771554196297
1.3368925745503721,1.1932608827341442,0.9008233552940914,NA
0.5527104030696741,0.04349393626088133,0.6888779264049512,NA
-1.0565264173916116,-0.5758063222117048,0.10892708445673766,-0.5758063222117048
-0.1901829946435263,1.1029865780522914,0.3676458732711376,1.1029865780522914
-0.9092241760868771,-2.1260006136126575,0.13745348404742566,-2.1260006136126575
-2.000915506318779,-1.4351480048760255,0.021846029319147326,-1.4351480048760255
1.9089708653906847,1.4191309515559578,0.9621721418751891,NA
1.5689802054177755,-0.6484851254956415,0.932400658388179,NA
0.1403012253114543,0.1449868393192513,0.5131325302993279,NA
-1.4205594646026203,-0.12490835703590142,0.05969213677585799,-0.12490835703590142
0.5130667995124086,0.16146089288404558,0.6733817261950764,NA
-0.9874611988914318,-0.537225795847161,0.12159305123244936,-0.537225795847161
0.597223916449456,0.3823812422898551,0.705785661095619,NA
0.8678604006043644,0.7080100080957454,0.7961086992652282,0.7080100080957454
0.18925776395942348,0.6087351642560072,0.5351081243816406,0.6087351642560072
-0.0693064069135194,-0.16106766832390942,0.4195182014541523,-0.16106766832390942
1.0762593393536464,-0.9273455865895123,0.8503395667978766,NA
1.0708913237613735,1.8441608305003827,0.8491057379888637,NA
0.4216333774276435,-0.36565317607551456,0.6362072596479952,-0.36565317607551456
-0.12454978063033025,-0.4741451562066542,0.39551465035400496,NA
0.9371920652895068,0.19718624360092074,0.8156193988643273,NA
0.20061912639344456,0.2988528626008083,0.5401917035867467,NA
1.4481788429234213,0.7760978394483524,0.9173384492076636,NA
-1.2821825653737284,-0.45247971098269074,0.0753042202455277,-0.45247971098269074
-0.08455421054758303,-0.4260966096236157,0.41284961553670685,-0.4260966096236157
1.10161395316682,0.7063816869947804,0.8560552182875321,NA
-0.6906995753053947,-0.19510195274841818,0.19104114460353708,NA
-1.7254153891772654,-0.434376001530003,0.03537453483997943,-0.434376001530003
0.5658856923608895,-0.10357542144584347,0.6939378561532356,-0.10357542144584347
-0.5961584172246812,-0.13030534863628085,0.21872958256254518,-0.13030534863628085
-0.48934502425845816,0.05959195391337968,0.25335067321861066,0.05959195391337968
0.7688933608224692,0.43175111990981746,0.7656676962920836,0.43175111990981746
2.1146118903321125,1.06155464424327,0.9735656614201117,NA
0.044780983546071365,0.881953421611924,0.47018684967806357,0.881953421611924
0.9472410698158175,0.795276264297018,0.8183240684313055,NA
-2.1245087083504,-3.4597544303279406,0.017565176414557182,-3.4597544303279406
0.09042832645772564,-0.08004130692714585,0.49069382174424214,NA
-1.7391487926039397,-1.391368341987642,0.034540626004923095,-1.391368341987642
-1.7022883303277012,-0.8554114962930677,0.03682284220728609,-0.8554114962930677
1.4082963952910779,1.1488040823030397,0.9117291885284712,NA
0.6981681127223502,0.7371093072197328,0.7420599043356723,NA
0.5760854391737996,0.9212408005256434,0.6978232614684675,0.9212408005256434
-0.5343360604710333,-1.1974373063443833,0.23833947852136467,NA
-1.2819863507815268,-2.025919425357607,0.07532881752874819,-2.025919425357607
0.42961421844096337,0.14127990355353537,0.6395255731250774,0.14127990355353537
-1.1294376790622245,-0.9081912625199119,0.09682703632348319,-0.9081912625199119
2.4197636794337827,2.0347693757259497,0.9845651878562635,NA
0.07827610448097243,1.053399162551864,0.48522854669434806,NA
0.3162252341429657,0.09303197040630819,0.5912669663001197,NA
-1.579400208668502,-2.3403289413052866,0.0455241070548814,-2.3403289413052866
0.5189056200320673,1.3854402055347346,0.675689030020106,NA
1.1353923844251477,1.0126588966945005,0.8633864546805283,NA
0.3124044639055029,0.039653541592772484,0.5896038686429794,0.039653541592772484
0.05554413008898999,0.5877733540544927,0.4750156838959978,NA
1.5654528233337293,0.95947559954826,0.9319993644938512,NA
0.7188307661471773,2.339825579551208,0.749114536928825,NA
0.6343257110798056,-0.08382908497573266,0.71946033638512,NA
1.0659066895028766,0.7264099574766176,0.8479525506770279,NA
0.34188855424861164,-0.6886745683770747,0.6023818437082683,NA
3.1433671405449926,0.7377392320310918,0.9957562739454633,NA
0.349950832519039,0.8064146034664121,0.6058525349009305,NA
1.0733354525113667,1.6864041434401629,0.8496685506768907,NA
0.9164378724946062,1.1321703558956928,0.8099350449315236,NA
0.7176569036295898,-0.6978358242775169,0.7487172155259412,NA
1.0554850297469223,0.963793746894644,0.8455181542525361,NA
0.35059219947093084,-0.5812159497958823,0.6061281808620268,NA
-1.936038479890569,-0.8408309230923188,0.024485850044269834,-0.8408309230923188
-0.800741941084278,-2.211228297524948,0.16228342360243245,-2.211228297524948
2.3429395821308905,2.3782468468369764,0.9823166683465518,NA
1.9208783894678805,2.65294323325711,0.9629445753636882,NA
-0.10953863994688635,0.059469589914843385,0.40199257501392394,NA
-2.5128207863386502,-0.4456311753347362,0.008809488175878408,-0.4456311753347362
-0.7596236330624253,-1.0566228180905166,0.17259841994510125,-1.0566228180905166
-1.505462862816831,-1.0618894938899797,0.05166961033104559,-1.0618894938899797
-1.67824570835886,-0.3687286738921466,0.03838888067942502,-0.3687286738921466
0.9500986263501052,0.601289225696461,0.8190875149132625,0.601289225696461
0.12495359331898136,-0.9480555596951209,0.5062287947447939,-0.9480555596951209
1.4383919720806209,0.7217444379261809,0.9159927657433706,NA
-1.3253512159952772,-1.1012645748166043,0.0700688521026044,-1.1012645748166043
-1.00393459317338,-0.9657029584226342,0.11846133244001254,-0.9657029584226342
0.642208565811121,0.9913463836195409,0.7223152937142668,NA
1.1565510803623842,1.900757451694056,0.867816817359956,NA
-0.17357348000548628,0.06822743678178449,0.3746235193824374,0.06822743678178449
-0.9645690986299241,-0.29671028466337956,0.12606323479143794,-0.29671028466337956
1.853799016298846,1.6646624874131652,0.9583869674883772,NA
1.6843651107977557,1.0122232228740269,0.9443732458054855,NA
1.0573121406617896,2.3995169653546875,0.8459472400963131,NA
0.8145616265490948,0.7160569781847257,0.7800934312965685,0.7160569781847257
-1.194596934106429,-0.46831021892106717,0.08704395767069302,-0.46831021892106717
-2.028856586138288,0.1251087332462255,0.020796763262027673,0.1251087332462255
2.1240865397606266,-0.5305518567387177,0.9740010384144455,-0.5305518567387177
0.2992190628131236,0.5457535243595153,0.5838490244137948,NA
-0.8246430511493394,-0.8109590899348962,0.15651932689816792,-0.8109590899348962
1.5243456778894542,0.4741786829691573,0.9271573880397191,NA
-0.6148204057307834,-0.4910169651496463,0.2130434787369771,-0.4910169651496463
-0.45976066348376005,1.7266010940961434,0.2635556378821106,1.7266010940961434
0.4436409875834455,0.6134061008972915,0.645325363688137,NA
-1.3959814744498173,-1.1106768555041104,0.06222421491690687,-1.1106768555041104
-0.5024778616281725,-1.2740041867779703,0.24890512960872332,-1.2740041867779703
-1.060598782237953,0.9779624319773634,0.10821763220247649,NA
1.1746071576304673,-0.06546173050317661,0.8715006633143068,NA
0.33037145965653475,0.5257453198385547,0.5974060692899003,0.5257453198385547
-0.2884332205661144,0.4548673400078067,0.3275736227840796,0.4548673400078067
1.3215621026427815,1.3633625511482028,0.898330600509825,NA
-0.04547402735386087,-0.5615157036536996,0.42999948600185517,NA
-0.21479390161687725,-0.8118262476791476,0.35740868622646466,-0.8118262476791476
0.1348045124181499,-0.8055068600920585,0.5106604148182275,NA
-0.6449975000851182,-0.1329601058741992,0.20407855506229142,-0.1329601058741992
0.057071915529101694,0.2614690456081695,0.4757015174307871,0.2614690456081695
0.9311846715453284,0.4091929287084919,0.8139876930376888,NA
0.20366345227626356,-0.899566591760273,0.5415524952259347,-0.899566591760273
1.6257961234497127,-0.239691414864749,0.9385684949808447,NA
-0.5933559587207059,0.5673332733239282,0.21959283201815422,NA
-0.308569082055948,-0.21500986337097305,0.31964051315153286,-0.21500986337097305
1.3364483285293052,0.893844064644855,0.9007518917915447,NA
-1.2064640945248328,-0.015247961777264063,0.08536137161569038,-0.015247961777264063
-1.4088818077012395,-0.4686989369142386,0.06088293302472908,-0.4686989369142386
0.6444246237541441,-0.3641821363666404,0.7231146618891855,-0.3641821363666404
-0.40886742898460543,-1.1932327910605287,0.28171684797005864,-1.1932327910605287
-0.979236369824986,-1.869290056564299,0.12318319273579059,NA
-0.9272312164192585,-1.3985593891607853,0.13365559864379525,-1.3985593891607853
0.7927041185351198,0.5724263953987111,0.7732698280978765,NA
-0.68909903597529,-0.15992608865159824,0.19148677893182986,-0.15992608865159824
-0.041651640421556155,-0.8329256463244444,0.43168665209806506,NA
-0.7856187770196482,0.7239387402082019,0.16601824985009386,NA
0.4344554586641,0.5675436521504724,0.6415320356322819,NA
-0.6655669018466066,1.4689863900142615,0.19813042828384148,1.4689863900142615
0.44993613006984606,0.8962444984657252,0.6479145763644729,NA
-0.5480404634521554,-0.4144307177319721,0.23389035998149052,-0.4144307177319721
1.8569369120812271,1.8913444167208895,0.9586116437399798,NA
0.4020781211157502,0.5346037175648319,0.6280220310809228,NA
-1.8646031855605762,-0.7226485840312824,0.0277524660412793,-0.7226485840312824
1.3749305204726336,1.8749089330920015,0.9067747053253246,NA
-0.07460350554037319,1.1955194380393344,0.41719806487082556,1.1955194380393344
0.22779389971163985,0.19141177419573904,0.5523150850329639,NA
1.388656193233329,0.8930490906129043,0.9088423438876205,NA
0.4058221273504064,0.6235343872267436,0.6295950175627402,NA
2.5613675986820543,1.0587127428684635,0.9879962722534886,NA
-0.5263345697937467,0.8983312106392354,0.24096389697824097,0.8983312106392354
0.35240739377069236,0.9209867852936795,0.6069079464299183,NA
0.47516114129133075,-0.5399481569583476,0.6582015722196406,NA
0.7919051085093045,0.2649546961921877,0.7730175754336089,NA
0.8312710297007694,0.5931454199846836,0.7852095719775419,NA
0.5486979298462434,1.2371212838888577,0.6873278656959542,1.2371212838888577
-1.2422749809280151,0.04251413965358364,0.08046136230410401,NA
-0.41337033184348915,0.8229139719224426,0.2800796412429406,0.8229139719224426
0.07103868536137317,1.2792508104980944,0.4819752226622759,NA
-0.49427181807168663,-0.034026873729497364,0.25167679491755435,-0.034026873729497364
0.3221432679936931,0.21492352444080629,0.593838825437118,NA
-0.7964291343757042,-0.5839908301158445,0.1633415600476509,-0.5839908301158445
0.9071162813866593,0.3862796566537401,0.8073386608995154,NA
0.20753915034798107,1.332324225357872,0.5432840051308675,1.332324225357872
0.5478424050047341,2.0868708835551697,0.6869968234084317,NA
-0.2216952842999397,0.8891836152594541,0.3545607229073952,NA
-0.6817971821780047,0.1941600992060064,0.193529880129278,NA
1.4598570697390805,2.5970231857403148,0.9189185083536132,NA
-0.862507887588664,-0.6243062140621526,0.14773036475490048,-0.6243062140621526
-0.8003838551577662,-1.6451442992820797,0.16237106828234193,NA
-0.6851419658031699,-2.1444289587991854,0.19259194038654096,NA
1.8213226341067787,0.78031542365854345,0.9559921107378205,NA
-0.10474422059618942,-0.4244755978167858,0.4040689123548641,-0.4244755978167858
1.1114745267947566,0.3907701050331123,0.8582285454779117,NA
-1.0275220942741388,-0.8994828820642524,0.11409889325222253,NA
-0.42412358312569454,-0.5365200440564177,0.2761934869692985,-0.5365200440564177
-0.15914941817778375,-1.0481494950978238,0.3807257442225144,-1.0481494950978238
0.6581708419726625,1.335171753461669,0.7280412910358993,NA
-0.3034645564820927,-0.639065329415901,0.32164196612043394,-0.639065329415901
0.6965628018826656,0.2091394653997138,0.7415064356738117,0.2091394653997138
0.11277226149309498,-0.6527488144790584,0.50074751711496,-0.6527488144790584
0.18025656139890167,-1.680464231596349,0.5310753479653345,NA
2.1212044307174023,1.463482346920747,0.9738693442250719,NA
-0.6772451576819497,0.16914134357065153,0.19481192403941056,NA
0.9752796368842359,0.054662924605089036,0.8257071652755797,0.054662924605089036
1.0973386187264111,1.8634774386645843,0.8551043293836731,NA
1.6673858038078297,1.419144208052384,0.9427457334995107,NA
0.3241198534773159,-1.253294885764226,0.5946966721116662,-1.253294885764226
0.2507849546682867,1.099102618447583,0.5625242376542458,1.099102618447583
0.1533091436805864,1.770519628815945,0.5189799902965203,NA
0.7152293059960222,-0.23607233161367708,0.747894212697859,NA
0.6105416191613217,-0.42470129590210204,0.7107388016939364,NA
-0.2818168912178293,-0.13215000605308197,0.33020226137598213,-0.13215000605308197
0.8859981342650927,0.7277649200434222,0.8013568957027613,NA
0.5941269271228371,0.1275216541751855,0.7046267603334215,NA
0.7001182815936446,0.26998441125637584,0.74273122997953,NA
2.8149127950334893,1.4871481360381593,0.9923611727097625,NA
0.2770780991534631,0.6256354157295496,0.5741346119254794,0.6256354157295496
-0.5137412444776879,0.11989112433646887,0.24513418692890376,0.11989112433646887
0.4222141527890718,0.5011852640745719,0.6364491794748799,NA
-0.2655643408867772,0.052652537855017056,0.33670429622078274,0.052652537855017056
-0.770354222150151,-0.5209178221273425,0.1698574890988863,NA
-0.3765006456122328,-0.05057786526742264,0.2936543809896579,-0.05057786526742264
0.1102229307848733,1.1660495362344159,0.4996003189383224,NA
0.9725614270594442,1.4605837128386603,0.8250018994320892,1.4605837128386603
0.356994016994474,-0.6792606545455563,0.608875819330475,NA
-0.8241673161786977,0.15116297906005494,0.1566324127883567,0.15116297906005494
-0.15563067899128746,-0.9650770636411997,0.38222019498947757,NA
-1.5297166016129786,-1.2755101924016192,0.04957182889638172,-1.2755101924016192
-0.2022275108372086,0.7105247947027904,0.362620242802216,0.7105247947027904
-1.3115172279115894,-0.6168494190189456,0.07170886608335791,-0.6168494190189456
-1.3900789387124497,-0.006999945538839758,0.0628470745116916,-0.006999945538839758
0.9621381416458723,0.33858925387909833,0.8222766335036326,NA
-0.17813477901025976,-0.09745834776694878,0.37270198407734056,NA
0.00328960117506923,-2.1279910101643007,0.45163204646112876,NA
0.5116151655170149,0.410731496724117,0.6728067789601201,0.410731496724117
-0.4560606882390422,0.017020988649147084,0.2648503296743083,0.017020988649147084
-0.2109041191679295,1.0314655642775796,0.3590183300886041,1.0314655642775796
-0.5725548685733559,1.6561952505460191,0.22607664530797728,1.6561952505460191
-0.35333622283873506,-0.15351876104602716,0.3023768012714127,-0.15351876104602716
-1.049656024128797,-1.232085915887546,0.11013323948068846,-1.232085915887546
0.7883855209797,0.6006592225394952,0.7719040599989214,NA
0.6192315801441259,-0.5875148202300464,0.7139439820722173,NA
-0.7857684921645866,-0.3429658234705397,0.16598094102870742,-0.3429658234705397
1.7816040519380687,0.9876796228659606,0.9528843036860883,NA
-0.24992855742574777,0.39201373835631603,0.34301851686908835,0.39201373835631603
-0.3010973965882974,-0.32889452227587523,0.3225723481129102,NA
-1.499332109919983,-0.6187861685211893,0.05221302422781747,-0.6187861685211893
0.034205347809882734,1.2323652158054221,0.46544756616637406,NA
-0.9110472221767612,-0.7052767628820681,0.13706489399994876,-0.7052767628820681
0.3513855873158666,-0.1090344237435342,0.606469068727273,-0.1090344237435342
0.19541436221520414,0.7524604136221844,0.5378638339435421,NA
0.8596299267138064,-0.8683127585329127,0.7936934064378982,NA
-0.6741551385896078,-0.4680431788543997,0.19568586731192564,-0.4680431788543997
-1.662585651497126,-2.4830537674290825,0.03944309699504438,-2.4830537674290825
0.39004578084193564,-0.2939119546817524,0.622948579288356,-0.2939119546817524
0.44136568240968105,1.9620284853203067,0.6443874152114203,1.9620284853203067
1.2839659243421115,1.970773560663818,0.8919810934110087,NA
-0.16318580170140465,1.0316520502350337,0.37901422374003985,1.0316520502350337
0.49956904312168765,1.316083963120927,0.6680157620971895,NA
0.46014406706448696,0.9577222047604457,0.6520946637562206,NA
-0.47628204002208746,-1.447854371294489,0.2578242981574773,NA
-1.5566423903855668,-0.013559375272002683,0.04733757216383359,-0.013559375272002683
-0.6890225391131822,-0.25531420735469523,0.19150809762084944,-0.25531420735469523
0.14840738908663179,-0.7701747191549022,0.51677702455917085,-0.7701747191549022
0.13542949090421208,1.0056402583956199,0.510941523890495,NA
-1.3723418404749188,-0.6028625503412913,0.06475392785378935,-0.6028625503412913
-0.09310367736788383,-0.02684398895985316,0.40912430790081417,-0.02684398895985316
-1.1182079343946325,0.1864793305461051,0.09860920519131594,0.1864793305461051
0.744827357549737,0.7993916894543478,0.7578061624802558,NA
0.0776825859578852,-1.2837441731366754,0.484961700701275,NA
-0.4999287924741059,-0.3620911293067886,0.24976391103721376,-0.3620911293067886
0.6117434789427015,-0.4744794152691301,0.7111833596577218,-0.4744794152691301
-0.8690347755160438,0.6298503142667563,0.14625728314444159,0.6298503142667563
1.1661579903431185,2.136523691362444,0.8697878607223802,2.136523691362444
-0.7697316388564756,-1.4232731332087747,0.17001556584363647,-1.4232731332087747
-1.807244366895675,-1.1267428199027876,0.03067833342018573,-1.1267428199027876
-0.9174657406511558,-0.7387321486904349,0.13570410865130672,-0.7387321486904349
-0.3564566645709569,0.5525133856643363,0.301193282852257,0.5525133856643363
-0.17655370678546653,-0.25932999382490574,0.37336758958219596,-0.25932999382490574
-0.799311276346493,-0.30488204861425905,0.16263381970968674,-0.30488204861425905
-0.39279642582347857,-0.1634062735435607,0.2876072446446613,NA
0.27372508232439674,-1.1889907568561358,0.5726582686341841,NA
0.25814198250191345,-0.37747690712146675,0.56578038731483,NA
0.11041206368776439,-0.594241467563809,0.4996854287009985,NA
-0.915161122522455,-1.6221774223665824,0.13619139372498915,-1.6221774223665824
0.21293664990055874,-0.15060482838734376,0.5456936456224537,-0.15060482838734376
1.4033353412471157,-0.14856020903259304,0.9110078713798317,NA
-0.808434808833702,0.40278244863337487,0.1604097284762924,0.40278244863337487
1.9195335624264291,1.0972919132649483,0.9628581027125462,NA
0.865668884307897,0.4953410068347992,0.7954676442619334,NA
-1.2639077211063983,-0.38344450098190574,0.07762703538897682,-0.38344450098190574
-0.9566258772943631,-0.8787346169206779,0.12764688171262528,-0.8787346169206779
-0.30337006119304305,0.33169558766081775,0.32167907924491657,0.33169558766081775
-0.002203604900563862,1.027402444117727,0.44918442628005095,NA
-0.9130713549756548,-0.9617941937688548,0.1366345244883177,-0.9617941937688548
-0.649643176443167,-1.0871904785864723,0.20272363663646034,NA
0.3763110775880934,1.8591762894072064,0.6171242694715436,NA
0.2779963826487003,0.05442683424698859,0.5745387055926393,NA
-0.7547208903724536,-0.10494191152293164,0.17386233696857523,-0.10494191152293164
-0.47308471771946936,0.6413871300749853,0.2589270912174844,0.6413871300749853
-0.9139504271050601,-0.368383644625045,0.13644797140926718,-0.368383644625045
-2.603299709426611,-2.6581642919796717,0.00749541987241411,-2.6581642919796717
-0.5934674982009329,-1.0805942919766311,0.2195584274524257,-1.0805942919766311
-0.6389798945731732,-1.2844520920621583,0.2058435921231457,-1.2844520920621583
-0.10591695631557595,-0.8333837045319712,0.40356071074066147,NA
-0.9802911545290575,0.8812820063645839,0.12297827199160503,0.8812820063645839
0.4762354596375229,-0.023036804692683543,0.6586364843254903,NA
-1.4123912844014708,-1.1172534334520203,0.060522747965431264,-1.1172534334520203
1.6310031523883872,1.1998073969742353,0.9391066841177372,NA
-1.1279858822745685,-1.6674394999450741,0.09705580863700376,-1.6674394999450741
0.4384510895226113,-0.25690265654435496,0.6431843125668126,-0.25690265654435496
1.9006502343791518,1.078316800462593,0.9616232310835605,NA
-0.700760424199841,-1.2152920256498778,0.18825806566035072,-1.2152920256498778
-0.3717393835228001,-0.9611979978966332,0.2954351778185465,-0.9611979978966332
-0.6785032480305606,-2.086734713722974,0.19445694968672575,-2.086734713722974
0.10145128446155136,-1.3154096552374979,0.49565318752207754,NA
0.5532798340514877,0.8389948781933713,0.6890975619287737,NA
-1.5222209958269566,-1.19709378382181,0.05021137846681693,-1.19709378382181
-1.021549301824338,-0.31933196867999014,0.11519012744965937,-0.31933196867999014
-1.3906821376621712,-3.2603794540398057,0.06278315661357899,-3.2603794540398057
0.433339795920382,-0.18862080602771136,0.6410700830045757,NA
0.36969859213880335,1.0097087626125616,0.61430803750706,NA
-0.7094936456276374,-1.1165591759713034,0.1858675775927734,-1.1165591759713034
-1.0189494026814185,0.48731441695515254,0.11566796054972975,0.48731441695515254
-1.6407462533336774,-1.1030855853018222,0.04095974652778081,-1.1030855853018222
0.6827105121416636,0.4956790571218199,0.7366984937317282,NA
-0.7518767135418738,-0.4861306254481666,0.174598903222146,NA
0.716236911745028,0.5938964924247446,0.7482360274439304,NA
1.995001408439085,1.4719827078633783,0.9674221559323813,NA
1.3461363784841158,0.1368909794400992,0.9022999983532428,NA
-0.826907119029068,-0.19928541351587786,0.1559820514960103,-0.19928541351587786
1.1384651675108706,-0.29153477261444816,0.8640375285820284,NA
-0.6707434889703441,0.4003506840158278,0.19665421893087617,NA
0.28830533745626036,1.2437979438399078,0.579068242120504,1.2437979438399078
0.1638402496459372,0.5009388029992992,0.5237103157317161,NA
0.5437058144319276,-0.5792886649576204,0.6853934982022925,NA
0.008960782696582301,-0.49273437907499135,0.4541614235582668,-0.49273437907499135
0.2914397291129602,-1.271078961528738,0.5804428295348045,-1.271078961528738
0.6321002229988821,1.27885483780504,0.7186510908821316,NA
-2.1222947245921366,-1.5825632824052844,0.017634079456513577,-1.5825632824052844
-0.273116168728087,0.16452366529684367,0.3336752157615957,NA
0.37926965064821605,-0.028141110774376393,0.6183817852445077,-0.028141110774376393
0.20741158270533458,-0.5678959555711163,0.5432270293231796,-0.5678959555711163
0.13007548264775065,-0.48372391214814286,0.5085331385989079,-0.48372391214814286
1.7290152298526968,1.1613767164315079,0.9484475822575591,NA
-0.13177738369153905,-0.43695054122560195,0.3924085241966608,NA
0.0901800389952223,0.06307318517014965,0.49058213155776814,NA
-0.12265594489356925,-0.5340136681019378,0.3963299503896527,NA
2.347985972481527,1.191731761245792,0.9824737651818968,NA
-0.6223621951871399,0.969210389117888,0.21077637839513522,0.969210389117888
1.096080129919094,0.731844035763733,0.8548234333008694,NA
1.1379587001768927,0.9031640020240136,0.8639303964556936,NA
-0.7407148858752939,-0.2949531402760479,0.17751329737701532,-0.2949531402760479
1.237682439805467,0.9594966572081483,0.8836880583929682,NA
0.5896195975816523,1.1486389741095389,0.7029353798531471,1.1486389741095389
1.0074183636982073,1.03276605453116,0.8338763936733092,NA
-1.7530065064814573,-2.360030693407257,0.033718397036024673,-2.360030693407257
-0.7734317537103417,0.21946547812453504,0.16907780669159306,0.21946547812453504
-0.38673529576146115,-0.5880901299131809,0.28984776362149545,-0.5880901299131809
0.18834753155659856,0.5017365884130942,0.5347005159274927,0.5017365884130942
-0.061943786844976534,-0.3449323273457433,0.4227489370279939,-0.3449323273457433
-0.1483882261221506,-0.8427535076438253,0.3853031465379508,-0.8427535076438253
0.5991054012993453,-0.04720335439826684,0.7064884209023934,NA
0.9138478327921442,-0.0391094616758898,0.8092163271994658,NA
1.6666000600482973,0.8963806040603555,0.9426693450243167,NA
0.6036379723963932,0.17905937299107968,0.708177359996855,0.17905937299107968
-1.1620114094940144,-1.5913346344261423,0.09181932629593911,-1.5913346344261423
-1.3722319875136497,-0.24234268792898883,0.06476590390544976,-0.24234268792898883
1.334041391021413,1.3550468988324023,0.9003639033750478,NA
-0.39354255804090765,-0.4459341307471383,0.28733214902007004,NA
0.35358513847063266,-1.1011417240457932,0.6074135873032446,-1.1011417240457932
0.40005548168339644,-0.48754290913381826,0.6271711182684016,-0.48754290913381826
0.6667400741893191,0.8901560923065982,0.7310845568677339,NA
-0.4202412560355853,-0.3907204700342304,0.2775926829416168,-0.3907204700342304
-0.3281746327702763,0.5360241975412255,0.3120153075687163,0.5360241975412255
0.4379234764797888,-0.1540498050413232,0.6429663276525215,NA
-0.784044326886472,-0.6181075472424553,0.16641100759727112,NA
-0.22683723212653104,-1.2962852782786844,0.3524454866984631,-1.2962852782786844
-0.5822103150711109,0.5685128976731884,0.22305025466782,0.5685128976731884
-1.0981103474890026,-0.6684731419983952,0.10187171164437801,-0.6684731419983952
0.1623524427019461,0.10004181777226204,0.5230422661317985,NA
0.450619475819499,-1.0467105559889738,0.6481951195579985,NA
0.09829952349730256,0.5189336210433516,0.4942350410568028,0.5189336210433516
0.33405556169070233,-1.0991705735123982,0.5989999616244582,NA
-0.09037225071917616,2.2413584856672113,0.41031337582620514,2.2413584856672113
-0.17543762060010706,0.3030830220741703,0.3738377326741635,0.3030830220741703
-1.570721359455841,-1.9321872343176876,0.04620774561390751,-1.9321872343176876
1.2115930273353686,0.3696181306667976,0.8787736023231195,NA
1.4579382917858457,0.8153609645437734,0.9186608024664272,NA
0.8650754779148018,0.566590433250082,0.7952938056247139,0.566590433250082
0.5898754747342743,0.5066070263313458,0.703031547668412,NA
0.08282034156014013,0.0074560135221533735,0.48727190411533644,0.0074560135221533735
-0.40368478474944125,-0.6136021320226257,0.28360838351733464,NA
0.19377791627481408,0.3523594338629799,0.5371315751516548,0.3523594338629799
-0.5531426792030677,-0.27637778246763384,0.23224874453305616,-0.27637778246763384
0.7034643398199899,-0.14164067400252756,0.7438804124477053,-0.14164067400252756
0.3976687296425921,0.040024642756843476,0.626166011775982,NA
0.010005550483598066,0.08477399422946036,0.45462765768380364,0.08477399422946036
-0.25553769015158634,-0.4247195900203333,0.34074683537294304,-0.4247195900203333
0.30179921246912633,-0.39088206440624773,0.5849769982050169,-0.39088206440624773
0.7235840812888753,1.1840245289944131,0.7507191322289675,NA
1.4151701539860986,1.0120504090458728,0.9127198778309007,NA
-1.373379505740905,-0.38271823375595965,0.06464090435385164,-0.38271823375595965
-0.5995480702682925,0.12184717294622055,0.21768872658218008,0.12184717294622055
1.7101561802485477,1.9612258138448477,0.9467622928391041,NA
-0.16393752909985465,0.5111078372131492,0.3786958048029116,0.5111078372131492
1.6046014405564641,-0.10721429385256875,0.9363316757046278,NA
-0.7986747546678661,-1.641149315865799,0.16278991141940774,-1.641149315865799
1.18037424884885,0.510470546650502,0.8726587003000842,NA
-0.8595898313278113,0.10905821825248929,0.14839291111054917,0.10905821825248929
-0.8697496724243905,-0.08790140584444595,0.1460966767874092,-0.08790140584444595
0.2955845652950278,1.146569036764482,0.5822586290363508,1.146569036764482
-0.27483791701925386,-0.4563722992326517,0.33298651917625044,-0.4563722992326517
-1.1123807451998375,-1.4761829566044309,0.0995454523513714,-1.4761829566044309
-1.1061119064860514,-1.70093171018648,0.10056147896361275,-1.70093171018648
0.30802858898376123,1.299992854236663,0.5876966285767118,NA
-1.0856879221151232,0.6934199258507638,0.10393583739765318,0.6934199258507638
1.0168394296697623,-0.07959931358339978,0.8362122345620752,-0.07959931358339978
1.293982576648345,0.21980223205242955,0.8937060584857703,NA
-1.206929164229514,1.0047719718791734,0.08529603588773968,1.0047719718791734
-1.7499709069417435,-1.8005186560065676,0.03389687904211803,-1.8005186560065676
-2.195227552447514,-2.0659760640492117,0.015498234236893536,-2.0659760640492117
0.7800899458065569,-0.4217336221344685,0.76926433523644,NA
-1.0854647667252855,-1.6717528530206933,0.1039732530572432,-1.6717528530206933
1.0161285754345255,0.08860060835081451,0.8360369119839366,NA
-0.21040661077905978,1.2495754477017953,0.3592244357639037,1.2495754477017953
-1.3386666687792084,-1.169478216012874,0.06852313016000855,-1.169478216012874
-0.8761396793979346,-1.8795266973159666,0.14466760561448996,-1.8795266973159666
0.04717288815843307,0.4388896241053201,0.47125951601465266,0.4388896241053201
2.016952372310753,-0.39740643322009706,0.968644691009089,NA
0.3726990011104269,-0.3820132364465111,0.6155868611703155,NA
-1.605261694554702,-0.0011121569018415212,0.043543659131638775,-0.0011121569018415212
-0.502498190880453,-0.4621736823674943,0.24889828862490787,-0.4621736823674943
-1.1958575112787113,-2.6717565546198903,0.08686381213485178,-2.6717565546198903
-1.071067618386614,0.38259343265086543,0.10641245197911625,0.38259343265086543
0.7461866916837184,-0.7367755478671502,0.758254955264344,NA
-0.43688643926219956,-0.39646737421609246,0.2716246035615576,-0.39646737421609246
1.0773673979074971,0.9263049845140359,0.8505932145970005,NA
0.24278714101194146,-1.026226989221712,0.5589783693528146,NA
0.0502175790369059,-0.6288146151014951,0.47262531168785693,NA
1.6537038471167151,0.8570029623646123,0.9414018476171986,NA
-0.5323455371676602,-0.6953536730645526,0.23899051314380032,NA
0.32821187169501215,0.42074142968652273,0.5964707838289611,NA
3.4164796314886763,2.0369411258117225,0.9974000593549445,NA
-0.35546554301988686,-1.4231966776506502,0.30156890891938626,-1.4231966776506502
1.7878732065855958,-0.0026382359432040037,0.9533883481544494,NA
-1.5854649340600422,-1.4025189915715162,0.04505211311625994,-1.4025189915715162
0.2752514528731065,0.3275827376263426,0.5733304962703324,NA
-0.5472130571169631,0.9158162911826966,0.2341573325698788,NA
-1.5226175891105258,0.374911033334838,0.050177344895567265,0.374911033334838
-0.6185725751479779,-0.38653641001048256,0.21191334094318906,-0.38653641001048256
2.325356024564329,-0.1449377037667774,0.9817584052784852,NA
-0.19218636622164553,0.5603431889623809,0.3668079266277117,0.5603431889623809
-0.5650635495981761,0.54979559939854,0.2284446630900042,0.54979559939854
1.0535911176199144,0.32087314544942996,0.8450723500621768,NA
-0.6945938848217129,-0.18596788917227938,0.18996017123287892,-0.18596788917227938
0.2360811555654208,-0.5062659441706784,0.5560005796858204,NA
0.28017323738063293,0.11660170792981717,0.5754962389703431,NA
-0.41902051390370104,0.00583727550378671,0.2780335409229952,0.00583727550378671
-0.3762408968026307,0.44753064883654653,0.29375136981613614,0.44753064883654653
1.6652590842375026,1.4181847537920544,0.942538756860405,NA
-0.16032058740320407,0.18069939339150076,0.3802288338294815,0.18069939339150076
2.175111392832579,0.28445520779751376,0.9762282960929486,NA
-0.20315257773686823,0.9589593639673317,0.362235476949785,NA
-0.24788285614036618,-2.0345627116138774,0.3438488187876006,NA
-0.6118835101714989,-1.070386847910262,0.2139311216508246,NA
-2.8860096216283706,-0.8026098586471395,0.004519530809666683,-0.8026098586471395
-1.8995701844437354,-1.717231550085332,0.026103736381105434,-1.717231550085332
-0.09619858336929735,-0.3717306117861805,0.4077782912076186,NA
-0.7392669648949531,1.4493077418356544,0.17789413694824174,1.4493077418356544
1.5618557840467084,1.6935777697578087,0.9315878726802722,NA
0.33482214864689747,-0.9199921088686223,0.5993313564684467,NA
-0.5023503842715186,-0.698131142710506,0.24894802979901756,-0.698131142710506
1.034318283955865,-0.0985644354058336,0.840475851743465,NA
-0.7228676983331069,-0.3593047361744544,0.18225230089166072,NA
0.1687646183346937,-0.9844911780705,0.5259208195195789,-0.9844911780705
0.6422012065179867,0.1503426012647323,0.7223126367319886,0.1503426012647323
0.04164908527860413,1.16670950361459,0.4687827458338802,1.16670950361459
-0.23057014875743415,0.39364050365037495,0.3509134926391239,0.39364050365037495
-0.2705996708511547,0.2403324822771044,0.3346830881992986,NA
-0.37870184090211756,-0.669787582817754,0.2928332180697433,-0.669787582817754
1.466173660218182,0.6273344540779754,0.9197616210802809,NA
0.01393392391970997,0.3257374874986789,0.4563814242267079,NA
-0.9191466876178795,-1.6490540058418732,0.13534961930056777,NA
-0.5307817069646813,-2.376175097287171,0.23950284545557307,NA
-1.0180603314781946,-0.8860550653979768,0.1158317570402505,-0.8860550653979768
0.4355939932488843,-0.026801638647599435,0.6420031879474574,NA
-0.2917127362626411,0.46251234672267694,0.32627467169003155,0.46251234672267694
0.28590401708233115,-0.2753526290351692,0.5780143119769869,NA
0.30775203517615896,-0.42546695622962766,0.5875760025054353,NA
-3.0480439591109167,-1.4249596603408488,0.0033800495790019818,-1.4249596603408488
-0.8833541838116665,-1.0966073053945444,0.1430681221485983,NA
2.154399788235447,2.543133179571802,0.9753475989750585,NA
0.19916366451900644,-0.709948076922138,0.5395409095947714,-0.709948076922138
-0.14174214106729474,0.587227746175121,0.38814036691044523,NA
0.5243033485275765,-1.3381287804961723,0.6778144655591541,NA
0.5614576407860493,1.54075216658053,0.6922424064436961,NA
-1.3208932550148886,-0.8995051846590315,0.0705935183109181,-0.8995051846590315
0.00755648233259704,-1.649472643027223,0.4535348725510163,NA
0.7285841050004016,-0.7321799714329458,0.7523995961854575,NA
0.23316987157842792,0.006588228972234711,0.5547065590651021,NA
-0.24693025873095684,1.2483328310021027,0.34423578187892406,1.2483328310021027
-0.22011870607147058,-0.6164069425588526,0.35521042316304363,-0.6164069425588526
-1.042600302716709,-0.7595304766205655,0.11138409508728035,-0.7595304766205655
-0.32465251776286996,0.5046765293293495,0.3133778409565931,NA
0.4008013559845868,0.20247890974679592,0.6274849953016127,0.20247890974679592
-0.6710642915502293,-0.6278797713688171,0.19656300943322638,-0.6278797713688171
0.028748238542098913,-0.04369937595508089,0.4630044429887856,NA
0.24628276753892134,-0.1335193926234239,0.5605289339211342,NA
0.9508289794550037,0.7140953286572134,0.8192822400541172,0.7140953286572134
-1.6056672404877141,-0.6268966573711288,0.04351326722660733,-0.6268966573711288
0.12933116993047922,-1.228652069007758,0.5081982916522279,NA
1.0030224322730645,0.32648197093045495,0.8327773801565815,NA
0.3268126621823485,-0.4850814136040148,0.5958644319644172,-0.4850814136040148
-1.865296563963024,-0.7133941136548281,0.027718809825006463,-0.7133941136548281
-0.09478850699907841,-0.13199336198063213,0.408391382290037,-0.13199336198063213
1.2803350871164532,-0.30456991413698975,0.891349776879568,NA
-0.9942654531985846,-0.2959016593088349,0.12029095216834318,-0.2959016593088349
0.1515674223848689,-1.6691870408280176,0.5181972991690895,NA
-0.7229426762386666,0.2869076725300919,0.1822321877674239,0.2869076725300919
1.0457076771083573,-0.6555362438822476,0.8432053874931464,-0.6555362438822476
1.1614061273052074,2.094542116049571,0.868816066309,NA
0.2965688668130922,-0.31319083767701317,0.5826895133438016,-0.31319083767701317
0.49958519735998336,-0.05227126464740389,0.6680222106319146,NA
-0.11639341023499129,-1.0560347646633141,0.3990300661928405,-1.0560347646633141
2.179340663665875,-0.14712525359250073,0.9764043217532986,NA
1.0227921463028642,0.7892760106112295,0.8376744784846087,NA
-1.3250087736895524,-2.0207537938524593,0.07010902663291024,-2.0207537938524593
-1.373593018441869,-0.24988584297494265,0.06461767113665969,-0.24988584297494265
-0.012458990708699106,-1.6405745924691257,0.4446215794070993,NA
-0.33612630692704965,-0.7764137398370108,0.30895114779250327,-0.7764137398370108
0.2420076571881504,0.5772325708266665,0.558632453573216,NA
-0.4204351344593403,-0.43210061287417256,0.2775227054413478,-0.43210061287417256
-0.5561902474257769,0.15586764000712355,0.2312720441718253,0.15586764000712355
0.9683045381589619,0.7110104921307586,0.8238928935640837,NA
0.91712482651406535,0.5292030698036744,0.8101253217800272,NA
0.7019988256016042,1.8651789875293656,0.7433775054315357,NA
-0.026704941597572952,-0.8641095724999901,0.43829886683202846,-0.8641095724999901
0.8373344676537089,0.38834723711305513,0.7870445795816114,0.38834723711305513
-1.5598641530441673,-1.6120303650300136,0.04707673390431273,NA
-1.3620265540721013,-1.5117741165657308,0.06588752099610867,-1.5117741165657308
1.175167442307512,0.43724720964898944,0.8716135615455208,NA
-0.44688068414736665,-1.0505692234604964,0.2680801066373209,-1.0505692234604964
0.28716645831016024,0.7417566591321202,0.5785684817278909,NA
1.828206737976944,1.7522912437095508,0.9565104954934147,NA
-0.41126369404749796,0.06233910162641515,0.2808448680463389,0.06233910162641515
-1.0436367949799876,-2.2094636027462813,0.11119956765339625,-2.2094636027462813
-2.9636613791217394,-2.185500632653956,0.003932300972624143,-2.185500632653956
-0.18629674569234966,0.16252815702590256,0.36927364567216747,NA
-0.18496936050719212,-0.29614961908951687,0.369830311070521,NA
0.956157855718377,1.6615521143220064,0.8206980702864926,NA
-0.5305343508201593,-0.6857218624789222,0.23958395161669455,-0.6857218624789222
-0.3000080165080114,-0.3325178978420314,0.3230009883882873,-0.3325178978420314
-0.135167025083559,0.09047777329931188,0.3909547732265621,0.09047777329931188
0.3423627158462019,0.5312764679290304,0.6025862522260187,NA
0.633585922849807,0.6684606377970326,0.7191914876965514,NA
-0.6872711369636259,-0.8649288469139337,0.19199668631044697,-0.8649288469139337
0.28387729879714196,1.2720274713430786,0.5771242395611109,NA
0.35221198576998175,0.5210500990372247,0.6068240297560896,0.5210500990372247
0.07204359899493974,0.29996597655531454,0.4824268607192514,NA
1.4105176969486921,0.010176401295118542,0.9120504421877424,NA
-1.7776724510698128,-1.8711558406843698,0.03230139031902628,-1.8711558406843698
0.6159991426957822,-0.19066728901983504,0.7127542269472643,NA
1.2289622568083245,0.18331997835381186,0.8820649935560192,NA
-1.244096081233768,-0.0843031588169707,0.08021916656455463,-0.0843031588169707
0.14515997166162,0.7606162369568111,0.5153171929949643,NA
-0.9740878307271597,0.010699712981600773,0.12418765350111104,0.010699712981600773
-0.35783711747089525,-0.32169015371826365,0.30067054765838924,-0.32169015371826365
0.035106199706290725,-0.5781284798377188,0.46585103613573203,-0.5781284798377188
-0.16618405825180674,-1.3841444951924509,0.37774483708895074,NA
1.9586908139225225,0.1131504671464596,0.9652981314879697,NA
-0.09132301764456492,1.1328888842065146,0.4098993601721261,NA
-1.353990532732628,-1.4920644376214454,0.06678338894752306,-1.4920644376214454
-0.7550794294424341,-1.2417333830664976,0.1737696592121181,-1.2417333830664976
-0.319911347044842,-0.6780160515642022,0.31521706141790684,NA
-0.4490072572271374,-1.0658355275915277,0.2673297027899721,NA
0.6234072227852612,-0.30687140866745494,0.7154765199357715,NA
-0.6860257122050355,0.9885763653096675,0.19234470026985798,0.9885763653096675
0.5479359389723474,-0.27883472778271484,0.6870330253332819,NA
-0.32569176604979044,-0.6045879728481784,0.3129754703873129,-0.6045879728481784
-1.1480805338227487,-0.7728631721729469,0.09393185372377924,-0.7728631721729469
-0.06739165991080734,1.5288559254944274,0.4203577452784871,1.5288559254944274
-0.6303567994122514,-0.7231772951084317,0.20839252119398852,-0.7231772951084317
0.013709250088308506,0.19358782782799935,0.4562810922017434,NA
1.6284425643841822,1.2210953293136526,0.9388425795927212,NA
-0.09377759727181177,-0.32458514241891345,0.40883109419291347,NA
-0.1569412758698146,-1.8789109702489375,0.3816633066589331,-1.8789109702489375
-1.4683849507422426,0.20385418667996957,0.055039453558114,0.20385418667996957
0.22198835907026868,-0.03167691810137682,0.5497298021176908,NA
-0.17934497639803226,0.23771900421905134,0.37219283641992806,0.23771900421905134
1.4767847242091605,0.28665153031312274,0.9211599448404952,NA
-1.9471598838995052,-0.7163256142464156,0.024012206111826133,-0.7163256142464156
-0.8360232802358765,0.17487178064711262,0.1538339420054728,0.17487178064711262
-0.5307335446500508,0.8578126500101855,0.23951863603018478,0.8578126500101855
0.06837113550782666,-0.706621903371834,0.48077649127953986,NA
-0.6185611831020806,-0.1966872859011033,0.21191676553702665,-0.1966872859011033
0.19671434183446398,-0.07260071485788883,0.5384454182434615,-0.07260071485788883
2.473702939665244,1.1513450085582537,0.9859732816400819,NA
-0.38662808248519537,-0.9947908193133517,0.28988748827317085,NA
0.09922185971312372,0.5162570017272978,0.49465004105406496,NA
-0.7414413450887875,-0.11691770506372168,0.1773224613545959,-0.11691770506372168
1.0832140832279051,2.1667578281924547,0.8519257262608112,NA
-1.2323181124047387,-2.4324576609035606,0.08179740021384364,-2.4324576609035606
-0.42628503091251796,1.3254728233002142,0.27541639104325355,1.3254728233002142
0.26552862564725,-0.32389122019604044,0.5690439419060401,NA
0.8598689822257791,1.412940430141893,0.7937638566426842,NA
0.25318357925017654,0.275319527842401,0.563586451908929,0.275319527842401
0.644617101212754,0.8006637323041017,0.7231840245801335,NA
-1.3986110763185922,-0.6513765583205551,0.06194858829779161,-0.6513765583205551
-0.5766798571472038,0.6537315658851404,0.22478016921496655,0.6537315658851404
-0.09104696170397597,-0.5805288914845598,0.410019556822164,-0.5805288914845598
1.0518055637641421,1.2172585363587667,0.8446510904372236,NA
-0.015057767186923622,-1.2058681550654349,0.44346677697516895,-1.2058681550654349
-0.24757742640302946,-0.8415399545937166,0.34397286758245477,-0.8415399545937166
0.07852001962571825,0.485621123733866,0.4853382134206683,0.485621123733866
-1.0875441063819897,-0.3968706463846421,0.10362507869931889,-0.3968706463846421
-1.4204160239519745,-1.045849910886103,0.059706630544275836,-1.045849910886103
0.42909981700553773,0.15833210310123264,0.6393120902064886,0.15833210310123264
-0.9075791905906336,-0.3932189248275105,0.1378049141828388,NA
0.28921357173337076,0.8759598172966399,0.579466675397092,0.8759598172966399
-1.274672422910549,-2.206296173684475,0.0762509646635092,-2.206296173684475
-0.7333757072376621,-0.2647879421012559,0.17945028809092353,-0.2647879421012559
0.060113924334193464,-1.2358235618686886,0.4770673668129669,-1.2358235618686886
-1.1382944563056827,0.4181431807048851,0.09544179902689735,0.4181431807048851
-0.16294420268580415,0.5906479115618588,0.3791165831256804,NA
0.23024805261829112,-0.11114776766350096,0.5534071096504574,-0.11114776766350096
1.6052763269679728,1.9003991524059085,0.9364040569635583,NA
-0.661543850098101,-0.7811395891847125,0.19928343419850117,NA
0.44889643537776575,-1.5201171888030698,0.6474875406117093,NA
0.704381147927497,-0.7357318638591749,0.7441946962622699,NA
2.3324327447433366,1.3259007720905716,0.9819851353571576,NA
1.770564667483639,0.319827806128935,0.9519841125500582,NA
0.9003770765124063,0.7311411808172814,0.8054447990187866,NA
1.3304133795227673,2.211747798158025,0.8997765339144769,NA
-0.3492971140255416,-0.4658773370097083,0.30391265539368034,-0.4658773370097083
1.0621850464633882,0.6812828992688241,0.8470868459883104,NA
-0.6199543753609128,0.3813228696079321,0.2114982543250114,NA
0.6556127304336266,1.8626351864847064,0.7271286364058128,NA
0.11700834783137859,-1.9117473852665903,0.5026537316058974,NA
-0.5086078746786431,0.35977383179245476,0.24684802410403597,0.35977383179245476
0.4080477779763716,-0.3756749530787845,0.6305287911815609,NA
0.8560496183536277,0.49435696987454875,0.7926361506030224,0.49435696987454875
0.6322424412310325,-1.2332446344918666,0.718702847608014,-1.2332446344918666
-1.1085807990413852,-1.2132595593432005,0.1001602365064996,-1.2132595593432005
-1.5957826676692453,0.03927841992826464,0.044259821198324556,0.03927841992826464
-0.21342668216487512,0.4532983729905355,0.3579740954594385,0.4532983729905355
-1.2197796510943786,-1.5549512679652002,0.08350857636420847,-1.5549512679652002
0.010164321896158799,0.14492507721585315,0.45469851739937894,0.14492507721585315
-0.018470963549376846,-0.3173663606525774,0.4419510053157012,NA
-0.5007627391412772,-1.6228138537597527,0.24948273698807205,-1.6228138537597527
-1.6804506985356304,-1.5753315759694932,0.03824263314044094,-1.5753315759694932
-0.45327520627173634,0.81263339719625,0.26582770319650817,0.81263339719625
-0.43109291273366723,-0.6531245187233508,0.27369270326631323,NA
-1.6609756769458062,-1.9362355703850906,0.039553039428444854,NA
0.596686039962236,0.896676254253421,0.7055845767635273,NA
-0.16646309578376423,-0.15074920765144126,0.3776267845051278,-0.15074920765144126
0.05554524265617104,-0.5989943200449722,0.47501618330118617,-0.5989943200449722
0.597736811215371,0.46272862864925024,0.705977331432474,NA
1.16082868456631,-1.6082515959000845,0.8686975559262786,NA
-1.308543070253947,-0.2557372967414766,0.07206604796831077,-0.2557372967414766
2.32783854597498,0.6664323838614228,0.9818382595758022,NA
-0.673851906512465,0.1886489673009018,0.1957717894229691,0.1886489673009018
0.08957163791008699,1.40736396252117,0.49030845105267795,NA
0.5463536659069738,0.8232149100006763,0.6864203065741368,NA
-0.47522417242911463,-0.31518668441860737,0.258188829252664,-0.31518668441860737
1.1240176773535278,-0.4888192837170723,0.8609534680124393,NA
-0.3223955345381842,-1.4270871465544344,0.3142526549668388,NA
-0.20864440127308093,-0.2249292166037395,0.35995489412625203,-0.2249292166037395
2.4132311156805653,0.5193845465394415,0.9843854752428833,NA
0.044708506614583955,-0.3284352526562739,0.4701543511399557,-0.3284352526562739
0.4410783390340107,-0.7260545864624104,0.6442688846637408,-0.7260545864624104
-2.1359177820075637,0.006848939124490805,0.01721427714235884,0.006848939124490805
0.14623047214073107,-0.36149824328711977,0.5157984517748966,-0.36149824328711977
0.015380666675422773,0.17058501103031298,0.4570275769179986,0.17058501103031298
-1.5116886469833881,-0.7684926638249991,0.05112324845284065,-0.7684926638249991
-0.2440280912843476,-0.04543480441621997,0.34541596999729707,-0.04543480441621997
-0.9078448928759808,-1.4173162539960595,0.13774809920903514,NA
-0.9117366871337169,-0.4079283156767156,0.13691817260423747,-0.4079283156767156
-0.07497187757824067,0.47085590075801703,0.41703685242285354,0.47085590075801703
0.09028850263498513,-0.6743704604845886,0.49063092296864713,-0.6743704604845886
0.23760228726395213,2.324086837742757,0.5566763982415885,2.324086837742757
1.3440890151136873,0.6205792485046197,0.9019746438497166,NA
-0.5254058054844392,-0.6072738593602502,0.24126979766035248,NA
0.0030335627241646324,-0.6155112888306546,0.451517909889087,-0.6155112888306546
0.22501627567409746,1.1911831673948432,0.5510785169372737,NA
0.794069946263291,2.617995912519888,0.7737005697995359,NA
-1.1392589160683033,-1.2072152599720232,0.09529202837036527,-1.2072152599720232
0.04613474772759368,-0.6049478402825567,0.4707939214974765,-0.6049478402825567
0.15352037613071978,-0.3137308186651157,0.5190749072430727,NA
-1.2961861542189668,-1.8629045250832401,0.07356768800823228,-1.8629045250832401
-1.332988887025689,0.4961680809462983,0.06917833336558961,0.4961680809462983
1.258146362321336,0.1591535983514173,0.8874209147110368,NA
0.7628468413711151,-0.7294230102069617,0.7637092858809498,NA
-0.6244222279097495,-1.3956543459241557,0.2101602054473985,-1.3956543459241557
0.2513487223981836,-0.15160823529607048,0.5627739502004536,-0.15160823529607048
-0.14587916711030022,-1.2470200207653936,0.38637336198110617,-1.2470200207653936
-0.7718122603401882,-0.23072387481479847,0.16948774404020353,-0.23072387481479847
0.8311444188715575,-0.13426996388272544,0.7851711329763241,NA
-0.6698522419017136,0.3630901244425008,0.19690778299760464,0.3630901244425008
0.14118266989665015,0.810164707203713,0.5135288983903642,NA
0.5851231620086728,0.5011519821545476,0.7012425288182192,0.5011519821545476
1.1597089733196242,0.9512662681142262,0.8684674951115178,NA
-0.6651055687662086,-0.22200321546529622,0.19826239088539382,-0.22200321546529622
1.337601657262127,0.5600630361318821,0.9009373267950515,0.5600630361318821
2.0963736888238667,0.9370928659770696,0.9727075307610555,NA
0.12283114389971006,0.3216351566432314,0.505273819166318,0.3216351566432314
-0.849770321736054,-1.0197089320506147,0.1506404684463505,-1.0197089320506147
-0.7749640566435121,-0.7674295235483843,0.16869066707666627,-0.7674295235483843
-0.5527975643234139,-0.6702908063567968,0.23235952988137684,-0.6702908063567968
0.5180720406753146,0.13406128265714728,0.675360146295739,0.13406128265714728
1.3770023433772205,-0.18346773211847678,0.9070894797787977,NA
0.023843522318522728,0.18042713195190668,0.4608101349334988,0.18042713195190668
-0.8554358875383957,0.03047887611068123,0.14934029670900031,0.03047887611068123
-0.5135105139378779,0.4237871609065515,0.24521104636496155,NA
1.1500397832139875,-0.7129771790121324,0.8664665630980697,NA
-1.4525594066721879,-1.6068205973012621,0.05653992981624874,-1.6068205973012621
-0.032213975163556126,1.0429606331374484,0.4358590659978803,1.0429606331374484
-0.605019297927831,1.1956384493362824,0.21601623653451962,1.1956384493362824
0.8653921897212293,-0.004030624536726313,0.7953866001228872,-0.004030624536726313
0.3381652005397819,0.2328989944840768,0.6007754893543001,0.2328989944840768
-0.2891645213599408,-0.79637400315585,0.3272837392210528,-0.79637400315585
-1.800412313365221,-2.818741222350346,0.031046150395501775,-2.818741222350346
0.24180690687567724,0.5972078760895354,0.5585433562840559,NA
-1.1697451225885829,-1.4237398723290315,0.0906650781060378,-1.4237398723290315
-0.5244223562876418,0.0498461649856094,0.24159399810708374,NA
1.533345616342409,2.0043608681822738,0.9282439303950947,NA
1.7567504037783048,0.6298506264854834,0.9508346339221851,NA
1.0775777097697483,1.7437543985057071,0.8506413174536506,NA
0.17252857154915763,-0.3000040837862761,0.5276097432776926,NA
-0.5978452657000267,0.9935199347207482,0.21821115700049865,NA
0.484097169333492,0.9573187532808007,0.6618109549943043,0.9573187532808007
0.8354238199708793,0.6017704396696446,0.7864675877509566,NA
0.8751480599302829,0.9100514106400104,0.7982297046545127,NA
-1.257944261061315,-0.7907942803447008,0.07839911075803822,-0.7907942803447008
-1.1437276757846797,-0.5608209399566713,0.09460081732900931,-0.5608209399566713
-0.8777367403488714,-0.6211384995983563,0.14431225545403492,-0.6211384995983563
0.3994737091164896,-0.33484221440269324,0.6269262237057911,-0.33484221440269324
-1.3891712986773677,0.4226172976965513,0.06294336687986823,0.4226172976965513
0.8113969585405066,-0.4010128276866449,0.7791146677413041,NA
-1.4944371690206864,-0.2441614407404733,0.05265077163067776,-0.2441614407404733
0.41497425498142165,1.8356125676157264,0.6334285282320409,NA
-0.10071047981366144,-1.3011345861778572,0.40581848776709,-1.3011345861778572
0.08868285772667571,-0.7947117166630677,0.48990865651747373,NA
1.914160776878355,0.20920807522543305,0.962510691856794,NA
-0.09458584359179625,-0.04427513957071413,0.4084795223648142,NA
-0.0022730258182940507,-0.4252780330130791,0.44915350973189067,-0.4252780330130791
-0.3403958434625767,0.4858824698108162,0.30731277590947065,NA
0.7621706826774428,1.4102455735522388,0.7634895832660368,NA
1.4013635986238329,2.180908659903182,0.9107197138480856,NA
-1.0114312192049122,-0.9579042979331223,0.1170594242712969,-0.9579042979331223
0.2659887901291755,0.08748690486609717,0.5692470557535018,0.08748690486609717
-1.6349281645373621,-0.9998194534701904,0.04137311351376521,-0.9998194534701904
1.5710346171976424,0.015946120436689082,0.9326333660413343,NA
0.47168270655731936,-0.7966499863171439,0.6567915877975041,NA
1.520891969425331,-0.06620924288941554,0.9267364186153424,NA
-0.47593267455583144,-0.44141292393694964,0.25794464901426156,-0.44141292393694964
0.2895729529935885,-0.1031065942651635,0.57962430379960606,-0.1031065942651635
1.2155954860037494,0.8103816950686316,0.8795390018358352,NA
0.5603858993279488,0.12880583316935143,0.691831265742677,NA
0.888348664269709,-0.41804238367190527,0.8020295373364478,-0.41804238367190527
1.2767576390061766,-0.7808108452990107,0.8907245768986889,NA
-0.3016853524955311,-1.082205012763684,0.3223411279322065,-1.082205012763684
0.13351014517193494,0.6190645540546895,0.5100782001359291,0.6190645540546895
0.08240926459690741,-1.1163343545017668,0.48708704110467427,-1.1163343545017668
-0.43749866314557334,-0.025183670883662773,0.27140663301328655,NA
-2.044765457432198,-1.6841233872895591,0.0202215457179003,-1.6841233872895591
-0.5610814177731865,-0.6924118150740531,0.22971050809926477,-0.6924118150740531
1.5036416947610123,1.381283389923951,0.9246000776643591,1.381283389923951
2.3035395790280724,0.9905106901125345,0.9810416647793199,NA
-1.0013779745357614,-0.08822793318739541,0.11894274661740892,-0.08822793318739541
-0.6365646176811273,0.7056755915109323,0.2065551953250492,0.7056755915109323
-2.0812026298090345,-0.3106189552442301,0.018962176438402343,-0.3106189552442301
0.2709503334861919,-0.6113448236020276,0.5714355578200566,NA
-0.5123763596325202,-0.15506866781576675,0.2455890848563748,-0.15506866781576675
-1.2216161884080388,-0.5460115443634694,0.08325591792076859,-0.5460115443634694
-0.29776452484007326,-1.1616925448948756,0.32388467605566224,-1.1616925448948756
-0.9733931431113839,-0.8964768671618901,0.12432372138341438,-0.8964768671618901
0.9551055073801836,1.3453062996175786,0.8204191602298848,NA
0.4232328726097606,0.8772887754927595,0.6368733567032135,0.8772887754927595
0.1062199276945481,0.23847641845836842,0.49779898167976916,0.23847641845836842
0.9165225420242286,0.7879551954537123,0.8099585051134551,NA
0.5092450883729414,-0.16094383447856742,0.6718669490301176,NA
-2.3546069045639713,-0.9909947497603773,0.011678108462971298,-0.9909947497603773
0.2818605128380505,0.46871594932594046,0.576238031790131,0.46871594932594046
0.5039824696310703,0.42809469794670085,0.6697751881231122,NA
0.3249303055944401,1.1796925462809498,0.5950482450799689,NA
-0.6017608731979599,-0.780201156429217,0.21701117537239528,-0.780201156429217
0.13019751541320107,-0.6356543824682067,0.5085880372458903,NA
-0.1583962880104602,-0.03865558004508853,0.38104541871229486,NA
-1.1679537169780576,-1.1819135256455913,0.09093127536413392,-1.1819135256455913
1.967070027794603,0.24253517903977584,0.9657998322271546,NA
-1.5651443127531395,-2.2824752762060294,0.04665219737677071,-2.2824752762060294
-0.6756794371597121,-0.5351858109802278,0.19525438303982137,-0.5351858109802278
1.1862445688253904,1.7547506606615175,0.8738282998183226,1.7547506606615175
-1.6310905918138192,-0.5330167547836118,0.04164794927472904,-0.5330167547836118
0.6821094875717807,0.9372352102954564,0.7364885905416648,NA
-0.3202066475387583,0.26927544976722817,0.3151023367890374,NA
-0.3533415769519091,-1.2147955471067928,0.302374768312471,NA
-1.9276773623394188,-2.2039351615551572,0.024847923374931122,NA
-0.7068780754771805,0.0036253460827669892,0.18658105386763021,0.0036253460827669892
0.4135303288330098,-0.031442893698500035,0.6328248240851378,NA
-0.4027465121888156,-1.170135022534814,0.28395164867536504,NA
1.2085719229896763,-0.02281258339363179,0.8781930961685911,-0.02281258339363179
0.06625826978624745,-0.4232852260758982,0.4798271776850512,NA
-0.011468361091021395,1.2881554839163705,0.44506193764368007,1.2881554839163705
-0.08664329155154628,-1.050745925826149,0.4119383893207332,-1.050745925826149
0.41434968133833006,0.520941352536859,0.6331674458623214,0.520941352536859
1.2874900356499195,0.6048309223892607,0.8925907672578569,NA
0.8533233474995983,1.9607054378602549,0.7918284104511093,1.9607054378602549
0.8117493677315346,-0.5698005340254659,0.7792238145618544,NA
1.5418181418444972,0.0024949745588959127,0.9292531150833704,NA
-0.42496744937274755,-0.835496659039012,0.2758899340994447,NA
-0.05140089182590995,-1.5193698973625223,0.42738664872495413,-1.5193698973625223
1.8642433405945562,0.7756684593742087,0.9591303013296232,NA
-0.48947523509043744,-1.2720565625166467,0.25330633959275584,-1.2720565625166467
0.7286554616124475,-0.1774020685637086,0.7524235234223755,NA
0.30674941684038237,1.2708062175866603,0.587138596589085,1.2708062175866603
2.0388468993969626,1.2716169047067567,0.9698198063834684,NA
1.5983415091313087,1.8309419384161663,0.9356566332501218,NA
0.23933872257082564,0.10277322194990077,0.5574476168392946,0.10277322194990077
0.6011799436613191,-0.2961064566904168,0.7072621516498472,-0.2961064566904168
-2.988003857191299,-1.6762696751007833,0.0037643562982677308,-1.6762696751007833
-0.06288639992738584,-0.2617249865577473,0.42233494096670127,NA
0.6862365460155598,0.938898822517017,0.7379277677635201,0.938898822517017
2.4604368322685515,0.8126191179526677,0.9856391746030392,NA
0.12937318093900674,0.3288675553110949,0.5082171915117812,0.3288675553110949
0.6271251676732734,-0.3739114586002525,0.7168369039381649,NA
0.08392486104003179,0.4736880441581616,0.4877686282006835,0.4736880441581616
-1.2528051836131378,-1.0209048693988811,0.079070084646321,-1.0209048693988811
0.08900510457617442,0.9378793638120556,0.4900536093752169,NA
0.6292699142418079,0.3160565910678682,0.7176198675089699,NA
0.2921060570530951,0.5584989111229604,0.580734887581268,NA
0.7357343091950143,1.4436189278883977,0.7547894776891347,NA
-0.004291782864848954,0.5347250343624408,0.44825463073551614,NA
-0.44613056975965837,-0.14476356648933214,0.2683451177525446,NA
1.0142998118014706,-0.345334670998264,0.8355851789038008,NA
-1.2908491536088473,-0.4294239337609833,0.07422511870048376,-0.4294239337609833
0.7544130378537768,-0.6639673781735149,0.7609588314766581,NA
0.13595011433043436,0.8432735081837994,0.5111756898247242,NA
-2.610024783488465,-2.0629788247253362,0.007405901683657146,-2.0629788247253362
-0.5036969184130082,-0.09139241370644494,0.24849512787895994,-0.09139241370644494
1.2926428685168463,0.020993546612121272,0.8934767615654685,NA
-2.074014194625023,-1.1378749499669345,0.01920438322253112,-1.1378749499669345
1.4537537448916533,0.9110573136523551,0.9180961962759872,NA
1.4389999158311426,0.7803175424162276,0.9160769337295014,NA
1.1844705115603733,0.3419023367157583,0.8734758099987995,NA
-0.06955047463304345,-1.199847073617533,0.4194112203931137,-1.199847073617533
-0.5594986470326847,1.7592244686254717,0.23021500629570357,1.7592244686254717
-1.5542870009863443,-1.8366857069644895,0.047529136149996015,-1.8366857069644895
-0.07797823179777329,0.45897547626242746,0.41572183290744597,0.45897547626242746
-0.22494735566753785,-0.8439012410646066,0.35322225561324827,-0.8439012410646066
1.9104724423717008,0.11581949764194266,0.9622703940565106,NA
0.2620472813110732,1.3324467209916537,0.5675065492561473,NA
-0.5316190684555527,-0.7089398754172037,0.23922842075898093,-0.7089398754172037
1.0007506468194332,0.47738196954820655,0.832207144268307,NA
0.8307532100621291,2.0369806391185623,0.7850523305542018,NA
-0.49056381546363836,0.29199466113116374,0.2529359050226074,0.29199466113116374
0.4715582137090774,0.5439447965351347,0.6567410731099146,0.5439447965351347
-0.6221005030010072,-0.7708081643342584,0.21085474741892296,NA
-0.6815862646710756,-0.6127682235758877,0.1935891415381162,-0.6127682235758877
-0.8902758852651774,-0.736824480860306,0.14154742787898195,-0.736824480860306
-0.3992724327729049,-0.5550161497006841,0.2852248137391511,-0.5550161497006841
-0.9954759478158772,0.5558197127168377,0.12006057042794491,0.5558197127168377
0.8372377882756953,0.4924970928776643,0.7870154109485372,NA
0.6563883193982758,-0.2210442247747263,0.7274055444544013,NA
-0.11731963150422513,0.6716520383968213,0.39863033097015893,NA
1.6313453200915078,1.0786214570245254,0.9391418951391735,NA
0.5042034071391747,-1.175494375986634,0.6698631412706129,NA
0.695744267969379,-0.3190444824893695,0.7412239292518036,NA
-0.39413262684173067,-0.6945599256194988,0.28711470452443133,NA
1.4198275421639277,1.188134152440137,0.9133854041209035,NA
0.1211313470537705,-0.5568442765305868,0.5045089839390795,NA
-0.46956468054846967,-0.30232194098241405,0.26014473596925025,-0.30232194098241405
0.887696600063407,-0.30055175214718555,0.8018431108731601,NA
-0.8048534305300373,0.43678561033020175,0.16127983230711213,0.43678561033020175
-1.074650580622931,-0.7331470260168407,0.10580074732203307,-0.7331470260168407
1.3271068563862058,0.7180489556172398,0.8992385349449742,NA
0.9980680319294379,-0.23690433558195167,0.8315317892666125,NA
1.0446038051454838,0.36062949528872507,0.8429425109487942,0.36062949528872507
0.6771039114567546,1.0707170029317046,0.734736262353827,NA
0.20342047040443906,-0.5305033090711478,0.5414439065746985,-0.5305033090711478
-0.9493736869707179,-0.9572835230883407,0.12910755854325418,-0.9572835230883407
-0.5347287128771244,-0.5443076629350925,0.23821119884020078,-0.5443076629350925
-0.24473669962465042,-1.817289256757003,0.3451276326474643,-1.817289256757003
0.9611138929732738,0.6002434013471243,0.8220070468479098,NA
-0.18550762437611945,-1.8526083023284974,0.3696045375820038,NA
0.6789271331924289,1.719344360042182,0.7353753884219074,1.719344360042182
0.6023769425937666,0.29913596802003245,0.7077080455142793,NA
-0.34759343490017763,-0.5968566138277771,0.304561788443015,-0.5968566138277771
-1.3284734503319975,-0.9839031318302129,0.06970353957025134,-0.9839031318302129
-0.16821120705555911,0.42446095902051384,0.37688754067652336,NA
-0.36097063676785535,-0.36871332566455917,0.29948590207461867,-0.36871332566455917
-1.5971806235465844,-0.7971569312788171,0.04415350058309138,NA
-0.3556603919984035,0.18322419383755637,0.30149504190615894,NA
1.277565917037977,0.27504544364581374,0.8908661081429733,NA
-0.7178772178995749,-0.9153431043894675,0.18359489784340152,-0.9153431043894675
-0.6708983550994689,0.013081160230745736,0.1966101839301043,0.013081160230745736
1.7461610378266579,1.2106341101838416,0.949935878305219,NA
0.086500571542889,0.28674768136558915,0.48892706792750956,0.28674768136558915
-1.6425278336063276,0.46902545597065903,0.04083396038985295,0.46902545597065903
-1.231965408037214,-0.41160290028453067,0.08184509563288178,-0.41160290028453067
2.136745008294411,-0.10575556688551435,0.9745718400043061,NA
1.1468540969769672,1.8266977756796714,0.8658017038165524,NA
-0.17264539233878728,-1.9342711237223893,0.3750149807969151,NA
-1.9589783611164246,-1.0587235072863086,0.02351867016094839,-1.0587235072863086
-1.8910409361540796,-0.8728505619253419,0.026496889142933907,-0.8728505619253419
-1.352936038092626,-1.0132477617446904,0.06690178164776413,-1.0132477617446904
-1.416915233535739,-1.6887539168583263,0.06006138652502187,-1.6887539168583263
-0.3253940905575757,-0.28333365941174515,0.3130906940410427,NA
1.193742681912578,0.6839418610574494,0.8753088403708243,NA
-0.46982051752516674,-0.5117843255041592,0.26005611231471826,-0.5117843255041592
-0.7947951445924524,-0.7987715785728359,0.16374390324606253,-0.7987715785728359
-1.1966507021122814,-0.8236153280275513,0.08675063245444042,-0.8236153280275513
-1.2324538769974336,-1.9893038582399012,0.08177904782253892,-1.9893038582399012
-0.42295246948656084,0.8506380781200964,0.2766150982718856,0.8506380781200964
-1.2695924250112345,-0.14070146503766745,0.07689753889993263,-0.14070146503766745
1.7257138155287857,0.6451657245612326,0.9481562473452744,0.6451657245612326
-0.2862990702959425,-0.6239498077021408,0.32842034000104187,-0.6239498077021408
0.9750247822529089,0.531701091905054,0.8256411361556142,NA
-0.655974588588271,-0.2531886937093569,0.20088788969453344,-0.2531886937093569
0.07381941117923117,0.1298272479504245,0.48322503324131644,NA
-0.9985697212466699,-1.4716120351992354,0.11947349330066175,-1.4716120351992354
-0.8063900572419361,0.13366932182051333,0.16090603939085438,0.13366932182051333
-0.45378167738134945,0.2183846928907366,0.26564982091974426,0.2183846928907366
-0.18817848742021906,-0.1921640137392238,0.3684850958468329,NA
0.1849077869800171,0.15799881686708953,0.533159760152675,NA
0.1636363389937216,0.05300165813573933,0.5236187614842278,0.05300165813573933
0.7751306978164421,0.654701329637869,0.767676077770258,NA
-0.7978168511647966,-0.5995623641131177,0.16300048263698175,-0.5995623641131177
0.9641057973014748,1.606489143121571,0.8227936307081746,1.606489143121571
0.5013145503298629,-0.9273487308929744,0.6687121781439235,NA
-1.535583830998055,-0.3547308992800704,0.04907661278344027,-0.3547308992800704
-1.3153461176875039,-0.35263232674128925,0.07125144028133175,-0.35263232674128925
1.5506857413193529,0.4534522130970591,0.9302953012379512,NA
0.17791359916864893,-0.6153453066256777,0.5300249514403809,-0.6153453066256777
-0.3154458135880322,-0.18635779211931233,0.3169546689313073,-0.18635779211931233
0.24964691867570643,0.4429876243952111,0.5620200650831425,NA
-1.3225599894924598,0.01576497399810084,0.07039693348427725,0.01576497399810084
-0.2633852782709084,-0.3178877867123768,0.3375808443223756,-0.3178877867123768
0.6963321573912296,0.9565048214588227,0.7414268520352046,NA
-0.5260891004718609,-1.413217571877197,0.24104471976892303,NA
-0.6702284876744212,-1.1993245890671012,0.19680070918178916,NA
-0.7805160907721658,-0.9418379482429828,0.16729385117454773,-0.9418379482429828
1.4178146710918442,0.6477225229585073,0.9130983365746963,NA
0.48067808172662013,0.20988214855992654,0.6604321350609883,NA
-1.499498788595161,-1.4044562907476732,0.052198179105336084,-1.4044562907476732
-0.6846227425417489,-0.11387878190518969,0.1927373129992393,-0.11387878190518969
-2.0176829053024927,-0.2007621440186962,0.021210313829166525,-0.2007621440186962
0.0197108478853836,-0.5556133100612611,0.45896240349020206,-0.5556133100612611
0.24862292455765755,-0.24584838893165048,0.5615663057939444,NA
-0.278675499825261,-1.6958733547618223,0.33145405948859713,NA
-1.126725679363858,-0.9867224427994398,0.09725478082483291,-0.9867224427994398
-1.7731397700168587,-0.5842104763896456,0.0325573944432935,-0.5842104763896456
-0.5527169989921447,-0.8501643360136257,0.2323853974678629,-0.8501643360136257
-2.3445568867876916,-2.5489725502213867,0.011888753777862318,-2.5489725502213867
0.9887451715693926,-0.45751193887784236,0.8291678778788083,NA
-0.7027201877589679,0.08032792977830666,0.18771958516245907,0.08032792977830666
-2.6855677419942623,-0.7096519644677652,0.006470425644842865,-0.7096519644677652
1.0272398845685449,-0.02443595256655484,0.8387601514373081,NA
0.33777982611564095,0.8773472493954725,0.6006091039830374,NA
-2.7565052701469908,-2.202041662787195,0.005699225365390565,-2.202041662787195
-0.2789389825020692,-0.9056962960159191,0.33134897358862186,-0.9056962960159191
-1.0407526284212456,0.25079395768496016,0.11171370211084376,0.25079395768496016
1.3258460474298828,1.8454746637935115,0.899032716326208,NA
1.8983044237349276,0.9943867321501083,0.9614671013885763,NA
0.1447257717983568,-0.9891222160657491,0.5151219840962649,NA
0.9905495941785047,0.7159356667160612,0.8296274549170484,0.7159356667160612
1.4675402518133736,-0.16993241182708496,0.9199429722073764,NA
-0.4500355016394143,-0.09784412599113054,0.26696734503697844,NA
0.4864565505466544,1.2582467216539257,0.662760827058879,NA
-0.24960340928908276,-0.31636136206287957,0.34315042281097236,-0.31636136206287957
-0.6032446179973175,-0.4725663248814916,0.21655771325847084,NA
0.3689989657512138,-1.3091706633558684,0.614009617499586,-1.3091706633558684
-0.26934077984081456,-0.6307909892923258,0.33518784886347974,-0.6307909892923258
0.884453451090684,1.6898765876736905,0.8009139248389933,NA
-0.3816676298822386,-1.3688759392971455,0.2917289516271531,NA
-1.0166191658553247,-0.3427965964131983,0.11609769585714798,-0.3427965964131983
0.5025675509751671,-0.38231057666099205,0.6692116408847513,NA
0.873995772392874,-0.29357215664083514,0.797895442621054,NA
-1.524297235705665,0.2523563488354601,0.05003344845198097,0.2523563488354601
-1.3797499601909622,-2.538799982634436,0.0639510438227618,-2.538799982634436
0.10033479699054844,1.3879455592370655,0.4951508106902291,1.3879455592370655
0.12835260613633162,-0.9606531764399657,0.5077580500895251,-0.9606531764399657
-0.5857382172784376,-1.526017371430715,0.22195170393367492,-1.526017371430715
1.4852717492608536,1.1268575858097445,0.9222622867022084,NA
-1.6475111773580537,-0.887381939092591,0.04048407913090176,-0.887381939092591
-1.4782585234539745,-1.6085967710831266,0.05412238378989105,-1.6085967710831266
-0.3845580290012511,-1.2593417208188935,0.2906551154585885,-1.2593417208188935
0.16818188163992923,-0.7047518226217387,0.5256592856818189,-0.7047518226217387
-1.1408935723788358,0.211459003335826,0.09503866327556672,0.211459003335826
1.026849435453167,0.49217600811856116,0.838665079900965,NA
-0.32644078217541117,0.9372597116110306,0.3126856448451263,0.9372597116110306
-1.1389786461793716,-0.12737227434793985,0.09533552970729892,-0.12737227434793985
-1.0092743848481274,-0.23572393049877866,0.11746128239574925,-0.23572393049877866
-0.909133112558223,0.3325454581189857,0.13747291889174773,0.3325454581189857
0.38272553665822207,-0.2854535750883388,0.6198486720431184,NA
-1.0480649555829313,-0.06601628255377578,0.11041422871343425,-0.06601628255377578
0.011815787697858723,0.6521434920861612,0.45543567521569467,0.6521434920861612
-1.2863183777532787,-1.324340622624875,0.07478747247355017,-1.324340622624875
-0.0018872291651244354,1.7952295418451687,0.4493253289200739,1.7952295418451687
0.1564735974441415,0.6784867419838772,0.5204017850020147,0.6784867419838772
1.2689685913042892,0.9383142611378129,0.88935242786605,NA
-0.108263532590779,0.2474717797383168,0.4025444508479514,NA
0.7936959588367059,0.6391436808513594,0.7735826828057258,NA
-1.7474209601771333,0.10526067073611367,0.03404751066833334,0.10526067073611367
0.32679563497710573,-0.14187966771880534,0.5958570513640747,-0.14187966771880534
-0.02789255404144757,0.5105959529233376,0.4377726491368948,0.5105959529233376
1.3385386359037856,0.07594642673631746,0.9010877494134933,NA
-1.465524414571801,-2.6701928858668342,0.055307866174034936,-2.6701928858668342
0.7646197767794394,-0.5414983725414739,0.764284691952952,NA
-0.4113601942857087,0.8202322913464098,0.2808097869276833,0.8202322913464098
0.02828463712956778,0.877650953514454,0.46279697090255,0.877650953514454
-0.030311077602063825,-0.215676828302583,0.4367014626080422,NA
0.2370493058159696,0.3690611136531985,0.5564307400824351,0.3690611136531985
-0.6147797426304807,-1.5952674435805845,0.21305575033435567,NA
0.292002490823634,0.15398077849701075,0.5806894971981796,0.15398077849701075
0.38942453664890225,0.3151615431952875,0.6226858870162691,NA
-0.23471951810970784,-0.8093800426046175,0.3492141853859595,NA
-0.40088751335534484,-0.08163617415535948,0.2846324996182055,NA
2.030835029580725,0.816318670815594,0.9693948303554161,NA
-1.1523469189617244,-0.8129288155713716,0.09328029735324558,-0.8129288155713716
-0.26691005084241487,-0.7368881442750982,0.3361635321231645,-0.7368881442750982
0.5864884769799573,0.4488760661201729,0.7017571378764235,NA
0.16514465364368014,0.9318430786749011,0.5242959447041114,NA
1.2978605514710149,1.2457071398303636,0.8943673410176591,NA
0.44069971090970744,-0.03677623188057527,0.6441126716996103,-0.03677623188057527
0.7272305216437305,0.6900241311740338,0.7519454200048683,NA
0.9527956853481314,0.1851587108974192,0.8198057865396412,0.1851587108974192
-1.5053102802547722,-2.295484705143901,0.05168306973225121,-2.295484705143901
-0.07247233021957118,-1.5266878721084722,0.41813108796045517,NA
0.6387866485226726,-0.8083842628810427,0.721078166062474,NA
1.59127463576601,1.3377495296911954,0.934886567802373,NA
-1.9549242961161517,-0.14591776455199978,0.023686840992959427,-0.14591776455199978
-0.988757378754476,-0.6693874422035542,0.12134407445513068,-0.6693874422035542
0.9901177176617286,-0.013193789233517661,0.8295175477281267,-0.013193789233517661
0.9884279803756033,1.344783864290914,0.8290869892921595,NA
-0.5208328805304289,-0.04262272352649249,0.2427798094820287,NA
-1.6283988621763699,0.4142647533600745,0.041841764249032014,0.4142647533600745
-0.9791393151482939,-0.1706377007984718,0.1232020629957736,-0.1706377007984718
1.4618047383824568,1.3910314856646708,0.9191793329266079,NA
-2.2544995531264496,-0.4581852625108953,0.0139517657441954,-0.4581852625108953
-0.31891072571831536,0.5118140394797582,0.31560597163627424,NA
0.5617801672437027,-0.47113858215354926,0.6923660741626685,NA
-0.1309593709211697,0.9230756027590442,0.3927596408448055,NA
-0.03930167697057667,-0.15200463538123016,0.43272469416579923,-0.15200463538123016
1.6194989576837726,1.8850014071757186,0.937911693076519,NA
-0.38191008689478706,0.2721368671217269,0.2916387847983083,0.2721368671217269
0.24479177198813357,-0.05512613513438813,0.5598677116543965,-0.05512613513438813
-0.45831070344156305,0.0012991723567614688,0.26406252193996677,0.0012991723567614688
0.5059287246532016,0.159599248743701,0.6705495649296693,NA
-0.39442270487326325,0.7173080266881435,0.2870078447740893,0.7173080266881435
0.3448560523726168,-0.2656674049135538,0.603660525756553,-0.2656674049135538
-0.11371939623734399,0.527451086402285,0.4001848610001882,0.527451086402285
2.3807403638491356,-0.413767699960228,0.9834606080052465,NA
1.7054227170988265,0.3756801224082136,0.9463312053007681,NA
-0.626380689217151,-0.5925851944801708,0.20957564014698576,-0.5925851944801708
-0.5508287966075985,-1.3698870992484424,0.2329922286472236,-1.3698870992484424
-1.421139820468608,0.20797557257601107,0.059633529123702705,0.20797557257601107
-1.0780369166607893,-1.1508314249105915,0.1052254637382836,-1.1508314249105915
-1.9681208240406314,-2.5825111883596272,0.02314368801270881,NA
0.64630790507697,-0.18211175480618996,0.7237928748207956,NA
-0.962923038472785,0.22048222892240776,0.12639002405972252,0.22048222892240776
-0.1255755043230929,-1.5275571762057756,0.3950733163897011,NA
1.7734885469189128,0.6126030147083515,0.9522241139418258,NA
0.655167049945376,0.830650062034165,0.7269694358967276,NA
-1.296988450853302,-1.8622025081435987,0.07346932295428564,-1.8622025081435987
-0.8427552904953242,-0.28519126289194807,0.15226321097502943,-0.28519126289194807
-1.852741081660996,-0.8888517145413628,0.028334431693897835,-0.8888517145413628
-1.215941310881571,-0.4508283489580795,0.08403888075981635,-0.4508283489580795
1.4847015486966912,1.944071541377039,0.922188670301129,NA
0.4589516783762176,-0.0459797624907578,0.6516075799213173,-0.0459797624907578
-1.3801987524617074,-1.1585505374117997,0.06390270332733669,-1.1585505374117997
0.6065126414103243,-0.21767318724052448,0.7092455606468149,-0.21767318724052448
0.7371624716312173,1.5166402743782772,0.7552649557120834,NA
-1.0959537328565971,-1.2234731380319142,0.10222743158005947,-1.2234731380319142
-0.1477438228211913,0.535360277832059,0.3855779052936007,0.535360277832059
0.10823138608275983,0.27416091780161983,0.49870412663877933,NA
0.33951438058540656,0.3011692989996201,0.6013578142127376,NA
0.7998663761770453,2.2806100539389975,0.7755221450053722,2.2806100539389975
0.5366132560291856,0.6868144906717029,0.6826341512332998,NA
0.04513290693708019,-0.37059489698690284,0.47034465514269785,NA
2.642657205024734,0.15131255343713357,0.9896132470624694,NA
-0.0709792155289013,-0.157008409240585,0.4187851193524236,-0.157008409240585
-1.7320451123252332,0.7409912063447723,0.03496957599305634,0.7409912063447723
-0.9373552552112645,-2.043633867875629,0.13155954504532752,NA
-0.3799845743881869,0.9102486749716705,0.29235531122602815,0.9102486749716705
0.8652795982811553,1.116437004774223,0.7953536151433532,NA
-1.431111928102584,-1.7875160923554394,0.05863487255637259,-1.7875160923554394
-1.3608814214499982,-0.4869129824777373,0.06601449630102374,-0.4869129824777373
-0.2853932614150941,2.1503352046165634,0.3287800546100318,NA
0.6152046166229873,0.7094926425816914,0.7124613358335954,0.7094926425816914
0.7509894171120599,2.1813913762869612,0.7598360645250133,2.1813913762869612
-0.3327936336508558,-1.3220292352741692,0.3102333618054985,-1.3220292352741692
-0.8895739514266829,-0.6947361544707031,0.14170102520331873,-0.6947361544707031
2.196474717182798,1.0737776562650674,0.9771045283941738,NA
0.4576316690388664,1.0905946368661317,0.6510679940121673,NA
0.0931977130841471,-0.28422819365520186,0.4919396692248695,NA
0.5776843803101626,1.456798754367604,0.6984298077661159,NA
-0.7506325018012906,-0.921065778376936,0.17492189374849484,-0.921065778376936
0.2249927338390972,0.0854099202140666,0.551068033646631,NA
0.4705199648263492,1.0934199984523116,0.6563196512065723,NA
-0.7238154693560532,0.8020623098023818,0.18199818441733343,0.8020623098023818
-0.25871400115213583,-0.2314605590714633,0.3394636684746735,NA
0.5658718624865384,-0.9388142365330272,0.6939325689861863,NA
-1.5662315921146472,-1.6115049184437762,0.04656523090940341,-1.6115049184437762
1.1478842080676455,1.0114256136559245,0.8660169955789835,1.0114256136559245
-0.18978513181933745,-0.5256465576352676,0.3678123820236743,-0.5256465576352676
-0.5842421529784805,1.1161610455990023,0.2224170894316063,NA
-0.7674442933422362,0.9932888659316408,0.17059733773905747,0.9932888659316408
1.5756628104328123,0.028505021916746087,0.9331548906786817,NA
-0.3660528820506341,-1.6275154558635287,0.29757022428030266,-1.6275154558635287
0.043432156775262985,-0.5937969485622339,0.4695820796684653,NA
-0.6026116740348799,-0.6464636502273482,0.21675106970366306,-0.6464636502273482
-0.9215232625589244,-1.8834185255944373,0.13484976434884216,-1.8834185255944373
0.5794452428426905,-0.9910610649572759,0.6990969765481242,-0.9910610649572759
-0.07086207966367664,0.07461403778907705,0.41883644066988035,NA
0.18380197899951956,-0.7540644970450142,0.5326643026666514,NA
-0.6779923190604592,-0.3348044687118082,0.1946010507815966,NA
0.9884810439724281,0.11830369159265819,0.829100523435225,NA
0.5272902303160102,0.6544745741669057,0.6789874476423408,0.6544745741669057
0.41467664184920366,0.7278013294577999,0.633304130657896,0.7278013294577999
0.444370376910755,0.8519799785414661,0.6456258037615217,0.8519799785414661
1.2218012946370547,0.014703950157860857,0.8807175045698459,NA
0.7945291935320196,1.9191391901626553,0.7738452726846399,1.9191391901626553
-0.5080476049644029,-1.6334943800278825,0.24703556361532608,-1.6334943800278825
0.3863702079437568,0.34882185650254993,0.6213933223263111,NA
0.033756650890888196,-0.6755046174407743,0.46524662240634757,NA
1.7661407263634454,0.6285347986692134,0.9516188037537986,NA
-1.3054153367193333,-1.2501208985961894,0.07244344323854587,-1.2501208985961894
0.26310297373695435,1.1599713965743004,0.5679728912078607,NA
-0.799573601192739,-1.1873937541232793,0.16256952591995946,NA
-1.7517665592585507,-0.5434619110683017,0.03379119150129145,-0.5434619110683017
-0.47859301808490395,0.06158089506294673,0.25702912631416375,0.06158089506294673
-1.00797653829218,0.8740303821294929,0.1177036711383877,NA
0.05203960219056409,0.7280640742827632,0.4734428370942166,0.7280640742827632
0.39343104375172744,-1.4957881887361015,0.6243787606103436,NA
0.10002805644008109,0.7114844348500748,0.49501279079876603,0.7114844348500748
-0.005867989126253352,0.9496324436681993,0.4475530381518933,0.9496324436681993
0.6886286231773948,-0.2788315729940221,0.7387596027698381,NA
-0.4820107180098697,0.32445040542227693,0.25585609250417674,NA
-2.6962259640368162,-3.077881670252256,0.006348255510113936,-3.077881670252256
1.1263644461094027,0.3581081966236841,0.8614583853922692,NA
-0.1149542973055093,-0.008369321236374946,0.39965142020691835,-0.008369321236374946
0.7371576805233551,0.7816781647165005,0.7552633616511993,NA
0.5402404032308848,0.6976326859968074,0.6840469060823684,NA
-0.14156551195935693,0.6579240214331523,0.3882158745399915,NA
0.6640852947487549,-0.11104301774034786,0.7301440470864958,-0.11104301774034786
-1.2859321498327985,-1.77385350719238,0.07483559128766622,-1.77385350719238
0.4832931274995494,0.9089735337240008,0.6614869540476939,NA
1.2704559818505536,0.7299080832866731,0.8896156125232064,0.7299080832866731
1.5309183069829617,0.2217743220300874,0.9279523683026499,NA
-0.47255044642988514,0.5689554843456515,0.25911166645475997,0.5689554843456515
-0.2936088159696027,-0.34834446606620306,0.32552488541433344,-0.34834446606620306
1.0679770869989844,1.1025996377454663,0.8484324096643941,1.1025996377454663
-0.542308874975431,-0.5208462357645721,0.2357440659630525,-0.5208462357645721
0.5448137213306339,1.0294337106053262,0.6858233539767259,NA
-0.23738097808527273,0.7305236122582168,0.34812623781698127,0.7305236122582168
-0.6837841020926425,-0.9274502248819962,0.19297229272488353,-0.9274502248819962
0.05815835457771068,-0.03551908879251082,0.4761892834125223,NA
-0.15228203215675354,0.5920768801983709,0.3836444780183644,NA
-0.4169177600110381,0.3113256939345906,0.27879393664167595,0.3113256939345906
-0.5865268278469383,-0.2328061442311325,0.2217066686148949,NA
0.701624525147443,0.18359642399869958,0.7432489565806235,NA
1.780872384075477,1.6781431622716672,0.9528251405317102,NA
-0.3940329676675127,-1.085443890583226,0.2871514227314235,NA
-1.1852198524468263,-1.6224344778887252,0.08839464873503494,-1.6224344778887252
-0.9023905544288481,-1.7604670333181958,0.13891834797661326,-1.7604670333181958
0.19750299749784284,0.7582068862587235,0.5387981957686605,0.7582068862587235
0.015717208241091594,1.4977961640713986,0.457177905889823,NA
-1.0817580750636966,-0.3181612868174134,0.10459648401142779,-0.3181612868174134
0.2265297922637821,1.2074253820914205,0.5517523973950051,1.2074253820914205
-0.09993480668496325,0.7102374306927267,0.406155200280377,NA
0.3133375266546227,-0.4377928722726111,0.5900102010722159,NA
-0.11220309222384699,0.05173761184806601,0.4008401832734692,0.05173761184806601
-1.4634676256370487,-1.8320647579419833,0.0555016218915977,-1.8320647579419833
1.379756941917621,1.5941584023949362,0.907506511632439,NA
1.3680065374784265,1.5076817511865352,0.9057157848332565,1.5076817511865352
0.041474919218590305,0.2993889711578317,0.46870467738153815,NA
1.5531749680646165,0.8262168663741751,0.9305852909653007,NA
0.9187288583060058,0.8978467015234829,0.8105690486567977,0.8978467015234829
-0.9995328831539924,-1.7828131800841747,0.11929122998162746,-1.7828131800841747
0.8402933654251862,0.7449507606746726,0.787935883934898,NA
-1.1153325033696135,1.0862120954149739,0.09907021297063354,1.0862120954149739
-0.33745722133994394,-0.8237433839339215,0.3084399108087343,-0.8237433839339215
0.48708747554542786,-0.9921987152694369,0.6630146113710478,NA
1.3385912995572677,0.22387215951556383,0.9010961980017712,NA
-0.7669065678847738,0.3892129220253747,0.17073433416336734,0.3892129220253747
0.23546933963679995,0.2746440542518121,0.5557286994281594,0.2746440542518121
1.194777549954546,0.002452156466526856,0.8755120062724127,NA
0.037608401648617396,-0.8519084881370418,0.46697194521226587,-0.8519084881370418
-1.7979817069739683,-1.5573896383478967,0.031178033529894632,-1.5573896383478967
0.9306064863334309,1.6066515422771759,0.8138300623014294,NA
0.6202572618144923,0.833958734866385,0.7143208842912793,NA
0.9351523529341929,-0.09211837168587966,0.8150666253006534,NA
-0.05199511012933923,0.7225526019634633,0.4271249104831429,0.7225526019634633
1.2207756363832223,0.11931571019777298,0.8805234187675011,NA
0.17020918934007562,-0.1500956099539832,0.5265690853494444,NA
0.04808154944467961,0.6706512661464975,0.4716670816384895,0.6706512661464975
-0.08292338305606237,0.6759699292678338,0.41356137388628944,0.6759699292678338
2.310231534247348,-0.391521425040255,0.9812644050530076,NA
0.8297689264467322,1.7029716169592684,0.7847532119797591,NA
-2.4194526645973955,-0.9676576788811476,0.01040494349576412,-0.9676576788811476
-0.4542102429096295,-0.4109446397146209,0.26549935991893825,-0.4109446397146209
0.763739401610691,-0.404726824661799,0.7639990874366631,NA
-0.6269319166760636,-0.6524955475708862,0.20941132435612686,NA
-0.8286764468912232,-0.7011410038169779,0.15556322784174798,NA
-0.7777259785114,-1.2528578659066132,0.16799464666088973,-1.2528578659066132
0.35520111025567674,0.3718955902854333,0.608106997255223,NA
-0.5284861942685222,0.4980194897241839,0.2402562488334813,0.4980194897241839
-0.009713141346925377,0.7821161198102471,0.4458423856843156,NA
-0.13360631587206165,-1.1116684739291212,0.3916238921896908,-1.1116684739291212
-0.15147521004079786,-0.3627940828015714,0.38398794410303805,NA
-0.5276982478006867,-1.3182137270711298,0.24051523167747288,-1.3182137270711298
-0.78776804785078,-0.1742892126484865,0.16548329797991518,NA
1.5307679434326007,0.9858489694693036,0.9279342711281449,NA
0.8865447843916272,1.6131637040304518,0.8015134815961106,NA
0.1349694795688961,-0.6773334427569707,0.510734616054953,-0.6773334427569707
0.13898961338957364,-1.1343831951136611,0.5125426940897914,-1.1343831951136611
0.22872966224358604,-0.45311331992892767,0.5527315314718564,-0.45311331992892767
1.8470421355271902,1.7770302845019126,0.9578992013551841,NA
-0.36157482139493585,0.1140040839559624,0.29925779397726243,NA
-1.1530730533574542,0.2679833614461504,0.09316980769823041,0.2679833614461504
0.07485810372975604,-0.27154071080544495,0.4836919332789183,NA
0.5638514258136175,-0.35966580884780047,0.6931596071168469,NA
0.13169045167640112,2.2221811553819406,0.50925964446140215,2.2221811553819406
-0.4145016045464732,-0.6733462661365442,0.2796692375909141,-0.6733462661365442
0.8623349062895153,0.18804447554747827,0.7944895308284897,0.18804447554747827
1.5224835699218153,2.226283368662721,0.9269306950063714,NA
0.05359402095347239,-1.5304534604269557,0.474140403566667,-1.5304534604269557
1.86289710817082,0.9069976525130714,0.9590352069522514,NA
-1.4076526052517386,-0.43493904390349203,0.061009562031087775,-0.43493904390349203
-0.7983004569480798,0.7838762913412782,0.1628817553134325,0.7838762913412782
1.1286730014081123,0.7868648349677592,0.8619535788381709,NA
-0.5711334352092782,-0.1674911765075968,0.22652462353839975,-0.1674911765075968
1.155238705338484,-0.4307662668916935,0.8675456033987684,-0.4307662668916935
-0.6623258412143237,0.5943730975630415,0.19905892172528275,0.5943730975630415
1.2274016251260207,0.24758765862516052,0.8817724555296912,NA
-0.38006506383484884,-0.5088550740155527,0.2923253386120348,NA
-0.03263935040084345,0.11754213097334111,0.4356708064301394,0.11754213097334111
0.3572092491695656,0.012360824379257063,0.6089680774863379,0.012360824379257063
-1.244258009473777,0.03239572314700956,0.08019766329672384,0.03239572314700956
-0.042110548354931034,-0.7314266974546213,0.4314840098398304,-0.7314266974546213
0.021740287130176304,-0.2735912420402267,0.45986963420012283,-0.2735912420402267
1.241490918077177,2.3029896045822875,0.8843908147219883,NA
-1.0484345471370535,0.03497556024044646,0.11034890139172156,NA
1.280866015319635,0.5887277734609601,0.8914422945426114,NA
-0.09368723198155822,0.04630673776995676,0.4088704071846099,0.04630673776995676
-0.36822595552900006,-0.8024504239420699,0.29675327516745115,-0.8024504239420699
0.9267733428641514,1.8590637400984322,0.8127824259942876,NA
0.3031336626238374,-0.02540462768206303,0.5855600363541746,NA
0.8833411467490745,-0.12282273802357735,0.8005944884030026,NA
1.6183210455419723,0.5941597195736084,0.9377881095941221,NA
-0.05405546634588612,-0.6967403796339339,0.4262176921897279,-0.6967403796339339
-1.7524165789881196,-1.0786251585779696,0.033753011436810525,NA
-0.5107607447532176,-0.6899511352764529,0.24612828313944973,-0.6899511352764529
-0.21600453439209216,0.5075215024952784,0.35690836400910875,0.5075215024952784
0.08235889635785819,0.14527509414096426,0.4870643905411642,0.14527509414096426
-1.5525121566040827,-1.8862231724889225,0.047673970732045726,NA
-0.7084573435799554,0.7531829880546113,0.18615000834374132,0.7531829880546113
-0.46851659620143693,0.47180441860733774,0.2605080038364549,0.47180441860733774
-0.21950933342928847,0.06120467660750542,0.35546168590906413,0.06120467660750542
-0.6344687887285972,0.020308190082407362,0.2071741540753254,0.020308190082407362
-0.5114924215839769,0.5920907384452226,0.24588399322694077,0.5920907384452226
1.7666538677598829,1.3950905313126312,0.9516613114941891,NA
-0.1809244860552623,0.8080413294820952,0.37152874022190524,0.8080413294820952
-1.2959073826626384,-0.17853821582052753,0.07360189498535588,-0.17853821582052753
-1.0713980706680066,-0.7373321128368331,0.10635590503445076,-0.7373321128368331
0.02517888295937284,0.9724943796669198,0.46140741156319626,0.9724943796669198
1.8655851980229594,-0.3020233475911138,0.9592248763337898,NA
0.608833363771902,0.4243633195859923,0.7101062344784527,NA
-1.2819534068728917,-1.1174619926715899,0.07533294807072205,-1.1174619926715899
-0.0525687377832852,0.5628533705948741,0.426872280607742,NA
-0.7737626544750055,-0.3157577022556912,0.16899414403818055,-0.3157577022556912
-1.1464362785227833,0.30944895414445583,0.09418404929345442,0.30944895414445583
0.08837177101828649,0.14492255454934494,0.4897687253163117,0.14492255454934494
2.440429566069542,1.726353762370035,0.98512040731507855,NA
1.4162161880067416,1.3123343342125788,0.9128697543797499,NA
-1.3952214139692454,0.3416767111769512,0.06230409513043952,0.3416767111769512
0.39911235527407657,-0.20747348775417845,0.6267740806334277,NA
0.6092324375632142,1.803731490978128,0.7102540848271128,NA
0.9056115441379384,0.00822025009767946,0.8069170178864234,NA
0.43908919443109784,-0.6108033099778925,0.6434478683241751,-0.6108033099778925
1.5158212379908451,1.8644567763565525,0.9261142912224406,NA
-1.26970683665062,-0.38481560134980397,0.0768829215978833,NA
0.7995018816850598,0.10003768106612704,0.7754079072450033,NA
-0.3439542348334133,0.8553214776843204,0.30595099619698995,0.8553214776843204
-0.5077643486053621,0.15606369777314993,0.24713041466151925,0.15606369777314993
1.0781206420165579,0.001301897993670309,0.8507654387375005,NA
2.114204622280699,1.511425418851183,0.9735467885773684,NA
0.4006642804584978,0.2054312946196605,0.6274273195582,NA
0.7757259328767605,-0.38896928172274253,0.7678671107591383,NA
-0.4273387467231237,0.24215000153733907,0.2750380449923852,0.24215000153733907
0.25294984154517014,0.36581896778954315,0.5634829682771778,NA
-1.3819254490166564,-0.641602510215043,0.06371703400589665,-0.641602510215043
0.18814493250413092,-0.46520068348083465,0.5346097843252675,-0.46520068348083465
1.485207053814468,0.8509456222746336,0.9222539373306966,NA
1.409137758692728,0.5451018254583077,0.9118509944211606,0.5451018254583077
-0.12320183124034653,-0.8218105212585832,0.39609488592139613,-0.8218105212585832
0.1460494977424046,-0.020692374082708104,0.5157170941829413,-0.020692374082708104
-1.3960240360159881,-1.905972923561326,0.0622197446445854,NA
-2.0844310061589346,-1.1882897889495598,0.01885437685860942,-1.1882897889495598
0.6024226507436535,-0.9792416647901614,0.7077250643450661,NA
-0.788279773866095,-0.5144552681314075,0.16535613363020496,-0.5144552681314075
0.08581764829360218,0.09309791020825903,0.4886199074045146,0.09309791020825903
0.6381062008271741,-1.7043271230024146,0.720831760975671,-1.7043271230024146
1.453531644688717,2.4637389629873567,0.9180661295381269,NA
1.2906180353304226,1.1486983825912023,0.8931293756813846,NA
0.9620540135083333,-0.042098142603754773,0.822254502686262,NA
-0.33840156709270774,1.254722706868583,0.3080774487679531,NA
1.0967726409591787,1.8882719704318391,0.8549780584199715,NA
-0.86743280987929,-1.8753603453849292,0.14661770667219792,-1.8753603453849292
-0.9003114501517592,-0.5715763305404727,0.13936661777214127,-0.5715763305404727
-1.2380893436868148,-1.425462104627628,0.08102055863754459,-1.425462104627628
0.03801234198036858,0.481878226708397,0.46715292954911375,NA
0.6075104129520462,-1.2069509145502544,0.7096157835682247,NA
1.106663857998347,1.9158432609800964,0.8571716884122235,NA
1.035793431644927,-0.385387494541258,0.8408315379139524,NA
0.16753087852480333,-0.247066506383131,0.5253670970435794,NA
-0.3209585928742022,0.14047173683182237,0.31481030687261974,NA
0.01752698318417151,1.0590567528906265,0.45798644313257336,1.0590567528906265
0.5533703278520463,0.02868068986580874,0.6891324585031464,0.02868068986580874
1.1157362997471985,0.4743659961052911,0.8591593545745098,NA
-0.6566817778396774,0.6201978419128059,0.20068361985884062,NA
-1.1335848040308065,0.7677493610727457,0.09617618755380598,0.7677493610727457
-1.9523721281768416,-0.47712216039603894,0.023793311326006573,-0.47712216039603894
-1.3103203925517348,-0.7053248201865695,0.07185240335981753,-0.7053248201865695
-0.7211100035542316,-0.32693153232912525,0.18272430390845898,NA
-0.5626866001621177,-0.9111941802522436,0.22919965928088815,-0.9111941802522436
0.2486147005235142,-1.0445710874730942,0.5615626610856886,NA
-0.832050736099267,0.6427696098217931,0.1547670319028257,NA
-0.28386498120622555,-0.16414688100038627,0.3293874201414561,-0.16414688100038627
-1.0306851240227237,0.3607184202734506,0.11352466025995249,0.3607184202734506
-1.1140199118921783,0.939155501103401,0.09928129317768439,0.939155501103401
-0.33401992943497544,-0.18202816595180668,0.30976121574553905,NA
-1.387627877280863,-0.4229425859461738,0.06310742593175402,-0.4229425859461738
-0.7188495823271792,-1.2204747678023327,0.18333270107570013,-1.2204747678023327
2.4301859947380526,1.8208243440514762,0.9848477017342375,NA
0.18556092104980634,-0.22347831554588493,0.5334523663438513,-0.22347831554588493
-0.6194914741751684,-1.128919334974789,0.2116372414688643,NA
-0.05177132952356986,-0.09662074204890847,0.4272234754390441,-0.09662074204890847
0.6926327920667973,-0.464462157135392,0.7401482111179404,NA
0.30464102226815915,0.4136515686777508,0.5862183325886576,NA
-0.20993798418241455,-0.007738879688243688,0.3594186239478342,NA
-1.4294645051938315,-0.27020716181945414,0.05879876546351247,-0.27020716181945414
-0.2838440483402555,0.14403176502462997,0.32939574319511183,NA
1.149926062738579,-0.33628841463281034,0.866442877432942,NA
0.10236765162235717,-1.7712706730887366,0.49606552444116725,-1.7712706730887366
0.38449949303534164,1.0959578596889363,0.6206007988889454,1.0959578596889363
0.06890026711758657,0.7069154506932555,0.48101425287251554,0.7069154506932555
0.5961843867474828,0.7401992038683174,0.7053969622893358,NA
1.8587860004135217,0.2198439408470192,0.95874349619769,NA
0.5329537381469819,-0.3922790120339132,0.6812053698083192,NA
-1.4858515792039169,-1.4725233752430231,0.0534269501962143,-1.4725233752430231
0.3329730777564982,0.2638480463439088,0.5985318506544987,NA
-0.40800486294249916,0.9550082837040373,0.2820311306782069,0.9550082837040373
0.10574046428894524,1.2895873723234943,0.49758322775142866,1.2895873723234943
-0.6410013881911899,-0.10988896376471374,0.20524940504649497,NA
1.2504155761380926,-0.0670516863593349,0.8860231818827484,NA
-0.009544058286811074,0.7375061035686562,0.4459175816287603,0.7375061035686562
0.5193493578610676,0.09964435586836379,0.6758640334273142,NA
-0.4396740790432088,-1.3483335124620566,0.27063300649166266,-1.3483335124620566
2.457574844481722,0.6951141119564113,0.9855660733940657,NA
-0.1383837337135867,-0.5874505126238626,0.38957697709146966,-0.5874505126238626
0.4478626440334166,0.010146551420881222,0.6470626957534209,0.010146551420881222
-0.33050869902887064,0.8808078175020061,0.311114158038887,0.8808078175020061
-0.5074336673408463,0.342723073024584,0.2472411773287239,0.342723073024584
0.055404571173340876,-0.1288705749724508,0.47495303958430146,NA
1.2474898466844468,2.1537806602817353,0.8854902753295989,NA
1.560778988253056,2.1873094802663258,0.9314642420486541,NA
-0.17016808953511836,-0.10389023636624915,0.37606069068551395,NA
0.02185847216982717,-0.19983341749305658,0.4599224753236951,-0.19983341749305658
1.15788249703221,1.577405486100758,0.868091485252822,NA
1.534488760145495,3.391916392324343,0.928380864445977,NA
-0.38194327299037545,-2.201041073529861,0.2916264445666213,-2.201041073529861
-0.1592054901570831,-0.5427783334186881,0.3807019479774084,NA
1.1795624954608377,0.3367318142995276,0.872496240175495,NA
0.37537551089920507,1.4895901351790635,0.616726287603854,NA
-0.8912164381871333,0.6594153839547748,0.1413418338718416,0.6594153839547748
0.7834684139946361,0.49445077018239775,0.7703419679590535,0.49445077018239775
-2.772575873806106,-2.1832518246060824,0.005537624907293007,NA
0.9196857606033795,0.19669784396241352,0.8108333800201637,NA
0.48343946681522515,0.6728212194044633,0.661545934994928,0.6728212194044633
0.5224432945553396,0.7321399904725459,0.6770828664874621,NA
0.6209330273117257,-0.7289323644447117,0.7145690416182024,NA
-0.35202930390076376,-0.11179023271170657,0.3028732704461818,-0.11179023271170657
-0.08154890710116997,0.2879904918861597,0.41416153085441443,NA
-0.893348593851854,-0.6508335410925652,0.14087669298340694,-0.6508335410925652
-1.3702392898032418,-0.43008524271877097,0.06498350382965634,-0.43008524271877097
0.623806738970015,-0.40956894292823415,0.7156228902721482,NA
-1.0576598143250644,-0.9648459405045654,0.10872922484427183,-0.9648459405045654
1.346120187098005,2.7802965784081204,0.9022974290985755,NA
1.2051181759771452,1.3431783602585563,0.877526526062041,1.3431783602585563
-0.26407783124941786,-0.18045731185992178,0.3373021371116134,-0.18045731185992178
0.17139117164347284,1.0507924350150633,0.5270994453209447,1.0507924350150633
1.498305933433943,1.1839459254853617,0.9239277746581289,NA
0.10055129264751042,0.43438716576416714,0.4952482247552416,0.43438716576416714
0.6245919342608239,1.968902158023167,0.7159104291987944,NA
0.7178524862471528,-0.867027845641287,0.7487834440816762,NA
1.3756139605196092,1.4746730157499557,0.9068786467736127,1.4746730157499557
-0.32085964969526143,-1.2204977169881108,0.3148487246691367,NA
0.10579846316800451,-1.1460447760169927,0.49760932664380003,NA
-0.4887185072704929,-1.6990685406656705,0.2535640587007366,-1.6990685406656705
-1.3853626472908591,-1.0708925803418687,0.0633489324220579,NA
-2.214291246536604,-1.805154807801555,0.014983272017697608,-1.805154807801555
-0.7666214850223212,0.35849627370667103,0.17080700021144352,0.35849627370667103
0.059902813070403835,1.0340554800221995,0.47697256741582,1.0340554800221995
-0.6854883472891179,-1.144678249047169,0.19249500661293756,-1.144678249047169
-0.03797516398869431,-0.09861174225662087,0.4333109121395226,NA
0.1691202996765639,-2.19239071303329,0.5260804433079684,NA
1.047177675797807,-0.23092436269437844,0.84355489740421985,NA
-1.8219159791284638,0.23252698569292085,0.029902666233824662,0.23252698569292085
2.171207134654421,1.6101998191503228,0.9760646608420241,NA
0.11601877457838779,-0.054384837860434396,0.5022084341988602,NA
0.9733520701387316,0.134237875430112,0.825207271020281,NA
-1.7897252505074093,-1.8636769446353525,0.031630084458587886,-1.8636769446353525
1.5567575245388918,0.3696998986143121,0.9310006919465464,NA
0.09667140523118956,0.575337813039583,0.49350249813574176,NA
-0.5031038889003961,-0.046977257946277606,0.24869452324451963,NA
-0.6107404833733576,1.3778184399827778,0.21427731524176116,1.3778184399827778
-0.09732070546779745,-0.1006055997862923,0.4072906055221573,NA
-0.8192531439220949,-0.12177276660024167,0.15780444529604387,-0.12177276660024167
-0.6559409413073283,-0.9374715469012714,0.20089761250491156,NA
-1.809597420160967,-1.300761483425442,0.030552631804199443,-1.300761483425442
-0.25147479764272207,0.28687019656481494,0.3423915708125041,0.28687019656481494
-0.9688716291868466,0.3734946647871902,0.12521247516265244,0.3734946647871902
-1.2086103751904549,0.8550015414281472,0.08506022757450832,0.8550015414281472
-0.7293665743869585,-0.7100719002953869,0.1805153525843416,-0.7100719002953869
0.7939005328739844,-0.3605620116602217,0.7736471732911666,NA
-0.6556832949134566,-0.7472502707030741,0.20097207438812323,-0.7472502707030741
1.626546901507486,1.935999401613544,0.938646367426759,NA
2.170928057286755,1.8882657436587,0.9760529221648048,NA
-1.5641046450498268,-0.9135835861583951,0.046735500064820114,-0.9135835861583951
-0.5739907300070162,0.6576279036187256,0.2256247570164106,0.6576279036187256
-0.0944524472326439,-0.022347942472209142,0.4085375408114209,-0.022347942472209142
-0.7347458826292232,1.049918462422685,0.17908741538923867,NA
1.3562393672053092,-0.1293844261086785,0.9038914384515062,NA
0.1543609139375654,-0.027436826709765633,0.5194525877877691,NA
-0.8287684714527659,-0.2452753387556318,0.15554146951138903,-0.2452753387556318
-0.5120655423528049,0.16811468783428724,0.24569275566666926,0.16811468783428724
-1.0863227628403442,0.6321700956939329,0.10382946103093918,NA
-0.4822319869843743,-0.4758906279672913,0.25578026906351287,-0.4758906279672913
1.0901160539067944,0.8964152090777285,0.8534860931616903,0.8964152090777285
-0.9550615106542985,0.12627619992386896,0.12796076550112293,0.12627619992386896
0.6163846702122112,-0.3493589023904657,0.7128962821687443,-0.3493589023904657
-0.2538633813651389,-1.1772352069646213,0.3414241653183696,-1.1772352069646213
-1.645750148236036,-2.066418073956478,0.04060739193755918,-2.066418073956478
-0.7853173166961698,0.009288891088557849,0.16609339375282509,0.009288891088557849
-1.6605415652221502,-1.412791635694643,0.03958273444220554,-1.412791635694643
1.889149706657445,0.7940034788266297,0.960851940442701,NA
0.25002082338024656,-0.4296224948070138,0.5621857264827703,NA
0.1431165543344617,0.5644439098936502,0.5143984674280736,0.5644439098936502
0.014447791480934202,-0.14693523561237848,0.45661091405817955,-0.14693523561237848
0.24258641811802564,-0.42944703709400855,0.5588892989210101,NA
-0.2915130128474819,0.8644040751433073,0.3263537022109719,0.8644040751433073
-0.393927590911926,-0.10535703130265267,0.28719025056150904,-0.10535703130265267
-0.8857724713862297,-0.6131928787539584,0.14253528474550425,-0.6131928787539584
-0.1785154623475701,-0.6129453998160511,0.3725417945597417,NA
-0.10280147643189629,2.081643218220816,0.4049112474021277,NA
-0.9595345247506234,-0.6371824643883259,0.127065020638311,-0.6371824643883259
0.14491024389153762,0.6599750789517562,0.5152049201897088,0.6599750789517562
-1.3286571479256062,-0.8328366646403726,0.0696821012683659,-0.8328366646403726
0.24340913707643183,-0.5646842582218743,0.5592543548833975,NA
-0.06573277731475312,-0.7264342556860456,0.42108547517415795,NA
0.907966078106529,1.574509435513812,0.8075764728498932,NA
0.005608418088237621,-0.3208308714780434,0.45266595670000276,-0.3208308714780434
0.5316601408672553,-0.8087045501854866,0.6806994941947239,NA
1.4403587439859173,0.89523160144134,0.9162647825053718,NA
0.32605613112031895,0.3514516093900682,0.5955364647453255,NA
0.8640949215459516,-0.23301340657526337,0.795006310852313,NA
-0.34106757958493356,0.8788891412036912,0.30705544747558444,0.8788891412036912
-0.5424317357283338,0.986250432790102,0.2357042240773309,0.986250432790102
-0.28687199867445007,0.4832820800517382,0.3281929226784758,0.4832820800517382
-0.9321100204842144,0.2925116374549299,0.13264200035769919,0.2925116374549299
0.17597690001719282,-0.8931263760068835,0.5291564894746417,NA
0.2513093390958998,0.13486075175143783,0.5627565069835139,0.13486075175143783
-1.0004500905180738,1.0870922410406187,0.11911788634987884,1.0870922410406187
-0.052846179025421346,-0.9867503435029266,0.42675010710529154,NA
0.3984425642574829,0.4085204021758261,0.6264920079829691,NA
-0.5893166232772739,-1.1378028620989256,0.2208413829261111,-1.1378028620989256
-1.0488750859893197,-0.1975374724369241,0.11027107798050112,-0.1975374724369241
0.11213526797987652,1.2510811712616432,0.5004608704604249,NA
-1.3576062385372198,-1.2454034897023964,0.0663789134565985,-1.2454034897023964
1.239314793354628,1.1240146522355612,0.8839897202355635,NA
-0.12606961345151146,-1.2849749192861526,0.3948607790371038,-1.2849749192861526
-1.0161445071378112,-1.0791530608366882,0.1161854008422164,-1.0791530608366882
-0.45288074423139907,0.25457437599748356,0.265966298384345,0.25457437599748356
0.7405027607108797,0.9943996979530467,0.7563746023714798,NA
-0.29250587012003326,-1.770840668511926,0.32596092622460526,-1.770840668511926
-0.09610624501520472,-0.10671670948544337,0.4078184305002631,NA
0.6026966735952658,-0.23479077807232457,0.7078270809656738,NA
0.932257068851634,0.8172985939169164,0.8142797882633248,NA
-0.41008435775758323,-1.4301407489131321,0.28127381261382073,-1.4301407489131321
0.5172045605673997,-0.36886636105809567,0.6750177034174493,-0.36886636105809567
-0.03935777456388163,0.18296269202677062,0.43269990742973174,NA
0.2227941386088521,-0.34635770417550094,0.5500887900297199,-0.34635770417550094
0.30970071687373146,-0.9455621760214842,0.5884257454278363,NA
0.48364673914932604,0.0710014087231681,0.6616294659415608,0.0710014087231681
0.20913671224565553,0.835861958119234,0.5439974312218451,0.835861958119234
-0.3825003438537667,-0.5519903334619494,0.29141934393519314,-0.5519903334619494
0.33634779035384477,0.7527892925605758,0.5999906194502383,NA
0.1890682125270382,0.04542322114612156,0.5350232457684447,0.04542322114612156
0.405263412976571,0.43372579614862783,0.6293604559054878,0.43372579614862783
-0.3001827459591344,0.8422825767558841,0.3229322172323445,0.8422825767558841
0.29505101532849176,0.7498123415970858,0.5820250115747919,0.7498123415970858
-0.31192824683762316,-0.33338935762770944,0.31832701520802564,NA
0.21703925910648267,-0.641887305708289,0.5475237753244098,NA
-0.855168868779606,-0.03732857666688427,0.14940136564330775,-0.03732857666688427
1.895128119801752,1.5956091397734713,0.9612547247110412,NA
0.1515316843330989,0.44032459764613424,0.5181812383288441,NA
-0.10576785266460081,-0.6535198350276625,0.4036253129162011,-0.6535198350276625
-1.249397214370272,-0.33712256530065143,0.07951793038429372,-0.33712256530065143
-0.08529499133938472,0.6973413508409033,0.41252642925162436,0.6973413508409033
0.21535707391352893,-0.4015990932944469,0.5467735232157864,NA
0.2784103976295521,1.26245394343817,0.574720861712233,1.26245394343817
-0.08501604168571603,0.3124425512566899,0.41264811998508416,NA
-0.12738405847191245,-0.48487555620972145,0.3942955740223566,-0.48487555620972145
0.41180155667046103,-0.07279504398371894,0.6321014777675246,NA
0.8702702117776545,0.5090065211462443,0.7968118824010595,0.5090065211462443
-0.6414791355607433,0.2691996298329689,0.2051091645356418,0.2691996298329689
-0.20552888784585605,0.23144999207806244,0.36124790110764626,0.23144999207806244
-0.9932247217428821,0.6227594354290134,0.12048932953029853,0.6227594354290134
-0.47836501568184275,0.14298339482823114,0.2571075070543459,0.14298339482823114
-1.166784886674107,-1.7810171495052356,0.09110533887449275,-1.7810171495052356
-0.6629271303928919,-1.1588820679067138,0.19888641873298685,-1.1588820679067138
1.0579495147397535,1.9506548734304894,0.8460966940057144,1.9506548734304894
0.8897618001228208,0.9387008843541036,0.8024331022731941,NA
-0.49995685510139914,0.8423444665260686,0.249754445985708,0.8423444665260686
0.22377891275926692,0.44437885596670756,0.5505274520985165,NA
0.22495951528753105,-0.32758799341514455,0.551053241191085,-0.32758799341514455
2.1068828470787544,0.8195026568542254,0.9732052524010656,NA
-1.2526443500738087,-0.9059785776756678,0.07909116805522629,-0.9059785776756678
-0.2971231684018483,-1.11524224917193,0.32413753097249853,-1.11524224917193
0.24465558440337276,0.951694142967872,0.5598073049634149,NA
-0.781160918618405,-1.1559275959764261,0.16713222179267548,-1.1559275959764261
-0.0346305372670644,0.8983489432399264,0.43478980844528864,NA
-0.9702555901094634,0.6586332257601792,0.1249398656523902,0.6586332257601792
-0.18255455170773405,0.4081967970576019,0.37084389654449834,0.4081967970576019
0.9854109139123605,0.21645894062134485,0.828316070922845,NA
-0.005078902196854471,-2.1996009489366197,0.4479042464222198,NA
0.07199787675970101,-0.03746833311417533,0.48240631115862587,-0.03746833311417533
-0.08838979217486775,0.3739318048856487,0.4111770543568353,NA
-0.9523736950182486,0.19538713704697386,0.1285016025075252,NA
-2.3033913793279726,-0.3333617714118724,0.012791448133571822,-0.3333617714118724
0.33868701907134297,1.2866651147630406,0.601000747377249,NA
-0.954091210189563,0.4019077138468413,0.12815578308738917,0.4019077138468413
-2.6565430410433355,-1.3442412221421312,0.006815090779083739,-1.3442412221421312
-0.18997724773891958,0.8761708051821518,0.36773197604663177,0.8761708051821518
-1.0755037866281731,-1.3120594104241783,0.10565554066770617,-1.3120594104241783
0.015318746742614502,0.08989641266117206,0.45699991889840713,NA
-0.3442352419222847,0.1401869339434422,0.3058435999380022,0.1401869339434422
0.10280802218159338,0.5004925181156805,0.4962636795298772,0.5004925181156805
0.9915757509592987,0.43213750767780046,0.8298883731859877,NA
-1.004534608190763,0.1236367718398832,0.1183485935799081,0.1236367718398832
0.6871069909563328,0.5704084605757951,0.7382306590040824,0.5704084605757951
-0.13303167474478342,-0.5862822564306762,0.39187035942189097,NA
-0.6311195412053437,1.0808699605231247,0.20816612550159572,1.0808699605231247
-0.6592183410110597,-0.7081076479410635,0.1999522198492538,-0.7081076479410635
-0.5225661352078771,-0.5094838233801263,0.24220672201842494,NA
-0.6268910002173962,0.27616491703459184,0.20942351791811997,0.27616491703459184
-1.314369502593637,-0.9365816398193078,0.07136785692585676,-0.9365816398193078
-0.5867969165539546,-0.8782620550545728,0.22162279174135593,-0.8782620550545728
0.4709750225397862,1.995461489270113,0.656504388027199,1.995461489270113
-0.34194482873127113,0.4090478627513888,0.3067195719454433,NA
-0.7623177399895912,-1.0791695086107478,0.1719069860531913,NA
0.45093909582934133,-0.12295587243256151,0.6483263024027319,NA
-0.9069395971744215,-0.3013620817996533,0.1379417588322788,-0.3013620817996533
-0.711146843769387,-0.11877636326096547,0.18541770451711498,NA
0.24712300030722137,-0.3478246842295165,0.560901463364776,NA
-0.5187248615521237,-0.07089247501953067,0.24347805045919338,-0.07089247501953067
0.08488380046639782,-1.2794180674724713,0.48819990170636285,-1.2794180674724713
-1.1363920287677047,-0.931923850161757,0.09573784380584538,-0.931923850161757
-0.63601172732848,-1.0919265791221904,0.20671834686359383,NA
0.982113113553222,0.22114713821294318,0.8274702692476033,NA
-0.13714521291134968,0.3041265309182269,0.3901072589170388,NA
0.8250942074202948,1.7530326276629769,0.7833284672063022,NA
-1.0381456120744175,-0.33173569633484573,0.11218021850590125,-0.33173569633484573
-0.9665100607980084,-0.2150762875871911,0.12567882841404782,-0.2150762875871911
-0.0751592658699521,-0.5647275030793312,0.4169548515763477,NA
0.8732998275438402,1.121428097375238,0.7976933588386559,NA
-0.8686044153168208,-0.05087580805039282,0.14635403696456029,NA
-0.5605267124555264,0.3106964453487277,0.22988722856827212,0.3106964453487277
0.8190564689967162,-0.5808557028603574,0.7814782291198891,NA
0.4946097433610619,0.08626789383234912,0.6660331123037033,NA
-0.20485093953323086,-0.5158746095577268,0.3615295319726331,NA
-0.11765071651045768,-1.4825112103549425,0.39848747525151157,NA
0.7312930185114261,0.41153621990880285,0.7533068577752375,0.41153621990880285
1.8250645248041126,0.4682932079496408,0.9562746085004642,NA
0.09208252953887108,-0.6374966087020627,0.4914379753293463,NA
0.5181936107668649,-0.010254712340562078,0.6754081218327802,-0.010254712340562078
0.14226324901918844,0.14223544140659994,0.5140147900531941,0.14223544140659994
0.49726088560338844,-0.6832066034619184,0.6670937327080315,NA
0.5804054410039402,0.7699972172537692,0.6994604291839581,0.7699972172537692
0.11294279890882485,-0.018322778392960037,0.5008242587622986,NA
0.3809029191061241,1.5160629777315502,0.6190753139333377,NA
0.5215629033028113,0.43114909343277386,0.6767362869351785,0.43114909343277386
1.3501626571958558,-0.7498542267729535,0.9029370220530292,NA
1.1443405633406367,0.8221449122981145,0.8652751518204488,NA
-1.6697273004871056,-1.3484599490289344,0.03895892960991593,-1.3484599490289344
-0.5948149760366346,-1.7960112196385043,0.21914310144905225,-1.7960112196385043
2.53108854107728,2.233700926845375,0.9873324020716986,NA
0.8335508804294148,0.1693750616733749,0.7859008787421562,NA
-1.852855439314776,-2.402288149863847,0.028328765037278558,-2.402288149863847
0.31340782449346644,0.46235436625959914,0.5900408095761899,NA
-0.21833260912610544,0.26719192282979914,0.3559471102831735,0.26719192282979914
1.4128611122836359,0.5016684226046084,0.9123882109332524,NA
-0.586602511509148,0.4766519438964265,0.22168316253304687,0.4766519438964265
-0.4054273438452371,-0.5484439864613528,0.282971537330104,-0.5484439864613528
1.5634975604509027,0.6073861407305041,0.9317759730124654,NA
-0.6581054287178587,-0.018987413691554267,0.20027287378369685,-0.018987413691554267
-0.5395793253141187,0.10642112753886673,0.23663041840954932,0.10642112753886673
-1.1012818435915255,1.1967392717181833,0.10135058707643912,NA
-0.9236171821138899,-1.041484288727252,0.13441065123162435,-1.041484288727252
-1.316839433087817,-0.6235716144478576,0.07107376976317456,-0.6235716144478576
0.446418377254058,0.6850625749561029,0.6464687733896549,NA
-0.47943313589266984,-1.2720332297188484,0.25674045262608136,-1.2720332297188484
1.0340351739501177,-0.9127301294111653,0.8404075149262181,NA
-0.4104828438086175,-0.6545928152014067,0.2811288318947738,-0.6545928152014067
0.0416779244315728,1.9255316193183027,0.468795672886023,NA
-0.7307756777139862,-0.8657157316006164,0.18014045011897858,-0.8657157316006164
0.45833780503685967,0.35329400067453354,0.6513566925400275,NA
1.581382559014672,1.7376621367159113,0.9337942375440578,NA
0.27497432239239467,0.28754342909034736,0.5732084655081715,NA
0.7957412413272756,1.184613417035579,0.774226858738368,NA
-0.04408825539866397,-0.5495802948597684,0.43061096714633584,NA
0.0014455777162964926,0.43505610681658785,0.4508101338440779,0.43505610681658785
-0.8045876804257975,-1.4706020199763081,0.16134454857480207,NA
-0.9561255353140904,0.11846382608358974,0.12774720173268342,NA
-1.5913848784181372,-1.6724805567106478,0.04459588656346952,-1.6724805567106478
-0.9214515933235171,-0.10207543941335734,0.1348648154216445,-0.10207543941335734
0.6196807096535459,0.8829288872780587,0.7141090581681702,NA
0.521938656238311,-0.06199165299301601,0.6768842316247524,NA
